Using pre-set license
Built from '2022.3/staging' branch; Version is '2022.3.59f1 (630718f645a5) revision 6489880'; Using compiler version '192829333'; Build Type 'Release'
OS: 'Windows 11  (10.0.26200) 64bit Core' Language: 'ja' Physical Memory: 15638 MB
BatchMode: 1, IsHumanControllingUs: 0, StartBugReporterOnCrash: 0, Is64bit: 1, IsPro: 1

COMMAND LINE ARGUMENTS:
C:\Program Files\Unity\Hub\Editor\2022.3.59f1\Editor\Unity.exe
-adb2
-batchMode
-noUpm
-name
AssetImportWorker1
-projectPath
C:/Users/arcsa/Unity/PECO
-logFile
Logs/AssetImportWorker1.log
-srvPort
55031
Successfully changed project path to: C:/Users/arcsa/Unity/PECO
C:/Users/arcsa/Unity/PECO
[UnityMemory] Configuration Parameters - Can be set up in boot.config
    "memorysetup-bucket-allocator-granularity=16"
    "memorysetup-bucket-allocator-bucket-count=8"
    "memorysetup-bucket-allocator-block-size=33554432"
    "memorysetup-bucket-allocator-block-count=8"
    "memorysetup-main-allocator-block-size=16777216"
    "memorysetup-thread-allocator-block-size=16777216"
    "memorysetup-gfx-main-allocator-block-size=16777216"
    "memorysetup-gfx-thread-allocator-block-size=16777216"
    "memorysetup-cache-allocator-block-size=4194304"
    "memorysetup-typetree-allocator-block-size=2097152"
    "memorysetup-profiler-bucket-allocator-granularity=16"
    "memorysetup-profiler-bucket-allocator-bucket-count=8"
    "memorysetup-profiler-bucket-allocator-block-size=33554432"
    "memorysetup-profiler-bucket-allocator-block-count=8"
    "memorysetup-profiler-allocator-block-size=16777216"
    "memorysetup-profiler-editor-allocator-block-size=1048576"
    "memorysetup-temp-allocator-size-main=16777216"
    "memorysetup-job-temp-allocator-block-size=2097152"
    "memorysetup-job-temp-allocator-block-size-background=1048576"
    "memorysetup-job-temp-allocator-reduction-small-platforms=262144"
    "memorysetup-allocator-temp-initial-block-size-main=262144"
    "memorysetup-allocator-temp-initial-block-size-worker=262144"
    "memorysetup-temp-allocator-size-background-worker=32768"
    "memorysetup-temp-allocator-size-job-worker=262144"
    "memorysetup-temp-allocator-size-preload-manager=33554432"
    "memorysetup-temp-allocator-size-nav-mesh-worker=65536"
    "memorysetup-temp-allocator-size-audio-worker=65536"
    "memorysetup-temp-allocator-size-cloud-worker=32768"
    "memorysetup-temp-allocator-size-gi-baking-worker=262144"
    "memorysetup-temp-allocator-size-gfx=262144"
Player connection [20300]  Target information:

Player connection [20300]  * "[IP] 192.168.13.50 [Port] 0 [Flags] 2 [Guid] 2245131188 [EditorId] 2245131188 [Version] 1048832 [Id] WindowsEditor(7,tawawa) [Debug] 1 [PackageName] WindowsEditor [ProjectName] Editor" 

Player connection [20300]  * "[IP] 172.23.80.1 [Port] 0 [Flags] 2 [Guid] 2245131188 [EditorId] 2245131188 [Version] 1048832 [Id] WindowsEditor(7,tawawa) [Debug] 1 [PackageName] WindowsEditor [ProjectName] Editor" 

Player connection [20300] Host joined multi-casting on [225.0.0.222:54997]...
Player connection [20300] Host joined alternative multi-casting on [225.0.0.222:34997]...
Input System module state changed to: Initialized.
[PhysX] Initialized MultithreadedTaskDispatcher with 12 workers.
Refreshing native plugins compatible for Editor in 325.51 ms, found 3 plugins.
Preloading 0 native plugins for Editor in 0.00 ms.
Initialize engine version: 2022.3.59f1 (630718f645a5)
[Subsystems] Discovering subsystems at path C:/Program Files/Unity/Hub/Editor/2022.3.59f1/Editor/Data/Resources/UnitySubsystems
[Subsystems] Discovering subsystems at path C:/Users/arcsa/Unity/PECO/Assets
GfxDevice: creating device client; threaded=0; jobified=0
Direct3D:
    Version:  Direct3D 11.0 [level 11.1]
    Renderer: AMD Radeon TM Graphics (ID=0x1900)
    Vendor:   ATI
    VRAM:     7819 MB
    Driver:   32.0.13040.13004
Initialize mono
Mono path[0] = 'C:/Program Files/Unity/Hub/Editor/2022.3.59f1/Editor/Data/Managed'
Mono path[1] = 'C:/Program Files/Unity/Hub/Editor/2022.3.59f1/Editor/Data/MonoBleedingEdge/lib/mono/unityjit-win32'
Mono config path = 'C:/Program Files/Unity/Hub/Editor/2022.3.59f1/Editor/Data/MonoBleedingEdge/etc'
Using monoOptions --debugger-agent=transport=dt_socket,embedding=1,server=y,suspend=n,address=127.0.0.1:56048
Begin MonoManager ReloadAssembly
Registering precompiled unity dll's ...
Register platform support module: C:/Program Files/Unity/Hub/Editor/2022.3.59f1/Editor/Data/PlaybackEngines/WindowsStandaloneSupport/UnityEditor.WindowsStandalone.Extensions.dll
Registered in 0.010390 seconds.
- Loaded All Assemblies, in  2.632 seconds
Native extension for WindowsStandalone target not found
Mono: successfully reloaded assembly
- Finished resetting the current domain, in  0.524 seconds
Domain Reload Profiling: 3154ms
	BeginReloadAssembly (198ms)
		ExecutionOrderSort (0ms)
		DisableScriptedObjects (0ms)
		BackupInstance (0ms)
		ReleaseScriptingObjects (0ms)
		CreateAndSetChildDomain (1ms)
	RebuildCommonClasses (725ms)
	RebuildNativeTypeToScriptingClass (18ms)
	initialDomainReloadingComplete (96ms)
	LoadAllAssembliesAndSetupDomain (1591ms)
		LoadAssemblies (194ms)
		RebuildTransferFunctionScriptingTraits (0ms)
		AnalyzeDomain (1588ms)
			TypeCache.Refresh (1585ms)
				TypeCache.ScanAssembly (756ms)
			ScanForSourceGeneratedMonoScriptInfo (1ms)
			ResolveRequiredComponents (1ms)
	FinalizeReload (525ms)
		ReleaseScriptCaches (0ms)
		RebuildScriptCaches (0ms)
		SetupLoadedEditorAssemblies (437ms)
			LogAssemblyErrors (0ms)
			InitializePlatformSupportModulesInManaged (16ms)
			SetLoadedEditorAssemblies (14ms)
			RefreshPlugins (0ms)
			BeforeProcessingInitializeOnLoad (4ms)
			ProcessInitializeOnLoadAttributes (295ms)
			ProcessInitializeOnLoadMethodAttributes (108ms)
			AfterProcessingInitializeOnLoad (0ms)
			EditorAssembliesLoaded (0ms)
		ExecutionOrderSort2 (0ms)
		AwakeInstancesAfterBackupRestoration (0ms)
========================================================================
Worker process is ready to serve import requests
Caller must complete domain reload
Begin MonoManager ReloadAssembly
- Loaded All Assemblies, in  5.006 seconds
Native extension for WindowsStandalone target not found
Mono: successfully reloaded assembly
- Finished resetting the current domain, in  1.422 seconds
Domain Reload Profiling: 6424ms
	BeginReloadAssembly (251ms)
		ExecutionOrderSort (0ms)
		DisableScriptedObjects (8ms)
		BackupInstance (0ms)
		ReleaseScriptingObjects (0ms)
		CreateAndSetChildDomain (43ms)
	RebuildCommonClasses (63ms)
	RebuildNativeTypeToScriptingClass (22ms)
	initialDomainReloadingComplete (74ms)
	LoadAllAssembliesAndSetupDomain (4592ms)
		LoadAssemblies (4043ms)
		RebuildTransferFunctionScriptingTraits (0ms)
		AnalyzeDomain (689ms)
			TypeCache.Refresh (614ms)
				TypeCache.ScanAssembly (399ms)
			ScanForSourceGeneratedMonoScriptInfo (49ms)
			ResolveRequiredComponents (23ms)
	FinalizeReload (1423ms)
		ReleaseScriptCaches (0ms)
		RebuildScriptCaches (0ms)
		SetupLoadedEditorAssemblies (1134ms)
			LogAssemblyErrors (0ms)
			InitializePlatformSupportModulesInManaged (10ms)
			SetLoadedEditorAssemblies (7ms)
			RefreshPlugins (0ms)
			BeforeProcessingInitializeOnLoad (164ms)
			ProcessInitializeOnLoadAttributes (766ms)
			ProcessInitializeOnLoadMethodAttributes (177ms)
			AfterProcessingInitializeOnLoad (8ms)
			EditorAssembliesLoaded (0ms)
		ExecutionOrderSort2 (0ms)
		AwakeInstancesAfterBackupRestoration (12ms)
Launched and connected shader compiler UnityShaderCompiler.exe after 0.08 seconds
Refreshing native plugins compatible for Editor in 13.28 ms, found 3 plugins.
Preloading 0 native plugins for Editor in 0.00 ms.
Unloading 5954 Unused Serialized files (Serialized files now loaded: 0)
Unloading 85 unused Assets / (10.2 MB). Loaded Objects now: 6402.
Memory consumption went from 328.3 MB to 318.2 MB.
Total: 13.372800 ms (FindLiveObjects: 1.003800 ms CreateObjectMapping: 0.321200 ms MarkObjects: 6.029400 ms  DeleteObjects: 6.017000 ms)

AssetImportParameters requested are different than current active one (requested -> active):
  custom:container-demuxer-ogg: 62fdf1f143b41e24485cea50d1cbac27 -> 
  custom:video-codec-MediaFoundation-h265: 746d11721c4dcdbdad8f713fa42b33f4 -> 
  custom:video-decoder-ogg-theora: a1e56fd34408186e4bbccfd4996cb3dc -> 
  custom:framework-win-MediaFoundation: 216162199b28c13a410421893ffa2e32 -> 
  custom:CustomObjectIndexerAttribute: 72b91833f83ae208fae7752999fa3104 -> 
  custom:container-demuxer-webm: 4f35f7cbe854078d1ac9338744f61a02 -> 
  custom:container-muxer-webm: aa71ff27fc2769a1b78a27578f13a17b -> 
  custom:video-decoder-webm-vp8: 9c59270c3fd7afecdb556c50c9e8de78 -> 
  custom:SearchIndexIgnoredProperties: e643bd26f0fe6173181afceb89e7c659 -> 
  custom:AudioImporter_EditorPlatform: d09bf68614088b80899f8185d706f6e7 -> 
  custom:video-encoder-webm-vp8: eb34c28f22e8b96e1ab97ce403110664 -> 
  custom:audio-decoder-ogg-vorbis: bf7c407c2cedff20999df2af8eb42d56 -> 
  custom:audio-encoder-webm-vorbis: bf7c407c2cedff20999df2af8eb42d56 -> 
========================================================================
Received Prepare
Caller must complete domain reload
Begin MonoManager ReloadAssembly
- Loaded All Assemblies, in  6.577 seconds
Native extension for WindowsStandalone target not found
Mono: successfully reloaded assembly
- Finished resetting the current domain, in 40.768 seconds
Domain Reload Profiling: 47340ms
	BeginReloadAssembly (1180ms)
		ExecutionOrderSort (0ms)
		DisableScriptedObjects (56ms)
		BackupInstance (0ms)
		ReleaseScriptingObjects (2ms)
		CreateAndSetChildDomain (618ms)
	RebuildCommonClasses (56ms)
	RebuildNativeTypeToScriptingClass (22ms)
	initialDomainReloadingComplete (76ms)
	LoadAllAssembliesAndSetupDomain (5237ms)
		LoadAssemblies (5203ms)
		RebuildTransferFunctionScriptingTraits (0ms)
		AnalyzeDomain (248ms)
			TypeCache.Refresh (104ms)
				TypeCache.ScanAssembly (15ms)
			ScanForSourceGeneratedMonoScriptInfo (103ms)
			ResolveRequiredComponents (38ms)
	FinalizeReload (40769ms)
		ReleaseScriptCaches (0ms)
		RebuildScriptCaches (0ms)
		SetupLoadedEditorAssemblies (930ms)
			LogAssemblyErrors (0ms)
			InitializePlatformSupportModulesInManaged (15ms)
			SetLoadedEditorAssemblies (9ms)
			RefreshPlugins (0ms)
			BeforeProcessingInitializeOnLoad (162ms)
			ProcessInitializeOnLoadAttributes (607ms)
			ProcessInitializeOnLoadMethodAttributes (126ms)
			AfterProcessingInitializeOnLoad (11ms)
			EditorAssembliesLoaded (1ms)
		ExecutionOrderSort2 (0ms)
		AwakeInstancesAfterBackupRestoration (10ms)
Refreshing native plugins compatible for Editor in 11.82 ms, found 3 plugins.
Preloading 0 native plugins for Editor in 0.00 ms.
Unloading 5831 Unused Serialized files (Serialized files now loaded: 0)
Unloading 65 unused Assets / (10.1 MB). Loaded Objects now: 6419.
Memory consumption went from 300.2 MB to 290.1 MB.
Total: 16.136900 ms (FindLiveObjects: 0.783200 ms CreateObjectMapping: 0.299000 ms MarkObjects: 8.926600 ms  DeleteObjects: 6.126300 ms)

Prepare: number of updated asset objects reloaded= 0
AssetImportParameters requested are different than current active one (requested -> active):
  custom:container-demuxer-ogg: 62fdf1f143b41e24485cea50d1cbac27 -> 
  custom:video-codec-MediaFoundation-h265: 746d11721c4dcdbdad8f713fa42b33f4 -> 
  custom:video-decoder-ogg-theora: a1e56fd34408186e4bbccfd4996cb3dc -> 
  custom:framework-win-MediaFoundation: 216162199b28c13a410421893ffa2e32 -> 
  custom:CustomObjectIndexerAttribute: 72b91833f83ae208fae7752999fa3104 -> 
  custom:container-demuxer-webm: 4f35f7cbe854078d1ac9338744f61a02 -> 
  custom:container-muxer-webm: aa71ff27fc2769a1b78a27578f13a17b -> 
  custom:video-decoder-webm-vp8: 9c59270c3fd7afecdb556c50c9e8de78 -> 
  custom:SearchIndexIgnoredProperties: e643bd26f0fe6173181afceb89e7c659 -> 
  custom:AudioImporter_EditorPlatform: d09bf68614088b80899f8185d706f6e7 -> 
  custom:video-encoder-webm-vp8: eb34c28f22e8b96e1ab97ce403110664 -> 
  custom:audio-decoder-ogg-vorbis: bf7c407c2cedff20999df2af8eb42d56 -> 
  custom:audio-encoder-webm-vorbis: bf7c407c2cedff20999df2af8eb42d56 -> 
========================================================================
Received Prepare
Caller must complete domain reload
Begin MonoManager ReloadAssembly
Symbol file LoadedFromMemory is not a mono symbol file
- Loaded All Assemblies, in  1.422 seconds
Native extension for WindowsStandalone target not found
Mono: successfully reloaded assembly
- Finished resetting the current domain, in 18.322 seconds
Domain Reload Profiling: 19738ms
	BeginReloadAssembly (249ms)
		ExecutionOrderSort (0ms)
		DisableScriptedObjects (6ms)
		BackupInstance (0ms)
		ReleaseScriptingObjects (0ms)
		CreateAndSetChildDomain (60ms)
	RebuildCommonClasses (58ms)
	RebuildNativeTypeToScriptingClass (14ms)
	initialDomainReloadingComplete (44ms)
	LoadAllAssembliesAndSetupDomain (1049ms)
		LoadAssemblies (862ms)
		RebuildTransferFunctionScriptingTraits (0ms)
		AnalyzeDomain (326ms)
			TypeCache.Refresh (264ms)
				TypeCache.ScanAssembly (218ms)
			ScanForSourceGeneratedMonoScriptInfo (44ms)
			ResolveRequiredComponents (15ms)
	FinalizeReload (18323ms)
		ReleaseScriptCaches (0ms)
		RebuildScriptCaches (0ms)
		SetupLoadedEditorAssemblies (940ms)
			LogAssemblyErrors (21ms)
			InitializePlatformSupportModulesInManaged (8ms)
			SetLoadedEditorAssemblies (7ms)
			RefreshPlugins (0ms)
			BeforeProcessingInitializeOnLoad (178ms)
			ProcessInitializeOnLoadAttributes (569ms)
			ProcessInitializeOnLoadMethodAttributes (148ms)
			AfterProcessingInitializeOnLoad (8ms)
			EditorAssembliesLoaded (0ms)
		ExecutionOrderSort2 (0ms)
		AwakeInstancesAfterBackupRestoration (10ms)
Refreshing native plugins compatible for Editor in 7.72 ms, found 3 plugins.
Preloading 0 native plugins for Editor in 0.00 ms.
Unloading 6342 Unused Serialized files (Serialized files now loaded: 0)
Unloading 72 unused Assets / (10.1 MB). Loaded Objects now: 6941.
Memory consumption went from 320.6 MB to 310.5 MB.
Total: 10.894000 ms (FindLiveObjects: 0.792200 ms CreateObjectMapping: 0.322500 ms MarkObjects: 4.507600 ms  DeleteObjects: 5.270000 ms)

Prepare: number of updated asset objects reloaded= 0
AssetImportParameters requested are different than current active one (requested -> active):
  custom:scripting/monoscript/fileName/Common.cs: c99d37a639876d15830bc1b4d2b2c424 -> 6ffc11e45ee8ab7a7d4178988978e63b
  custom:scripting/monoscript/fileName/uint3x3.gen.cs: 46f89d8a7f81b6035a7e26991fbc72e8 -> b354ea0e62ee3ca695eba400f73bf8a2
  custom:scripting/monoscript/fileName/Deprecated.cs: 180098a5fc2065d0380e32e2b952eebe -> c490571978d72951839b06a2825608d2
  custom:scripting/monoscript/fileName/BurstDisassembler.Core.Wasm.info.cs: 924d9993bb4f5055a61b0166f627d3c3 -> b15d06942db1ac71042be253eef84e7f
  custom:scripting/monoscript/fileName/DependencyTreeExceptions.cs: 8d717c8797566529cf594f9aab3c0409 -> 
  custom:scripting/monoscript/fileName/IDiagnosticsComponentProvider.cs: dbeac349f8c5591a0ab13c5e6354061e -> 
  custom:scripting/monoscript/fileName/Factories.Gen.cs: c9550e2a227c017a16a3e473be870754 -> 
  custom:scripting/monoscript/fileName/CloudProjectId.cs: 61b53512fd04ee0daa00dda45457438b -> 
  custom:scripting/monoscript/fileName/FixedList.gen.cs: 61852e4544d489e0d5903eb98b98e308 -> 
  custom:scripting/monoscript/fileName/IServiceRegistry.cs: 27b0be3a7d5fbabc2f8cff0f28316b4a -> 
  custom:scripting/monoscript/fileName/JobsILPostProcessor.cs: 3f303034a10abbfb33aebc2c253ab939 -> 
  custom:scripting/monoscript/fileName/SerializableProjectConfiguration.cs: 8d2aa3b56842beb1ee3e05f5a4e2f3c4 -> 
  custom:scripting/monoscript/fileName/BurstInspectorGUI.cs: bb274962adeb3b63c0ef4f58eeb3acfe -> 3b3371d5330c1720f59a915caa210691
  custom:scripting/monoscript/fileName/affine_transform.cs: ea7249476585feff13aa54bd2ccb69b0 -> 
  custom:scripting/monoscript/fileName/Aliasing.cs: 68567cebb1d169ce4f21a31c20f47d47 -> fa54b7e36cebab64c6f4b438ce5bbbb0
  custom:scripting/monoscript/fileName/uint4x4.gen.cs: 4b02c6eee0f00ce1a388bc44dd5ccc7c -> 7732c53bd697b7eb03dd735297da0fc1
  custom:scripting/monoscript/fileName/IServiceComponent.cs: 56d2b4986149318278267c2a2e499b7e -> 
  custom:container-demuxer-ogg: 62fdf1f143b41e24485cea50d1cbac27 -> 
  custom:scripting/monoscript/fileName/CommonErrorCodes.cs: 75f302fd69f29841b35f2306c97082ed -> 
  custom:scripting/monoscript/fileName/v64.cs: b639be1f4e5230c67c23ecfceaa8a8e2 -> 73e2a46ccd31f5cae0a785e2a9658313
  custom:scripting/monoscript/fileName/IChannelTokenProvider.cs: d41d74d962184eab5928b0b3bdda1ee9 -> 
  custom:scripting/monoscript/fileName/EditorGameServiceRegistry.cs: 0265fd85a62bd33c32f256257ebc576f -> 
  custom:scripting/monoscript/fileName/BurstDisassembler.Core.x86.cs: 924d9993bb4f5055a61b0166f627d3c3 -> b15d06942db1ac71042be253eef84e7f
  custom:scripting/monoscript/fileName/ProgressBar.Gen.cs: 09dcf9975c3de3bc94763c35db49d364 -> 
  custom:scripting/monoscript/fileName/ResponseHandler.cs: d3309722a6b35e47fbfcd01d3512a138 -> 
  custom:scripting/monoscript/fileName/LockedServiceRegistry.cs: ea77a1a45ffb4a9bcd250cb8233d16f9 -> 
  custom:scripting/monoscript/fileName/BurstDisassembler.Core.LLVMIR.cs: 924d9993bb4f5055a61b0166f627d3c3 -> b15d06942db1ac71042be253eef84e7f
  custom:scripting/monoscript/fileName/CoreLogger.cs: 1639b74467b5a585128e7c7cefe73635 -> 
  custom:scripting/monoscript/fileName/ExternalUserIdProperty.cs: e9524414c13dc2d0db279d48f3b164ab -> 
  custom:scripting/monoscript/fileName/DisabledMetrics.cs: bbb9bc05cfe10f1818b0676306a0b1b1 -> 
  custom:scripting/monoscript/fileName/SimdDebugViews.cs: 2a56730788f7babcb1e54d28fd040417 -> ee065a215655effb5244eeef3e220fd7
  custom:scripting/monoscript/fileName/VisibilityPropertyDrawer.cs: 70b7b4d25eb9ea5fda3178a1b5e85242 -> 
  custom:scripting/monoscript/fileName/DisabledMetricsFactory.cs: 358d9e7c090aa1eaa30e6a5f02610459 -> 
  custom:scripting/monoscript/fileName/SettingsCommonHeaderUiHelper.cs: 394582b395d6aebbb1e6e49abf6a1645 -> 
  custom:scripting/monoscript/fileName/IEditorAnalyticsEventRegistrant.cs: c4a0f7089b5b21ceafb7834c915d762f -> 
  custom:scripting/monoscript/fileName/BurstDisassembler.Core.ARM64.cs: 924d9993bb4f5055a61b0166f627d3c3 -> b15d06942db1ac71042be253eef84e7f
  custom:scripting/monoscript/fileName/IJsonSerializer.cs: 952e0b7cbb25051b8e0e85eda2a653c8 -> 
  custom:scripting/precompiled-assembly-types:Unity.Services.Core.Internal: c96c928c37d481d9497b4d4112bb56c7 -> 
  custom:scripting/monoscript/fileName/HttpClientResponse.cs: 9313baa475ddca44cec07c4995e4adab -> 
  custom:scripting/monoscript/fileName/XmlLinkedEvent.cs: efe4e7e159b94963c650fb293df0f9ff -> 
  custom:scripting/precompiled-assembly-types:Unity.Burst.Editor: 9700c786cdfeaf9f4017c0c1ac262b4c -> 1bb453082d9d949b60d566d3187c97d1
  custom:scripting/monoscript/fileName/AsyncOpRetry.cs: 7d4b426ab21943de744ee7f413070273 -> 
  custom:scripting/monoscript/fileName/Bmi1.cs: 869deae3083ccfe6b60b2585f9e67560 -> 790f25d56fba1e7a48c0a0766c0ad6a6
  custom:scripting/monoscript/fileName/IUserRoleRequest.cs: ccc5b229323b6e9c080254df6d4b51cb -> 
  custom:scripting/monoscript/fileName/DependencyTreeExtensions.cs: 63e3c71f0d430a351e6159f69f0a0682 -> 
  custom:scripting/monoscript/fileName/UnityThreadUtils.cs: 6f10d79f183f36877232e308ffa4d195 -> 
  custom:scripting/monoscript/fileName/Notifications.Gen.cs: 0b77852ac67d3ab84f489a2ddbdf8168 -> 
  custom:scripting/precompiled-assembly-types:Unity.Services.Core.Components: b1235f9078edc76fe980fa236b46b6b1 -> 
  custom:scripting/monoscript/fileName/EnvironmentsApi.cs: d5d1f45bf03abd7dd2f469acfd3b5bcb -> 
  custom:scripting/monoscript/fileName/BurstDisassembler.Core.cs: b3b080d760b6a18b7cf0870b47190ba9 -> e5f812d5efcd2a5c78433604ae4d6b38
  custom:scripting/monoscript/fileName/EnvironmentsOptionsExtensions.cs: 1e2776231b4e06a0e9b293a3623d643e -> 
  custom:scripting/monoscript/fileName/IServerEnvironmentId.cs: fff64b157cd649d3d948016718fba14e -> 
  custom:scripting/monoscript/fileName/ProjectStateRequest.cs: 6ba5b48af1466d2a4dbb6e908352d7c6 -> 
  custom:scripting/monoscript/fileName/ProjectBindRedirectPopupWindow.cs: 03988f1b5263bdfb55c00f001c224465 -> 
  custom:scripting/monoscript/fileName/bool4.gen.cs: 89d5db5b25176f8ce2b31291a8fcf567 -> ca7c0171e1585aef1c2900b66db0977a
  custom:scripting/monoscript/fileName/IEnvironmentSaveSystem.cs: 8319bf770542e6764e5512ea06d2b015 -> 
  custom:scripting/monoscript/fileName/OrganizationProvider.cs: f2089b4351294d4815b134a51aba3d17 -> 
  custom:scripting/monoscript/fileName/UnsafeUtilityEx.cs: 51fdf80e1733ea661389b0969168e4eb -> 
  custom:scripting/monoscript/fileName/BaseApiClient.cs: 8db05afd887e7e24cdb4782d155e924b -> 
  custom:scripting/monoscript/fileName/TypeAlreadyRegisteredException.Gen.cs: f78f490406edcce398401642789c4f0d -> 
  custom:scripting/monoscript/fileName/IAsyncOperationAwaiter.cs: 4e390262389eabe5476a62852a905252 -> 
  custom:scripting/monoscript/fileName/ProjectStateHelper.cs: a377430869822a008fcaab13302eb7b2 -> 
  custom:scripting/monoscript/fileName/UnityGetUserGuestProjects200Response.cs: 101aa8e271472b02f3ae37c6ca9da3cb -> 
  custom:scripting/monoscript/fileName/BurstLoader.cs: 36ef27b2f68a2283d382cc41e77edbfa -> ff77f8ae1ba38c1e7af1923752743ddf
  custom:scripting/monoscript/fileName/float4x3.gen.cs: 5e75d4a49b27c7bfdc5d24ca328726c6 -> 82da2e74a1c9948cc673acd7425c23e5
  custom:scripting/monoscript/fileName/float3x4.gen.cs: e028949e7cd389a54d6b8ef7c0e4a804 -> f425eda36f0a9a6a9785ce693ab31c65
  custom:scripting/monoscript/fileName/math_unity_conversion.cs: a14c20536b1fc0611d8629220aec8be2 -> 717272b42fdbca1935830b3071b2da3c
  custom:scripting/monoscript/fileName/UnityWebRequestClient.cs: 171ccf79c76240837e46a8b79f973b6e -> 
  custom:framework-win-MediaFoundation: 216162199b28c13a410421893ffa2e32 -> 
  custom:scripting/monoscript/fileName/AbstractRuntimeServices.Gen.cs: 90647cc400823b41df847a6cbfc29026 -> 
  custom:scripting/monoscript/fileName/EnvironmentInfo.cs: 78a754ae7b45de5c0f5a2d3aef9c92f6 -> 
  custom:scripting/monoscript/fileName/MemoryConfigurationLoader.cs: e1621a8e05504bfbe89a438b0282bf97 -> 
  custom:scripting/precompiled-assembly-types:Unity.Collections.DocCodeSamples: 03aa084d3d803b6434d3a19bd4efa989 -> 
  custom:scripting/monoscript/fileName/NoAliasAttribute.cs: f143c4ee756cdb81705ae157ea796156 -> 47e40919f04b49dc8701e6216f1351d4
  custom:scripting/monoscript/fileName/UnsafeParallelHashSetExtensions.gen.cs: 08ce05b79144f37e3fa725c81fe15267 -> 
  custom:scripting/monoscript/fileName/UTF8ArrayUnsafeUtility.cs: 98dd75294b6f494d8648143302130ee6 -> 
  custom:scripting/monoscript/fileName/StagingTokenExchangeUrls.cs: 7ddebca8557e1d6e23849e5e07df2296 -> 
  custom:scripting/monoscript/fileName/DeserializationSettings.cs: 1061b12039666d7d981cfe68ebb1982d -> 
  custom:scripting/monoscript/fileName/bool3x2.gen.cs: 7f2024bb8e107c3b85f93e6847f677c0 -> 6ad67e842e9f001f4905675e041c0394
  custom:scripting/monoscript/fileName/IProjectConfiguration.cs: 9794b060b4360e9cc39456a13bf716cc -> 
  custom:scripting/monoscript/fileName/EarlyInitHelpers.cs: 83f2ef803587502aa43a764bfaff3766 -> 
  custom:scripting/monoscript/fileName/IDiagnosticsFactory.cs: 8a3a37fd862b7581b4621716ed14b18e -> 
  custom:scripting/monoscript/fileName/half2.gen.cs: 7816131b273dfbe62c7a27c74161c262 -> a6f90a50ab057fcfbb93f80dff9467ec
  custom:scripting/monoscript/fileName/IServiceFlagRequest.cs: b3a0a6e65e5600f2006d43595e9e07b1 -> 
  custom:scripting/monoscript/fileName/FixedStringFormat.gen.cs: bee80dd64417b695a3ab4edd137d6566 -> 
  custom:scripting/monoscript/fileName/ConfigurationEntry.cs: c1ed8586c7c9df05d945744b24303784 -> 
  custom:scripting/monoscript/fileName/v128.cs: 117d41d4706f1df0b65a9e2453bf6a48 -> e021cba7e9c369437e29248cab7adb92
  custom:scripting/monoscript/fileName/FileSystem.cs: ab92d4d8629b2af54c3a35102bd12cc4 -> 
  custom:scripting/monoscript/fileName/XmlLinkedMember.cs: 83ebbc44b07d4de0b62121c7811a18b1 -> 
  custom:scripting/precompiled-assembly-types:Unity.Services.Core.Device: 63b48da9c583ff24a0dde69e3097501c -> 
  custom:scripting/monoscript/fileName/Unicode.cs: f97bf556b0d99c0ed9d5ebf00a173353 -> 
  custom:scripting/monoscript/fileName/SharedStatic.cs: 74550ff9370ca87319b80787c2203d8d -> f05c0e41a9966bdff75df2ec1c0154e3
  custom:scripting/monoscript/fileName/JsonWebToken.cs: 576840f242d675d41e4a3e0094ff62a5 -> 
  custom:scripting/monoscript/fileName/IEditorGameServiceIdentifier.cs: a0ceaf826ce6fd5a1bb279e1579a965f -> 
  custom:scripting/monoscript/fileName/OfflineUiHelper.cs: 74f5179e6468b11d72cd60998e0c725b -> 
  custom:scripting/monoscript/fileName/Sse3.cs: 869deae3083ccfe6b60b2585f9e67560 -> 790f25d56fba1e7a48c0a0766c0ad6a6
  custom:scripting/monoscript/fileName/noise3Dgrad.cs: 910f0614e94a5348f941ea0d56b2c568 -> 2eb29bf877494e27d7b8d68303a33727
  custom:scripting/monoscript/fileName/BurstDisassembler.Core.ARM64.info.cs: 924d9993bb4f5055a61b0166f627d3c3 -> b15d06942db1ac71042be253eef84e7f
  custom:scripting/monoscript/fileName/bool4x2.gen.cs: 586d6e84a82661c406c0747e29931ce1 -> 5e92d30f937bc7e4e4a07b2b81c06b27
  custom:scripting/monoscript/fileName/AsyncOperationAwaiter.cs: ddd9d932eca2ff6dc550c174a68fdc5b -> 
  custom:scripting/monoscript/fileName/Plane.cs: c32fcb4d635f10949ba9a2b53f7d21ec -> 69547098044c0683a5ff9d9b8674a0ba
  custom:scripting/monoscript/fileName/UnsafeAppendBuffer.cs: 5a9572fb3414d7d386993b9deda40896 -> 
  custom:scripting/monoscript/fileName/UnityServicesInitializer.cs: fa9a608355e48120534d684af5f04612 -> 
  custom:scripting/monoscript/fileName/ActionSchedulerCleaner.cs: 1750f9737ba65c8b5f441e824f90784f -> 
  custom:scripting/monoscript/fileName/MinMaxAABB.cs: 99b6b3f339a5e250751ae4f780607d7a -> 87e440667b74c17b186d7505988d93e6
  custom:scripting/monoscript/fileName/ProjectConfiguration.cs: b6a00bb7bd3df2a451321f73e7cb7141 -> 
  custom:scripting/monoscript/fileName/NativeParallelMultiHashMap.cs: 1e38321ac54bf0ebd0ddc433f96b1d0e -> 
  custom:scripting/monoscript/fileName/double2x2.gen.cs: 1175e86c851890dc199d0e88708ffccb -> 1b24b88380b01d73274245c8a3f891ca
  custom:scripting/monoscript/fileName/UnsafeBitArray.cs: be9a302f17ebba9c8bfe6d9fc79836b3 -> 
  custom:scripting/monoscript/fileName/v256.cs: cc278cab80741b277f80e482a2e6740b -> 47c636eb6f790c9afbde51106c5c5b53
  custom:scripting/monoscript/fileName/Sync.Gen.cs: ac834b133bcd24c6292144f8ec2fc479 -> 
  custom:scripting/monoscript/fileName/EnvironmentConfigProvider.cs: cadac2235852654a9596b0eac1628eac -> 
  custom:scripting/monoscript/fileName/Csr.cs: 869deae3083ccfe6b60b2585f9e67560 -> 790f25d56fba1e7a48c0a0766c0ad6a6
  custom:scripting/precompiled-assembly-types:Mono.Cecil.Rocks: d98f994105b32bbc8f98a0bab029ed34 -> 
  custom:scripting/monoscript/fileName/NewtonsoftSerializer.cs: 455e87e74f7c4ce7bdb201550b0ccccf -> 
  custom:scripting/monoscript/fileName/AccessTokenErrorUiHelper.cs: 398831acfad9119e6105671c7f2d98b3 -> 
  custom:scripting/monoscript/fileName/ServiceUrlBuilder.cs: 75f301a24c4e4d38116d1a1c11631963 -> 
  custom:scripting/monoscript/fileName/LockedPackageRegistry.cs: 99e3472ea654b46f01a9dea3a90719dd -> 
  custom:scripting/monoscript/fileName/HttpResponse.cs: fe56c84be580f48ba5f6047136e2cf67 -> 
  custom:scripting/monoscript/fileName/ProjectConfigurationBuildInjectorWithPlayerProcessor.cs: bfe4c2bc0cd0ee036e60e1bfa30dda8a -> 
  custom:scripting/monoscript/fileName/GenericContext.cs: 382a922cd4d3f0ca6cf18c02fb0e5430 -> 91513e0bd2facda2d12405e8de8d8a9b
  custom:scripting/monoscript/fileName/IServiceUrlBuilder.cs: 13be638527219a0b32af6fd5c7433f19 -> 
  custom:scripting/monoscript/fileName/classicnoise4D.cs: 910f0614e94a5348f941ea0d56b2c568 -> 2eb29bf877494e27d7b8d68303a33727
  custom:scripting/monoscript/fileName/int4x3.gen.cs: 67f76716aed15a7705ce52ae92c6a128 -> 8504016f71ab8b36158b7cb8a5461a8b
  custom:scripting/monoscript/fileName/IEnvironmentAnalytics.cs: c2ab3518cf2897a2ac4cf87258f13731 -> 
  custom:scripting/monoscript/fileName/classicnoise2D.cs: 910f0614e94a5348f941ea0d56b2c568 -> 2eb29bf877494e27d7b8d68303a33727
  custom:scripting/monoscript/fileName/NEON_AArch64.cs: 27dfd32aeb3aec362855d6a15ae66a4f -> 68ba95faf7f0f0403852fb6af2a2f956
  custom:scripting/precompiled-assembly-types:Unity.Collections.BurstCompatibilityGen: d26056d813c945132a21ff9f8750c98e -> 
  custom:scripting/precompiled-assembly-types:Unity.RenderPipelines.Core.Editor: bb05a4b341bab765164189ba57a3b64d -> f8860ff5929cb85b004a64116af8e0c7
  custom:scripting/monoscript/fileName/JobReflectionDataPostProcessor.cs: e1f319111c11d6198fa53d79b59ba6d0 -> 
  custom:scripting/monoscript/fileName/Hint.cs: 73569c0368c38045b2f569420e45a0a1 -> 35c736c413c7f058326ce656dfcde31e
  custom:scripting/monoscript/fileName/BurstRuntime.cs: da2dbf1247f62950b565aeade2339490 -> dd1cc6bb42ddae27b5305860068dfb8c
  custom:scripting/monoscript/fileName/MinimumBinaryHeap.cs: 58e2f67451a6dd12649c5819616167df -> 
  custom:scripting/monoscript/fileName/xxHash3.AVX2.cs: bbc99b1bfd2f994ebd53a189bfb34bc9 -> 
  custom:scripting/monoscript/fileName/ModelBinding.Gen.cs: 90647cc400823b41df847a6cbfc29026 -> 
  custom:scripting/monoscript/fileName/matrix.gen.cs: 1fc7e9a9978c6bc6327a2ef3562b3b82 -> 8040951fec6b586df3a34908a47f7536
  custom:scripting/monoscript/fileName/DependencyNotFoundException.Gen.cs: b85b8fa51199029c7dffa67f92fbcb8c -> 
  custom:scripting/monoscript/fileName/IInitializablePackageV2.cs: aa06fccc5712784ca17e5e7b41810911 -> 
  custom:scripting/monoscript/fileName/PostNormalizedVectorDrawer.cs: bcc5a130e288cb1ea7e6214244bd90aa -> 1e9cc5a1d5ea64a4691d9edff2f31467
  custom:scripting/monoscript/fileName/UnsafeStream.cs: 256399a9cf220f56a541766f1fe0b55f -> 
  custom:scripting/monoscript/fileName/int2x4.gen.cs: 19df88eae659245962107924a4f8beb4 -> 5edaa4c8e18b723d836f4e66d7a2ad24
  custom:scripting/monoscript/fileName/AdminApiHeaders.Gen.cs: 90647cc400823b41df847a6cbfc29026 -> 
  custom:scripting/monoscript/fileName/UnityThreadUtilsInternal.cs: db907031b91c05c00109dd0308888529 -> 
  custom:scripting/monoscript/fileName/double2.gen.cs: 6d6f846a6947f4edc6c86aae983cab7a -> 9fcc709faf542a3c28101e289489d3c3
  custom:scripting/monoscript/fileName/HttpClient.cs: 6f589aa53e23fc30613c9de6ca38fe21 -> 
  custom:scripting/monoscript/fileName/bool2x2.gen.cs: 9f5ba9e667296230e5a7dd8098d86f1e -> 4649c574bdda23c59b5d49d1b662bc61
  custom:scripting/monoscript/fileName/uint3x2.gen.cs: cb5adb59636d29fe64c2a59690629fe9 -> e9ed99b7eae876425b9236af5d545e3a
  custom:scripting/monoscript/fileName/UnityPatchProjectV1Request.cs: c6a39576d362d5719b8c0057b54f465b -> 
  custom:scripting/precompiled-assembly-types:Unity.Mathematics: b00366944e6a3b525e034d31ff80169e -> eda48956a0bece48f802264722748d9b
  custom:scripting/monoscript/fileName/ServicesCreationException.cs: 40142800771fcc1f5855193d741c129e -> 
  custom:scripting/monoscript/fileName/HeapString.gen.cs: 2f8bea3137363b1eadd89d8db8473288 -> 
  custom:scripting/monoscript/fileName/IEnvironmentFetcher.cs: 4324c744baa655843f8a2db18e322b79 -> 
  custom:scripting/monoscript/fileName/ITokenExchangeUrls.cs: f529e59149e9ccc31fc5b827b34c33db -> 
  custom:scripting/monoscript/fileName/UnsafeParallelHashSet.cs: 5e2ab9cfe81e04de31d18dbafae66b8c -> 
  custom:scripting/monoscript/fileName/uint3.gen.cs: 07250d494d70da63323c03829a109a7b -> 2439c557987b3f1dafd36143ddfb8c40
  custom:scripting/precompiled-assembly-types:Unity.Services.Core.Threading: ca5820d3037e7034a063518fa47775e2 -> 
  custom:scripting/monoscript/fileName/double4x4.gen.cs: c712f0479a2da80505c5f34004582140 -> d67599d4a9300cb241e4695cd70324ae
  custom:scripting/monoscript/fileName/ReadOnlyHttpRequest.cs: 8ed1e96527aeaf3049f26baaeff0902d -> 
  custom:scripting/monoscript/fileName/UnsafeParallelHashMap.cs: 8c2ef7a027d6725f567219b8c50f247e -> 
  custom:scripting/monoscript/fileName/BurstDisassembler.Core.Wasm.cs: 924d9993bb4f5055a61b0166f627d3c3 -> b15d06942db1ac71042be253eef84e7f
  custom:container-muxer-webm: aa71ff27fc2769a1b78a27578f13a17b -> 
  custom:scripting/monoscript/fileName/LabeledPopup.cs: aaac60160bcf5911cfd22427e122285e -> 87f082da9aa2abffd22a5b3019d4e188
  custom:scripting/monoscript/fileName/VisibilityAttribute.cs: 49e798b1c498546f09244503349891b2 -> 
  custom:scripting/monoscript/fileName/ActionScheduler.cs: 4b3a1bee28d6ab276113779464cd5e1f -> 
  custom:scripting/monoscript/fileName/BurstDisassembler.cs: 5af3bf689b9a2f927160aa1f9ee98cdd -> d51fb062bede2b9ca5d97ccc2e501c19
  custom:video-decoder-webm-vp8: 9c59270c3fd7afecdb556c50c9e8de78 -> 
  custom:scripting/monoscript/fileName/EnvironmentSettingsProvider.cs: 237263cbc2f115c0b90b2c3fc83a1110 -> 
  custom:scripting/monoscript/fileName/UnityUpdateOrganizationRequest.cs: c81a99780bba7daac8cc2c5dac469fe1 -> 
  custom:scripting/monoscript/fileName/float3.gen.cs: d2a3af208755cfe0205a5add4cbf782b -> 61e461104f30d07064c299c5ac2c9a3e
  custom:scripting/monoscript/fileName/BurstCompileTarget.cs: 47adecc05bc5bde9cd2b85670fa94f8b -> 5a1d233d747b0d562e7d5017bb80886e
  custom:scripting/precompiled-assembly-types:Unity.Services.Core.Editor: 2ce628c64b79eaab06a757513fdb9c3f -> 
  custom:scripting/monoscript/fileName/UnityAdsIdentifier.cs: 6666e4d931c1a681dcee861ce8dc56a2 -> 
  custom:scripting/monoscript/fileName/RetryPolicyConfig.cs: 533d36c1df5475ce177f07fcbfd5c545 -> 
  custom:scripting/monoscript/fileName/Constant.cs: 56e49c7e9d6abbdcb72cf45bc4184613 -> 9503cddf79e2a3fdeab51cc0257c4da1
  custom:scripting/monoscript/fileName/EnvironmentValidator.cs: 08b5a9dc48dd22c719e1975ef1db1683 -> 
  custom:scripting/monoscript/fileName/NEON_ctor.cs: 27dfd32aeb3aec362855d6a15ae66a4f -> 68ba95faf7f0f0403852fb6af2a2f956
  custom:scripting/monoscript/fileName/JobsMenu.cs: 2df7b5d475c31ebab4767437c73f47f4 -> 
  custom:scripting/monoscript/fileName/FixedStringFormatMethods.gen.cs: fcdca1abcdc2fd593bd0d11b27b9b2c5 -> 
  custom:scripting/monoscript/fileName/ProjectConfigurationBuilder.cs: 3a77bc00f860533701242ca98886ca86 -> 
  custom:scripting/monoscript/fileName/IAccessTokens.cs: 3e3094814f4dba04dfbc3053655e6598 -> 
  custom:scripting/monoscript/fileName/UserRoleRequestUiHelper.cs: a99a899edbebc06ce30ec51f79ff566a -> 
  custom:scripting/monoscript/fileName/int3x3.gen.cs: 8da9d8d1067461c55dbf4fa0f6b692cf -> dc1405f0f1704a2ec1efb4946b5d5f85
  custom:scripting/monoscript/fileName/UtcTimeProvider.cs: 34e00235b689057dfe7c5f53347158ea -> 
  custom:scripting/monoscript/fileName/int4x4.gen.cs: 0e76084ebee4c8312f336ff84d58a04c -> e1c5029dddb71a1513ebdf470db7528e
  custom:scripting/monoscript/fileName/RewindableAllocator.cs: ff203a8232e03cdb6b2db057c0882a0f -> 
  custom:SearchIndexIgnoredProperties: e643bd26f0fe6173181afceb89e7c659 -> 
  custom:scripting/monoscript/fileName/bool4x3.gen.cs: fe90c06e5cec5b26385f16e64919351e -> 3b9b4adbcec8eec926ee3ca5bd1a9e49
  custom:scripting/monoscript/fileName/SystemEnvironmentPathUtils.Gen.cs: 9f60a7d4b8edfd5e67c66c89eee984df -> 
  custom:AudioImporter_EditorPlatform: d09bf68614088b80899f8185d706f6e7 -> 
  custom:scripting/monoscript/fileName/EnvironmentsApiInternal.cs: ddda38a23193b92419a4176f3ffd04a7 -> 
  custom:scripting/monoscript/fileName/EditorGameServiceAnalyticData.cs: 0fc6f3bf04cc7c89fce9a2c7c7ab285b -> 
  custom:scripting/monoscript/fileName/ConstructorNotFoundException.Gen.cs: d5eeea08ebee99ae8f097d0f6c2b88b0 -> 
  custom:scripting/monoscript/fileName/EnvironmentServiceRegistry.cs: 87c6dee4ea55850e884c48687d120061 -> 
  custom:scripting/monoscript/fileName/AccessTokensSingleton.cs: ed21a5edcf5821a4e4c3f640d88a8890 -> 
  custom:scripting/monoscript/fileName/IoUtils.cs: 407719a7637f4a4931cf4ba6f0c431e9 -> 
  custom:scripting/monoscript/fileName/IgnoreWarningAttribute.cs: 0d7229169d4125415775d3108e0f5f3f -> 95b6772ff35299aa9927da5e6696b2f1
  custom:scripting/monoscript/fileName/FixedString.gen.cs: 546503330a4423d9e22205762e6dc907 -> 
  custom:scripting/monoscript/fileName/XmlLinkedMethod.cs: 0832a872e8f410f9dbd4e4797775d14c -> 
  custom:scripting/monoscript/fileName/uint4x3.gen.cs: 5c842eaf04659601d64e86e873d2dc4b -> b01c5cd7a56bd5c67682617427bf7881
  custom:scripting/monoscript/fileName/ITimeProvider.cs: ddd25bd8e3c8be311aae000881753524 -> 
  custom:scripting/monoscript/fileName/MissingComponent.cs: 6fcd30b84d1ca630662778f50cedadd3 -> 
  custom:scripting/monoscript/fileName/Responses.cs: cf8e91b141cc85b29c745e415fc1f688 -> 
  custom:scripting/monoscript/fileName/Transient.Gen.cs: fb508b42c100a2c07b866a44f9ab3ed0 -> 
  custom:scripting/monoscript/fileName/NativeList.cs: 3e39181d220491b697fd73718c9e6b89 -> 
  custom:scripting/monoscript/fileName/IInstallationId.cs: f04e3188def2f4af24969a3d446782a7 -> 
  custom:scripting/monoscript/fileName/BurstCompileAttribute.cs: d6b4f38d813b7cc3ab63dc8ec73aa58a -> f1834e5146c37c3c879fe10d3c8c9e49
  custom:scripting/monoscript/fileName/bool3.gen.cs: f73cc99fcfd3d7b311d94017869f72e0 -> 5af2629b3ff9dbb3bbfcc70064a35529
  custom:scripting/monoscript/fileName/uint4x2.gen.cs: e8b292c670996f99dc647f630b2d028d -> b7591412c0d582e5dffe67f85a90dd0a
  custom:scripting/precompiled-assembly-types:Mono.Cecil.Mdb: dfddc2d5e9570038a3ea8da067257c97 -> 
  custom:scripting/monoscript/fileName/float4.gen.cs: a5929fc9c81f37a217f61110104af506 -> b782c632ec38515e69077afe722e950b
  custom:scripting/monoscript/fileName/uint3x4.gen.cs: 810549df666bfc264109dae029c3ad17 -> 85b37160b72ca5d09aa390a0ed4ac5d3
  custom:scripting/monoscript/fileName/InitializationOptions.cs: a3b098c01b711d197eb5be831c1fe3cb -> 
  custom:scripting/monoscript/fileName/BurstCompatibleAttribute.cs: 5516bac227e59cc058e743022f755993 -> 
  custom:scripting/monoscript/fileName/ResponseDeserializationException.cs: ee4bcd8feef77e51dd56d7612403078e -> 
  custom:scripting/monoscript/fileName/IEnvironments.cs: c0584c08a0bd557b383eebd7f6ddb36a -> 
  custom:scripting/monoscript/fileName/UnsafeAtomicCounter.cs: 9e2f4dbe854338916842c8ff7fbe03de -> 
  custom:scripting/monoscript/fileName/DefaultApiRequests.cs: 0c40f474d191c79755786a315c4d3837 -> 
  custom:scripting/monoscript/fileName/FixedStringMethods.cs: fcdca1abcdc2fd593bd0d11b27b9b2c5 -> 
  custom:scripting/monoscript/fileName/PlatformSupportUiHelper.cs: c2fb091feeb92fc6d04201e72415cd6f -> 
  custom:scripting/monoscript/fileName/IConfigurationProvider.cs: af9003c2ff2e581cf6d2023a9420f4ca -> 
  custom:scripting/monoscript/fileName/IMetricsFactory.cs: fde5d2b8b6a1babbe7e5508a35a60c95 -> 
  custom:scripting/monoscript/fileName/ChannelToken.cs: 749f097d0aecdba9e5864aa66e7c548d -> 
  custom:scripting/monoscript/fileName/ProjectBindRedirectUiConstants.cs: 1d3bd9a52471c7a484b82396440177cc -> 
  custom:scripting/monoscript/fileName/UnsafeNotBurstCompatible.cs: 9920b2dcf54d07855dc87b05b9a22299 -> 
  custom:scripting/monoscript/fileName/HttpServiceConfig.cs: a19e8b39679e0da2413fb1719624f1f2 -> 
  custom:scripting/monoscript/fileName/EditorGameServiceFlagEnabler.cs: ed4b01161596daf6c007c5cb985797df -> 
  custom:scripting/monoscript/fileName/EditorValueTracker.Gen.cs: 90647cc400823b41df847a6cbfc29026 -> 
  custom:scripting/monoscript/fileName/ProjectConfigurationBuilderHelper.cs: f79e2dec68c2a8a55186a3fd4274546b -> 
  custom:scripting/monoscript/fileName/IUnityThreadUtils.cs: 09e8ec6b5955782b75f75b287fbd41f1 -> 
  custom:scripting/monoscript/fileName/Sse.cs: 869deae3083ccfe6b60b2585f9e67560 -> 790f25d56fba1e7a48c0a0766c0ad6a6
  custom:scripting/monoscript/fileName/IConfigurationLoader.cs: 2906069c8520611bdd1356369b0a29f4 -> 
  custom:scripting/monoscript/fileName/FixedStringInternalMethods.cs: fcdca1abcdc2fd593bd0d11b27b9b2c5 -> 
  custom:scripting/monoscript/fileName/UnityListProjects200Response.cs: 428e859b4396ae3112aa4ecacae32fbf -> 
  custom:scripting/monoscript/fileName/CorePackageInitializer.cs: 829d217bce271cb9c1fa63d564b476ec -> 
  custom:scripting/monoscript/fileName/uint2.gen.cs: 16c687047be4a3d9d18671b7f1514a8d -> f442e48493395c3c057fa324c1ed7700
  custom:scripting/monoscript/fileName/AssemblyResolver.cs: 5d80bf0419ced3ef86f9dc251f8f6957 -> d02bbd84bf24106c236ab13c6c3d719f
  custom:scripting/monoscript/fileName/EnvironmentNotFoundException.cs: 8f8ecf9219a7a93736afa67d923d561a -> 
  custom:scripting/precompiled-assembly-types:Unity.Collections: 4a46ba792d71a8ef631019192135d028 -> 
  custom:scripting/monoscript/fileName/cellular2x2x2.cs: 910f0614e94a5348f941ea0d56b2c568 -> 2eb29bf877494e27d7b8d68303a33727
  custom:scripting/monoscript/fileName/matrix.cs: 3c89deedfaaffcc017fba2cf913f12ee -> 17bd875ecbf69296bc7f1415237b5bf7
  custom:scripting/monoscript/fileName/DependencyTreeInitializeOrderSorter.cs: 398a0f081d411379f31bc2eb52bbbd21 -> 
  custom:scripting/monoscript/fileName/cellular3D.cs: 910f0614e94a5348f941ea0d56b2c568 -> 2eb29bf877494e27d7b8d68303a33727
  custom:scripting/monoscript/fileName/UnityGetUserPermissions200Response.cs: 7fdf29503cc5301312d984f2af06eb45 -> 
  custom:scripting/monoscript/fileName/IJobParallelForFilter.cs: df20d5af76497ee9382afe3d36f1f1f4 -> 
  custom:scripting/monoscript/fileName/bool3x4.gen.cs: 42c7ba8bd569aafe7a1ccd38b69ca362 -> dd64119ecce8747c9d345fc62ed63bff
  custom:scripting/monoscript/fileName/NEON.cs: 27dfd32aeb3aec362855d6a15ae66a4f -> 68ba95faf7f0f0403852fb6af2a2f956
  custom:audio-decoder-ogg-vorbis: bf7c407c2cedff20999df2af8eb42d56 -> 
  custom:scripting/monoscript/fileName/NativeText.gen.cs: 963d74023cd13b0e64909bb76f1d047a -> 
  custom:scripting/monoscript/fileName/int2x3.gen.cs: 19a71af308909120a7ea6452646e4208 -> 377af658550da76bc0efa7c5a755eb90
  custom:scripting/monoscript/fileName/ConcurrentMask.cs: d56a0fef284c9e5059f89974aedb695c -> 
  custom:scripting/monoscript/fileName/CloudEnvironmentConfigProvider.Gen.cs: 5a0c9bc3528e508605862cace6052ab9 -> 
  custom:scripting/monoscript/fileName/ScheduledInvocationComparer.cs: 83106d0c8c6b049feeaa7bc89351f333 -> 
  custom:scripting/monoscript/fileName/NativeReference.cs: 707aa775b4e3cc858cb239cb84a29e93 -> 
  custom:scripting/monoscript/fileName/DefaultApi.cs: 1d4ada5f7be42c3459105e8a4ff7befa -> 
  custom:scripting/monoscript/fileName/UnityServicesBuilder.cs: 2c873918180573f10abfeda6ebefa0f9 -> 
  custom:scripting/monoscript/fileName/ServiceRegistry.cs: 9f2f77edf09fc4d5ffdc5ae250d852d2 -> 
  custom:scripting/monoscript/fileName/EnvironmentAnalyticsSender.cs: 8bcdd72c4f4f7ba6fed9617ecb7e992f -> 
  custom:scripting/monoscript/fileName/Popcnt.cs: 869deae3083ccfe6b60b2585f9e67560 -> 790f25d56fba1e7a48c0a0766c0ad6a6
  custom:scripting/monoscript/fileName/ScheduledInvocation.cs: 6dd46403260fc3e01309ae7e636c0e8a -> 
  custom:scripting/monoscript/fileName/UnityProjectNotLinkedException.cs: fffb6126e50500c8c570125732d06308 -> 
  custom:scripting/monoscript/fileName/ServicesInitializationException.cs: 905c414eaf6bb9e99e87b7be57e80385 -> 
  custom:scripting/monoscript/fileName/CoreRegistry.cs: f8cefd7d8b5109f3c61c0ba5ed06a2ed -> 
  custom:scripting/monoscript/fileName/Configuration.cs: 4d19c1da7f614cc93468a9d05d08dc7d -> 
  custom:scripting/monoscript/fileName/InvalidJwtException.cs: 44c6d327479bc7179514ecd464e65b5b -> 
  custom:scripting/monoscript/fileName/NativeNotBurstCompatible.cs: 8e8b404b4fa69e1b7cea25947e47b9bd -> 
  custom:scripting/monoscript/fileName/IProjectStateRequest.cs: 27b27df4e3b68078a5908d7df6fce95f -> 
  custom:scripting/monoscript/fileName/ILPostProcessingLegacy.cs: d9910f2de3f51974efe13df8267dc87d -> 1474151453fb056da8fe50e6cda891db
  custom:scripting/monoscript/fileName/CLILeakDetectionSwitcher.cs: 57bd385706945886454b568fb0644a83 -> 
  custom:scripting/monoscript/fileName/XmlLinkedType.cs: 879123e42892f87010bef78e341312d0 -> 
  custom:scripting/monoscript/fileName/EditorGameServiceDashboardHelper.cs: ea8538090dcae2327f4c15e2ca056258 -> 
  custom:scripting/monoscript/fileName/UnsafeRingQueue.cs: beeb81b22bb86e018042f1eea3e37e38 -> 
  custom:scripting/monoscript/fileName/ApplyRevertChangeTracker.Gen.cs: 90647cc400823b41df847a6cbfc29026 -> 
  custom:scripting/monoscript/fileName/CollectionExtensions.Gen.cs: aff9dee80b4292d09c09f3acd69a3289 -> 
  custom:scripting/monoscript/fileName/IComponentRegistry.cs: 31dc7d917392108590a76b6f7b8e718f -> 
  custom:scripting/monoscript/fileName/IEditorGameService.cs: faa7656610bf6f8463e95c403d6c6e6c -> 
  custom:scripting/monoscript/fileName/int3x4.gen.cs: a41355fd8e3f2df0223626fb4f0b3908 -> 8460bfcadb3ac350c26daa6b9595294c
  custom:scripting/monoscript/fileName/NativeParallelHashMapExtensions.cs: 462869b482cb0a426c099c8676c75416 -> 
  custom:scripting/monoscript/fileName/psrdnoise2D.cs: 910f0614e94a5348f941ea0d56b2c568 -> 2eb29bf877494e27d7b8d68303a33727
  custom:scripting/monoscript/fileName/EnvironmentSettings.cs: e2b98ee836b42374bfa16506e47055ce -> 
  custom:scripting/monoscript/fileName/F16C.cs: 869deae3083ccfe6b60b2585f9e67560 -> 790f25d56fba1e7a48c0a0766c0ad6a6
  custom:scripting/precompiled-assembly-types:Unity.Collections.LowLevel.ILSupport: fc98657c35e94db2b30cdf006548cc51 -> 
  custom:scripting/monoscript/fileName/IChannel.cs: db8ed6536767d05dc3fe7251f4a4dcd3 -> 
  custom:scripting/monoscript/fileName/IAsyncOperation.cs: f56289e88c7dcb628d7e5619c74e7538 -> 
  custom:scripting/monoscript/fileName/XmlLinkerModel.cs: d4c2817476b9b278a7b7808d61032596 -> 
  custom:scripting/monoscript/fileName/QuaternionDrawer.cs: 3e16f8b999b15ff8f3cb65c56d92372c -> 11323f18a038f5e869f0b55e53c54a31
  custom:scripting/monoscript/fileName/Memory.cs: 24fa5e8e684139a9a6b2bb764c620a28 -> 
  custom:scripting/monoscript/fileName/UnsafeList.cs: d4153fc6c06f3c788b1e8373e28421fd -> 
  custom:scripting/monoscript/fileName/Metrics.cs: ff969a3864869c6435b83c963d65cf34 -> 
  custom:scripting/monoscript/fileName/BurstAssemblyDisable.cs: 05c2ec5d4cb82dde153fd26804b0759c -> b6ce5635cda12e16b9d3052a32a53ef4
  custom:scripting/monoscript/fileName/IVivoxTokenProviderInternal.cs: 8f6eac73831e2d88349c636e0c8277cf -> 
  custom:audio-encoder-webm-vorbis: bf7c407c2cedff20999df2af8eb42d56 -> 
  custom:scripting/monoscript/fileName/BurstString.Float.cs: 2be5f73de1c4aa5655ffe1179ecab0e5 -> f7cf2d4ac32cd23a2133a777bc8e9bdf
  custom:scripting/monoscript/fileName/UnityWebRequestUtils.cs: f709ddaaeb44d62e1a53fe224983d54c -> 
  custom:scripting/monoscript/fileName/DependencyTree.cs: 0bd2915409b5c0af8089da1663502e47 -> 
  custom:scripting/monoscript/fileName/AsyncOperation.cs: f23cc551eab7049146420a4196093425 -> 90647cc400823b41df847a6cbfc29026
  custom:scripting/monoscript/fileName/LongTextArea.cs: dfdcf6f0be8f7d5d7c8ee22ae4b70ab5 -> 4c687402ecd5f2af3a470023aff89eca
  custom:scripting/monoscript/fileName/UnityAddressV1.cs: 4d4ba30b341c7e72810f3c36b5914fa5 -> 
  custom:scripting/monoscript/fileName/IGatewayTokens.cs: af8d58613a9fd459a444ee8b327072b0 -> 
  custom:scripting/monoscript/fileName/xxHash3.cs: d876f695d67b3d527466020445c50eb8 -> 
  custom:scripting/monoscript/fileName/IInitializablePackage.cs: 7a2afaa327b6f2c8c3b73c00855d936d -> 
  custom:scripting/monoscript/fileName/Attributes.cs: d94dab8e1cad1d516625e289629ba937 -> 9d3861389974f0823e7e341aa6c23dae
  custom:scripting/monoscript/fileName/AnalyticsOptionsExtensions.cs: 61b53e23187fa8065622d09b0f304596 -> 
  custom:scripting/monoscript/fileName/DebugView.cs: 0cdf409b5aa8d4c25876d72b5c6a3b60 -> 
  custom:scripting/monoscript/fileName/EnvironmentSelector.cs: ac21f39d65ed579595edcbd2c9853105 -> 
  custom:scripting/monoscript/fileName/JsonHelpers.cs: 8837ad713480b6b5528a3b03a0d76fa1 -> 
  custom:scripting/monoscript/fileName/DefaultCdnConfiguredEndpoint.cs: 624837102d8bef2a2323b0b82727af95 -> 
  custom:scripting/monoscript/fileName/BurstString.cs: 2be5f73de1c4aa5655ffe1179ecab0e5 -> f7cf2d4ac32cd23a2133a777bc8e9bdf
  custom:scripting/monoscript/fileName/Scope.Gen.cs: 409412ebac5387d01283cada94af8d59 -> 
  custom:scripting/monoscript/fileName/ListExtensions.cs: 0f96dfdcfd19dc46bb3b974629f04481 -> 
  custom:scripting/monoscript/fileName/SliderToggleUiHelper.cs: 297bb968c6a98e033483e5885bc5e941 -> 
  custom:scripting/monoscript/fileName/IFileSystem.cs: d0a5668d9c43d0a16eec8fa2a37aa20c -> 
  custom:scripting/monoscript/fileName/IJobBurstSchedulable.cs: b6e06c07f5c6bc961caf27d1af5dcc7a -> 
  custom:scripting/precompiled-assembly-types:Unity.Collections.Editor: 17a2c29eb18a6d0bac0ad4051a669537 -> 
  custom:scripting/monoscript/fileName/BurstCompiler.cs: 25961ab6b2aa72f0ea3a28043bd3e34e -> 7b21670e31210e9f8a136d10cb1b9317
  custom:scripting/monoscript/fileName/IService.cs: afa2330a6d32be2e7a659227e3bf813e -> 
  custom:scripting/monoscript/fileName/double4.gen.cs: b43680ff2b317f0fe763ec2a9290cc4d -> c861322ff5ab8c01e3e4b508791cf124
  custom:scripting/monoscript/fileName/rigid_transform.cs: d545dec909ae361cd40bcedcc9499d93 -> 36bbdd985ffacdf5ee0745cfd3a1f08d
  custom:scripting/monoscript/fileName/CollectionsAllocationExamples.cs: 72ea6f1c8990c690aca4410bcc8d43b6 -> 
  custom:scripting/monoscript/fileName/CoreRegistration.cs: afa90de4a402b0848ad8b60755b1ca20 -> 
  custom:scripting/monoscript/fileName/ServicesInitialization.cs: 5bc34492fe95212cc8524c8c7be8ec36 -> 
  custom:scripting/monoscript/fileName/PropertyAttributes.cs: 06c93b729a6fbfd605aedc09fb6acd2e -> f9be6ff8022c2b7e9364b782f234d192
  custom:scripting/monoscript/fileName/IVivox.cs: 6d92ea4b822d1fa7e4b8787c59760673 -> 
  custom:scripting/monoscript/fileName/UnityCreateAddressRequest.cs: 231eb736f0a651a8ee21e6aa579173ae -> 
  custom:scripting/monoscript/fileName/UnityListOrganizationFavoriteProjects200Response.cs: 2acfbc626d621e368ef9190462157b7a -> 
  custom:scripting/monoscript/fileName/BurstAotCompiler.cs: 999e0496849ba059c880640ab57448ab -> a41b7d0d053e0898c09eec7c4f1c3c21
  custom:scripting/monoscript/fileName/IPlayerId.cs: 8ec284f91dceb8f1818908be17c609b0 -> 
  custom:scripting/monoscript/fileName/int2.gen.cs: 7d7139da21249719b860c4fd6fa5b14f -> ba08380188673eb89fbe6c63125635e5
  custom:scripting/monoscript/fileName/Avx2.cs: 869deae3083ccfe6b60b2585f9e67560 -> 790f25d56fba1e7a48c0a0766c0ad6a6
  custom:scripting/monoscript/fileName/EngineStateHelper.cs: ebfe492ca39645883d66825c2e77f1d0 -> 
  custom:scripting/monoscript/fileName/EnvironmentProvider.cs: e6441984086d3ec4f02dd82b6dec6df1 -> 
  custom:scripting/monoscript/fileName/PackageInitializationInfo.cs: 82c881c6d5f9d1b5f2eba332919bcd1c -> 
  custom:scripting/monoscript/fileName/int4.gen.cs: 6fd7c2be80cf8c29505f41dfd239b1ae -> 6202c51352f8408238811f81cf17884b
  custom:scripting/monoscript/fileName/DisabledDiagnostics.cs: dca147f0ee6a8cbd3c40d0fb15b26062 -> 
  custom:scripting/monoscript/fileName/JsonHelper.cs: 0b5759f67f92e2eb09febb2082aca955 -> 
  custom:scripting/monoscript/fileName/noise3D.cs: 910f0614e94a5348f941ea0d56b2c568 -> 2eb29bf877494e27d7b8d68303a33727
  custom:scripting/monoscript/fileName/MetricsFactory.cs: ff8596a1ccea2041a0c0cfe2841c8f74 -> 
  custom:scripting/precompiled-assembly-types:Unity.Services.Core: 6658084c01118ae8f1ea78527e00c6d1 -> 
  custom:scripting/monoscript/fileName/float4x2.gen.cs: 05588d3fca2e28a31b6264c026dcf338 -> a70cf4e9d29e9357ba0e68d3ee43ce34
  custom:scripting/monoscript/fileName/EnvironmentsClient.cs: 9c80a43488077f46562fa053df484911 -> 
  custom:scripting/monoscript/fileName/ReadOnlyObservableCollection.Gen.cs: 90647cc400823b41df847a6cbfc29026 -> 
  custom:scripting/monoscript/fileName/Environments.cs: 8b1687fd15649a52827b18b8b452a28f -> 
  custom:scripting/monoscript/fileName/Bmi2.cs: 869deae3083ccfe6b60b2585f9e67560 -> 790f25d56fba1e7a48c0a0766c0ad6a6
  custom:scripting/monoscript/fileName/UnityAnalyticsIdentifier.cs: 40be8e11923159cf7c61c72c1a1b26dd -> 
  custom:video-codec-MediaFoundation-h265: 746d11721c4dcdbdad8f713fa42b33f4 -> 
  custom:scripting/monoscript/fileName/AsyncOperationBase.cs: adfca800027e0922d59797ee493a2672 -> 
  custom:scripting/monoscript/fileName/UnsafeScratchAllocator.cs: 4face5614d3825fa48ae79289f69aa1b -> 
  custom:scripting/monoscript/fileName/half3.gen.cs: 5d046df99f0d37f450cb3ea068ad7762 -> 935b3c49f9c5126f28352e4a48406e0a
  custom:scripting/monoscript/fileName/UnityUserOrganizationsV1OrganizationsInner.cs: 440e6e939c241944b318429e561d5df2 -> 
  custom:scripting/monoscript/fileName/PathUtils.Gen.cs: 5ddc0068a1cf521fafc42781cf03a3a9 -> 
  custom:scripting/monoscript/fileName/IEditorGameServiceRegistry.cs: 4894c70fd515017ae46efb4f44f8b3e2 -> 
  custom:scripting/monoscript/fileName/RequestFailedException.cs: a9eaec06c59248353e0ced5cdc95723f -> 
  custom:scripting/monoscript/fileName/BurstCompatibilityTests.cs: 7d7c24becd314d1054104dfc27a7e1e1 -> 
  custom:scripting/monoscript/fileName/XmlLinkedModelsExtensions.cs: 9e8a2b9216079ba87ebfd084960b4ac0 -> 
  custom:scripting/monoscript/fileName/EditorGameServiceRemoteConfiguration.cs: 0cdf409b5aa8d4c25876d72b5c6a3b60 -> 
  custom:scripting/monoscript/fileName/UnityUploadIconV1201Response.cs: a7cab146027c2f1549f57a603ca22560 -> 
  custom:scripting/monoscript/fileName/uint2x4.gen.cs: 3caae4a623bddfadce4b73c36541ab39 -> 817d68c720fa6aa9b67a61d7c1b206d0
  custom:scripting/monoscript/fileName/DisabledDiagnosticsFactory.cs: 92ef54fd2e9d3765db37c6ce29121dc7 -> 
  custom:scripting/monoscript/fileName/BitField.cs: 435cec31f980ea5ce1d1e89b13684a57 -> 
  custom:video-decoder-ogg-theora: a1e56fd34408186e4bbccfd4996cb3dc -> 
  custom:scripting/monoscript/fileName/EnvironmentSaveSystem.cs: 931610e413c03621f898c65e36f44fc6 -> 
  custom:scripting/monoscript/fileName/NativeQueue.cs: 0e981ce8b9429d0fa5b8752248b5a6fd -> 
  custom:scripting/monoscript/fileName/ComponentRegistry.cs: 2fefa8b1f349de188d35295b3042e694 -> 
  custom:scripting/monoscript/fileName/CecilExtensionMethods.cs: 017bd73f50ff4a917914ebf884a3c046 -> 
  custom:scripting/monoscript/fileName/EnvironmentsClientFactory.cs: 325dec75592389c16ac743f438f24960 -> 
  custom:scripting/monoscript/fileName/ConfigurationCollectionHelper.cs: cb4dac2b34c76624ca64d0ad91214a93 -> 
  custom:scripting/monoscript/fileName/NativeArrayExtensions.cs: 480ae80e25a67512135651e8db7b75bc -> 
  custom:scripting/monoscript/fileName/DictionaryExtensions.cs: d37b3043b5339f13af7295850374111a -> 
  custom:scripting/monoscript/fileName/AsyncOperationExtensions.cs: 1fabcad386c6a3966bbd7925c1ec32e2 -> 
  custom:scripting/monoscript/fileName/ProjectUnlinkBuildWarning.cs: c52465de41a758f7a3babb293254b52b -> 
  custom:scripting/monoscript/fileName/IProjectStateHelper.cs: 3adea7eb7ff850864d22d07f530e0111 -> 
  custom:scripting/monoscript/fileName/ICloudProjectId.cs: 60ddc28b5a3880441601b503b311a533 -> 
  custom:scripting/monoscript/fileName/svd.cs: 348beec2ecc2e2db545a80433e4107e2 -> 
  custom:scripting/monoscript/fileName/ICopyable.Gen.cs: 90647cc400823b41df847a6cbfc29026 -> 
  custom:scripting/monoscript/fileName/ThreadingUtility.cs: 04b3b0b0336f4a10f1d8aa16ba8bb5cf -> 
  custom:scripting/monoscript/fileName/IHttpClient.cs: 88481d25a1f892f1dc32d0efcddba205 -> 
  custom:scripting/monoscript/fileName/bool4x4.gen.cs: 50a6831c58ef3836ae8715535acd4a4c -> 832d1ba72f52e457d65ecd6ca1ba2b2e
  custom:scripting/precompiled-assembly-types:Unity.Services.Core.Networking: 61bebe50ea392373ad9b763369998b02 -> 
  custom:scripting/precompiled-assembly-types:Unity.Services.Core.Telemetry: 93d339c2f6637582a5436fa1367ea7d7 -> 
  custom:scripting/monoscript/fileName/IMetrics.cs: cc4d6b26e54335130aeffb94ca489467 -> 
  custom:scripting/monoscript/fileName/IEnvironmentService.cs: d28a6fb640eb356196b9c1017c7a0d37 -> 
  custom:scripting/monoscript/fileName/StreamingAssetsConfigurationLoader.cs: 2f115cec9bfe6872856ee4ad61eb2c3f -> 
  custom:scripting/monoscript/fileName/double3x3.gen.cs: a1e2af8139fc0e717165cdc2c522e14d -> cf2bca4cc9e8b93d47929417a1a999f7
  custom:scripting/monoscript/fileName/NEON_AArch64_crypto.cs: 27dfd32aeb3aec362855d6a15ae66a4f -> 68ba95faf7f0f0403852fb6af2a2f956
  custom:scripting/monoscript/fileName/EnvironmentChangedParameters.cs: 0ad6f60cc0b0e0ea02aed10221f7c8a8 -> 
  custom:scripting/monoscript/fileName/double3x2.gen.cs: 46c3fc0f20bf244200b61fe88bd5c16a -> 87fbe5b4a5a90e3c915d83933bb7a691
  custom:scripting/monoscript/fileName/CoreDiagnostics.cs: 041dd565425b56b2b823902ba53cfe54 -> 
  custom:scripting/monoscript/fileName/ProjectBindRedirectContentUI.cs: ea393b5b63051e326686665efb7ed1d2 -> 
  custom:scripting/monoscript/fileName/HashExceptions.cs: 0c04f84e29310842caf31699037c2a6f -> 
  custom:scripting/monoscript/fileName/Il2CppEagerStaticClassConstructionAttribute.cs: bfb9943dc4234f8038240348dd8c0237 -> 5ae90a36296d2fe83dd98e9361e907e8
  custom:scripting/monoscript/fileName/IActionScheduler.cs: e5388884c9a263c0b7f149f53626af31 -> 
  custom:scripting/monoscript/fileName/DiagnosticsFactory.cs: 3828493052568497f2ccdc68dea8b14c -> 
  custom:scripting/monoscript/fileName/UnityUserOrganizationsV1.cs: 73dafadd41de13ace6058db610522dcd -> 
  custom:scripting/monoscript/fileName/XmlLinkedProperty.cs: 29784440eed3b7889f0bfe76633cc000 -> 
  custom:scripting/monoscript/fileName/TaskAsyncOperation.cs: deaa3dfd455420a1f0dece4fa000e9b1 -> 
  custom:scripting/monoscript/fileName/Singleton.Gen.cs: 66c389d1e92bc70efd18b5d3b46f6bca -> 
  custom:scripting/precompiled-assembly-types:Unity.Services.Core.Environments.Internal: a94ac62d8b6ab44e5914a671ad4dd355 -> 
  custom:scripting/monoscript/fileName/OrganizationHandler.cs: 8e4686813d139f7c9962131a6d917980 -> 
  custom:scripting/monoscript/fileName/cellular2x2.cs: 910f0614e94a5348f941ea0d56b2c568 -> 2eb29bf877494e27d7b8d68303a33727
  custom:scripting/monoscript/fileName/half.cs: d66ca18b1c3237e0e12e183e1878dc38 -> cf3f2b0bcee127ccdac6d87167bcc406
  custom:scripting/monoscript/fileName/NativeSort.cs: 928f4174a21486fd6ff139d2de03d8ce -> 
  custom:scripting/monoscript/fileName/UnityTransferProjectRequest.cs: 160aa9e78d67107dbad79b2602ea5baf -> 
  custom:scripting/monoscript/fileName/RegisterGenericJobTypeAttribute.cs: 1d60c181f5a8e659e1317e2ca71a691e -> 
  custom:scripting/monoscript/fileName/ConfigurationBuilder.cs: bd1d62f2bf3afb62754531eee8a4e204 -> 
  custom:scripting/monoscript/fileName/EnvironmentView.cs: eacb7d766ee45d9a07ea107dc0c80ac6 -> 
  custom:scripting/monoscript/fileName/AccessTokens.cs: 7f3bd47a4ee3b608248d36969879b607 -> 
  custom:scripting/monoscript/fileName/IUserRoleClient.cs: d3496f158bb376dd3e2c64e54c7c3a7e -> 
  custom:scripting/precompiled-assembly-types:Newtonsoft.Json: a784019f7e79cf0f65e748d41d4ceb44 -> 
  custom:scripting/monoscript/fileName/HttpOptions.cs: 99f08410c8743651b2a8fdf6d32f10c4 -> 
  custom:scripting/precompiled-assembly-types:Unity.Services.Core.Configuration.Editor: 9ec415489f81483910eef61e419cb1d9 -> 
  custom:scripting/monoscript/fileName/UnityOrganizationWithAddressV1.cs: 0255bc6178742cff2a423de9eb51e6a2 -> 
  custom:scripting/monoscript/fileName/IJobParallelForBurstSchedulable.cs: 62a263188bc9cf02c532293c26fa74bb -> 
  custom:CustomObjectIndexerAttribute: 72b91833f83ae208fae7752999fa3104 -> 
  custom:scripting/monoscript/fileName/classicnoise3D.cs: 910f0614e94a5348f941ea0d56b2c568 -> 2eb29bf877494e27d7b8d68303a33727
  custom:scripting/monoscript/fileName/NEON_AArch64_rdma.cs: 27dfd32aeb3aec362855d6a15ae66a4f -> 68ba95faf7f0f0403852fb6af2a2f956
  custom:scripting/monoscript/fileName/ThreadHelper.cs: 1d011737e8133fca1a700a78b9269e43 -> 
  custom:scripting/monoscript/fileName/UserError.cs: e8271dc4b82776e36e2aa534dcd90f5e -> 
  custom:scripting/monoscript/fileName/FunctionPointerInvokeTransform.cs: 78ee86208e709b5fd706a0c77fd5004f -> 87582112a32f635e413c776846ec78de
  custom:scripting/monoscript/fileName/ServicesBehaviour.cs: fc86e18139c2e2cab6df5bf113811eb1 -> 
  custom:scripting/monoscript/fileName/UnityCreateOrganizationRequest.cs: 4cf5c8730ffaa3c5888d236ebc6475fc -> 
  custom:scripting/monoscript/fileName/float2x2.gen.cs: 43554c150c14083eb2313acaa2e78aeb -> f203c6ed52cbda2033cd1859a76ab02f
  custom:scripting/monoscript/fileName/EditorGameServiceSettingsProvider.cs: 2cb6ae4d961883e67f3e282b18d40d94 -> 
  custom:scripting/monoscript/fileName/CecilExtensions.cs: 092e8a73dda2df206baaf95a0d738493 -> 300205ae85edbb88d6c0c35c47681451
  custom:scripting/precompiled-assembly-types:Unity.Services.Core.Configuration: f7859697b434adc89f377c95a9589d8a -> 
  custom:container-demuxer-webm: 4f35f7cbe854078d1ac9338744f61a02 -> 
  custom:scripting/monoscript/fileName/CoreRegistryInitializer.cs: e34ea8cde280e241aa2682bcb33aae4f -> 
  custom:scripting/monoscript/fileName/IEnvironmentProvider.cs: 3109b26c8523241ba567e094603484cc -> 
  custom:scripting/monoscript/fileName/IdentityIOneOf.cs: 29de1876e6381d1376e3875f63eb04e7 -> 
  custom:scripting/monoscript/fileName/BurstDisassembler.Core.x86.info.cs: 924d9993bb4f5055a61b0166f627d3c3 -> b15d06942db1ac71042be253eef84e7f
  custom:scripting/monoscript/fileName/bool2x4.gen.cs: 43766066d40cfe4ff0038faa3bf06406 -> 0202187d1d97b3838c3acec749a94370
  custom:scripting/monoscript/fileName/FixedStringParseMethods.cs: fcdca1abcdc2fd593bd0d11b27b9b2c5 -> 
  custom:scripting/monoscript/fileName/JsonObjectConverter.cs: 38bbb4aa4e7eb125ad2bec69e448a02f -> 
  custom:scripting/monoscript/fileName/UnityWebRequestHelpers.cs: 0394add6a9f301a01222078b29ac0b18 -> 
  custom:scripting/monoscript/fileName/uint2x3.gen.cs: a0bafa71da357e9ffdf41329e0e0b8ab -> dc149d5147f76ef2e3b7b3e87df71cde
  custom:scripting/monoscript/fileName/LockedComponentRegistry.cs: ff7d4cf11049af0d186f2bffab21c5d3 -> 
  custom:scripting/monoscript/fileName/IServiceFactory.Gen.cs: 5696ff4e8140aef57b36c4052f3bfc23 -> 
  custom:scripting/monoscript/fileName/IUserRoleHandler.cs: 33c258d1966d18e84a25c5d4701ea0a4 -> 
  custom:scripting/monoscript/fileName/LoggedOutUiHelper.cs: ded703f4d077a86b901d24f648f694ca -> 
  custom:scripting/monoscript/fileName/MatrixDrawer.cs: 8db100ecc54d49584518b132374bd945 -> 54f407ec7134aa445531b0da7f5e0ded
  custom:scripting/monoscript/fileName/IDeserializable.cs: 16d3138d206e866a34233b134f1222b0 -> 
  custom:scripting/monoscript/fileName/float2x4.gen.cs: 14bf825e2338394967d25657f23195c2 -> 8f6e3792d53a47d3e0816efd26cbabde
  custom:scripting/monoscript/fileName/CollectionBinding.Gen.cs: 90647cc400823b41df847a6cbfc29026 -> 
  custom:scripting/monoscript/fileName/Diagnostics.cs: 310215ddbef3d1759d3801a8f9ab01fa -> 
  custom:scripting/precompiled-assembly-types:Unity.RenderPipelines.Universal.Runtime: b4da6d942b71b4e6ce89ba3d2d2d75bb -> c5166759b6a57e85ad306d514ccfa90f
  custom:scripting/monoscript/fileName/ExceptionHelper.cs: 074ec3a4464566a6e9a1f4db3dfb905f -> 
  custom:scripting/monoscript/fileName/MergedObservableCollection.Gen.cs: 90647cc400823b41df847a6cbfc29026 -> 
  custom:scripting/monoscript/fileName/StatusCodePolicyConfig.cs: a90864f22acd00607534d01b8dae197f -> 
  custom:scripting/monoscript/fileName/ProjectBindRedirectProjectSettingsUi.cs: 07a51e74c57a4053931e01d14a91288e -> 
  custom:scripting/precompiled-assembly-types:Unity.Services.Core.Environments: b07b1f8809421d1b72991502cdcbc5ac -> 
  custom:scripting/monoscript/fileName/IProjectInfo.cs: 2c81b6190195adf1450efd9b8f54de95 -> 
  custom:scripting/monoscript/fileName/StreamingAssetsUtils.cs: 4a501e19e96ab989552681f7cfe95d3b -> 
  custom:scripting/monoscript/fileName/PackageInfoNameComparer.cs: ea0f38f3a3ddb0faa351ccba3098624f -> 
  custom:scripting/monoscript/fileName/UnityWebRequestHelper.cs: 2e5cbc5c38937ccdc5de3700aaa6f529 -> 
  custom:scripting/precompiled-assembly-types:Unity.Services.Core.Analytics: 7e90522691a1ed8cc152d6a40d3f03b4 -> 
  custom:scripting/precompiled-assembly-types:Mono.Cecil: ccd3eb1a29ea76869e665d6c237ddc80 -> 
  custom:scripting/monoscript/fileName/RetryPolicy.cs: e04bb42ac963f6250bc780a051aeca72 -> 
  custom:scripting/monoscript/fileName/IAnalyticsSender.cs: 27ac0f3c61390701fdd3b82b17bedf22 -> 
  custom:scripting/monoscript/fileName/UserRoleHandler.cs: a42f5e4f9979e28831240d76ea709864 -> 
  custom:scripting/monoscript/fileName/AllocatorManager.cs: 38c7b2bd1aa48880a7078890d02430db -> 
  custom:scripting/monoscript/fileName/int2x2.gen.cs: b89550457ed493745cf779e29d833419 -> 63739a46f5092b211c341383068e9d3a
  custom:scripting/monoscript/fileName/IEnvironmentValidator.cs: bdc1089a446560e3518f7ac97786d874 -> 
  custom:scripting/monoscript/fileName/FixedStringAppendMethods.cs: fcdca1abcdc2fd593bd0d11b27b9b2c5 -> 
  custom:scripting/monoscript/fileName/UnityUserGuestProjectV1.cs: 58ac7a8966d050da82ebd9946d7ad9a7 -> 
  custom:scripting/monoscript/fileName/SafeStringArrayHelper.cs: 38e2cda5fcac6d8044d6ce3723202ea5 -> c8d46796c0d02dc9724140077fd6c374
  custom:scripting/monoscript/fileName/IsolatedJsonConvert.cs: d399be4ef15efaacaf7758f4b29d410e -> 
  custom:scripting/monoscript/fileName/MappedObservableCollection.Gen.cs: 90647cc400823b41df847a6cbfc29026 -> 
  custom:scripting/monoscript/fileName/IUserIdentifierProvider.cs: dc5eeac839d4cf332ea648a7fdcd39d6 -> 
  custom:scripting/monoscript/fileName/UnityGetOrganizationMembers200Response.cs: 2a3745ba3cf60a91cc07f675b5cfe7f0 -> 
  custom:scripting/monoscript/fileName/FunctionPointer.cs: ea3b19baafd3ebcb60e92f687402237d -> b278ab85034025b7289bef45e0874487
  custom:scripting/precompiled-assembly-types:Unity.Collections.CodeGen: 4967d61b017ec6c1e88a9e176f1d3f19 -> 
  custom:scripting/monoscript/fileName/bool2x3.gen.cs: a73639df76ec913064f3ac91f58b98c5 -> c45708c9bd53a8b7f658164314a10c61
  custom:scripting/monoscript/fileName/CloudEnvironmentConfigProvider.cs: 0d9357504beb82cf1f27ae6c7b6ddec2 -> 
  custom:scripting/monoscript/fileName/IServerAccessToken.cs: 5dfd5eddfcd0cafe1db05f4c334820f7 -> 
  custom:scripting/monoscript/fileName/Sse2.cs: 869deae3083ccfe6b60b2585f9e67560 -> 790f25d56fba1e7a48c0a0766c0ad6a6
  custom:scripting/monoscript/fileName/math.cs: 84897ebc80325b58465d1a856e47c89e -> 3e1f77dfafdda862ef1fdae58189cdb5
  custom:scripting/monoscript/fileName/ProjectInfo.cs: d289d5cd3d7bbcf9a82d73b4aa756d36 -> 
  custom:scripting/monoscript/fileName/double4x3.gen.cs: d5e192211e239db73c016b47e641c333 -> 0f480b77cbe2235a6a07fec4a8104303
  custom:scripting/monoscript/fileName/UnityCreateProjectRequest.cs: 553b660d315929e3419e6a209f9bb6ab -> 
  custom:scripting/monoscript/fileName/BurstPlatformAotSettings.cs: d9c4daff02e435a41bbec9b06ebbdaea -> e55a3d6d232eb892da58dcc30668a0b8
  custom:scripting/monoscript/fileName/BurstMath.cs: a8e238815417f3af4bbd45bfd740da03 -> d94624ee519cab4bff493f67794b1527
  custom:scripting/monoscript/fileName/BurstReflection.cs: afa533733f4dc5137f95c85cb30225b4 -> a904f9b2bf9ba0accae4702e11f47640
  custom:scripting/monoscript/fileName/int3.gen.cs: 9e9f576d507fb3936c89b523e378eb23 -> f3e7aece5ea81aaaacfae8f3b0dbf645
  custom:scripting/monoscript/fileName/UnityEnvironmentV1.cs: 1eea8ffdfb5010d89d3ba557b2d50eab -> 
  custom:scripting/monoscript/fileName/quaternion.cs: 7189ca19bff9611f6da0aa0a9c59bf0b -> 0762c6482396ed4f34408952c0956647
  custom:scripting/monoscript/fileName/ServiceCollection.Gen.cs: ee70a277f1bc1e6641d018ca44380804 -> 
  custom:scripting/monoscript/fileName/float4x4.gen.cs: cccf3207dd639016e8d0fc5b940ce646 -> a5bb36679a244217e37dd9fb5d3d2ed4
  custom:scripting/monoscript/fileName/double3x4.gen.cs: d966fefecbb21e1878e781b6e6eb9bc1 -> d3f6959e28d6480d7d5313a2c890e5a1
  custom:scripting/monoscript/fileName/GatewayTokens.cs: 53270745929a7034c3268a07c13af48c -> 
  custom:scripting/monoscript/fileName/BurstMenu.cs: 814d22383aeaf354b3d01e8753d80cd7 -> ba8f72dcdc01403dc080f70f4b855f19
  custom:scripting/monoscript/fileName/half4.gen.cs: 0f1fcad15aa401d00bc4590770c4f62b -> abea9356568c8480c38dd790db58969d
  custom:scripting/monoscript/fileName/UnsafeParallelMultiHashMap.cs: 0ecf0b5b4a9207402e80b603ad9a119c -> 
  custom:scripting/monoscript/fileName/NativeStream.cs: f901789de80a9ec3530751f3f60eb2f8 -> 
  custom:scripting/precompiled-assembly-types:Unity.Services.Core.Registration: 6ff2c253681b1c95fc4436f661813f21 -> 
  custom:scripting/monoscript/fileName/MethodNotFoundException.Gen.cs: 0dccde8d1181b58956dff819eeec312c -> 
  custom:scripting/monoscript/fileName/noise2D.cs: 910f0614e94a5348f941ea0d56b2c568 -> 2eb29bf877494e27d7b8d68303a33727
  custom:scripting/monoscript/fileName/BurstEditorOptions.cs: 49a29b1cc3aae7ee8ad61a5c191ad2a8 -> 9c5afa3a809e97579143a619b525af7f
  custom:scripting/monoscript/fileName/IProjectEditorDrawerFactory.cs: 18c5020e4a357b0471f706a6144cefa8 -> 
  custom:scripting/monoscript/fileName/bool2.gen.cs: 861fe78322050118fc595dc4284cae94 -> 26e96b66e2dc8fbd46eb4ce6284c510a
  custom:scripting/monoscript/fileName/CorePackageRegistry.cs: 3f8b8a1a754bcbf32e1631fc6067b47f -> 
  custom:scripting/monoscript/fileName/UnityOrganizationV1.cs: 202fa32fa70a6d9b0b74b5c00b1b741c -> 
  custom:scripting/monoscript/fileName/IQosResults.cs: b6881487c0f26ab46e2124c1d0e04307 -> 
  custom:scripting/monoscript/fileName/IAccessTokenObserver.cs: b63bda9cbc64f15f0d3427f52571574c -> 
  custom:scripting/monoscript/fileName/IExternalUserId.cs: e86cbc4ee2ec705a01d2d8184f1aa316 -> 
  custom:scripting/monoscript/fileName/NativeParallelHashMap.cs: 0ecf0b5b4a9207402e80b603ad9a119c -> 
  custom:scripting/monoscript/fileName/AssetUtils.cs: f2faf7ad4b4b5b06d49e576afa8ccb42 -> 
  custom:scripting/monoscript/fileName/ServicesInitializationEditor.cs: 9a8da73184df77ef11e2b6fd2f04d32d -> 
  custom:scripting/monoscript/fileName/int3x2.gen.cs: 3102a78c1d8b0f67c6797c0bf649d991 -> 3713def57441460b7d8181bf2ebb068b
  custom:scripting/monoscript/fileName/random.cs: 9095e89a9c9a9233dfc5faa4dc75c33b -> 773187f16d25a3763332e4d0e08067fb
  custom:scripting/monoscript/fileName/IEditorGameServiceAnalyticsSender.cs: 16523e3d16356ae30addab5eaf4685a1 -> 
  custom:scripting/monoscript/fileName/IEnvironmentId.cs: 26e3448d664cf5b5e38101bfbead1ab4 -> 
  custom:scripting/monoscript/fileName/IDiagnostics.cs: 57266d83136060880a8bc854151a2f08 -> 
  custom:scripting/monoscript/fileName/IUnityServices.cs: abc5b758eed1a2c05dfbb253b9cdf1d6 -> 
  custom:scripting/monoscript/fileName/float3x2.gen.cs: 545e8762f0e28e5bb1be1c472fa039dd -> c82cdc670988a624afef0b4a59da9960
  custom:scripting/monoscript/fileName/NativeParallelHashSet.cs: 5e2ab9cfe81e04de31d18dbafae66b8c -> 
  custom:scripting/monoscript/fileName/IScopedServiceProvider.Gen.cs: a3e3117c2208173e411da686f8072dfc -> 
  custom:scripting/monoscript/fileName/PackageRegistry.cs: 084618e5fb4441b39eee335cbd095e50 -> 
  custom:scripting/monoscript/fileName/XmlLinkedAssembly.cs: 997f803bab31374df714b0d6f004c82e -> 
  custom:scripting/monoscript/fileName/int4x2.gen.cs: 06de189ab87954f032d6395001af7bcc -> 03019ae5b6ae2c22f6bcc41f109a6f3f
  custom:scripting/monoscript/fileName/CoreMetrics.cs: ba96eafc8557f10e49a5a2dab28be8c2 -> 
  custom:scripting/monoscript/fileName/ServicesInitializationEvents.cs: 223f9edfffeabcf11135ebfb5e966647 -> 
  custom:scripting/monoscript/fileName/double3.gen.cs: 5154079fb312071cf35601a361004703 -> 377c7acd7948bf71aea5d8cf8236ee9b
  custom:scripting/monoscript/fileName/ServiceFlagRequest.cs: 81cbfe44ade2ec4f46d5579d02db90c8 -> 
  custom:scripting/monoscript/fileName/SkipLocalsInitAttribute.cs: 317e2a89b70357c20342615fd85d0395 -> e4f8d5a888902955673e1ed6a9dfb76a
  custom:scripting/monoscript/fileName/HttpRequest.cs: 32f191459fcac54e96d5c4ad496a3ed5 -> 
  custom:scripting/monoscript/fileName/ValidationResult.cs: 12d4a9b1790e80408d1518f479a1a01f -> 
  custom:scripting/monoscript/fileName/AssumeRangeAttribute.cs: a138805f6c483ab3d42e249817bdf161 -> d3abc900d6b7c73addcf3398d2779a03
  custom:scripting/monoscript/fileName/UnityProjectV1.cs: 33ee54c3546ae8cbce557ab2aca1756e -> 
  custom:scripting/monoscript/fileName/Fma.cs: 76b83bf8a5d0f959f2f96ac2bfe62268 -> 550ccd401d2d76d5e362c6ec284ceeaa
  custom:scripting/monoscript/fileName/ProjectState.cs: 5da9c4bc1768108d8af5cc6cbfdc9de1 -> 
  custom:scripting/monoscript/fileName/UnityServicesInternal.cs: 5ea85354f5b78172e34fac25411fe7cf -> 
  custom:scripting/monoscript/fileName/PreserveDependencyAttribute.cs: 7b33b3b969409f6a38fb0affb51f2db7 -> 
  custom:scripting/monoscript/fileName/IWire.cs: 30c1d87985bae6279501282a5e19ad84 -> 
  custom:scripting/monoscript/fileName/IJobParallelForDefer.cs: e07ef36294e1a6b9a754482355e9fda6 -> 
  custom:scripting/monoscript/fileName/UnityGetEnvironments200Response.cs: 337f99d16b0b96efb2206d69acad4db0 -> 
  custom:scripting/precompiled-assembly-types:Unity.Services.Core.Environments.Editor: af3b9d0f3823f38d1d2cc22aa83bd019 -> 
  custom:scripting/monoscript/fileName/OperatePackageVersionConfigProvider.cs: 67b4bf8d5d449d0353b963ad0e103a72 -> 
  custom:scripting/monoscript/fileName/float2x3.gen.cs: f18325e6146a706cc21256589a35acb7 -> dd8be2164b904b64628efafb474868f4
  custom:scripting/monoscript/fileName/IEnvironmentsApi.cs: 10309d62b29707db950e5d0457e82d84 -> 
  custom:video-encoder-webm-vp8: eb34c28f22e8b96e1ab97ce403110664 -> 
  custom:scripting/monoscript/fileName/Sse4_2.cs: 76b83bf8a5d0f959f2f96ac2bfe62268 -> 550ccd401d2d76d5e362c6ec284ceeaa
  custom:scripting/monoscript/fileName/UserRoleRequest.cs: 8307bdf9d05c66d6ad5318e52408710f -> 
  custom:scripting/monoscript/fileName/TokenExchange.cs: bbd1ed03e8e3970b0887123f043469e1 -> 
  custom:scripting/monoscript/fileName/HttpRequestExtensions.cs: 35b1178ed1fd55cb1029b0abb50d01fc -> 
  custom:scripting/monoscript/fileName/UserRoleClient.cs: 7cb9a24ca4555e83cb355dad138297b5 -> 
  custom:scripting/monoscript/fileName/EnvironmentIdentifier.cs: 39ee00a0ac13884055f18f6371bacd6d -> 
  custom:scripting/monoscript/fileName/EnvironmentsConstants.cs: 24e9760363ef695978ba684e5d610a82 -> 
  custom:scripting/monoscript/fileName/CircularDependencyException.cs: d18ff671dcc1259992ffc320a2699238 -> 
  custom:scripting/monoscript/fileName/IJobParallelForBatch.cs: adecca892a99db28fc24adbe7bd8588e -> 
  custom:scripting/monoscript/fileName/IReadOnlyObservable.Gen.cs: 90647cc400823b41df847a6cbfc29026 -> 
  custom:scripting/monoscript/fileName/ProjectBindRedirectPopupUI.cs: e3fb92bd3ee82c9407053c4d3860bb4f -> 
  custom:scripting/monoscript/fileName/Avx.cs: 869deae3083ccfe6b60b2585f9e67560 -> 790f25d56fba1e7a48c0a0766c0ad6a6
  custom:scripting/monoscript/fileName/ExternalUserId.cs: 838ec18be418bafff07b93f14174c00c -> 
  custom:scripting/monoscript/fileName/LinkFileGenerator.cs: 2f2c64524b5aa89c8b6b768e28de537b -> 2ed47bf5d52f4c1c29dec48f52ce1e5a
  custom:scripting/monoscript/fileName/EnvironmentAnalytics.cs: df86ce352df40dfa102b41458fb9f770 -> 
  custom:scripting/monoscript/fileName/ReadOnlyHttpResponse.cs: cb67b795f50400334c6da0e8ef76361d -> 
  custom:scripting/monoscript/fileName/Ssse3.cs: 869deae3083ccfe6b60b2585f9e67560 -> 790f25d56fba1e7a48c0a0766c0ad6a6
  custom:scripting/monoscript/fileName/ProductionTokenExchangeUrls.cs: d51f7b5f35d9e0171f3c69e63ce67736 -> 
  custom:scripting/monoscript/fileName/double2x4.gen.cs: a9aedae31eab942a01dd81f5ba23ebf4 -> 685c5fa921181be1c5c2624181389ad3
  custom:scripting/monoscript/fileName/IEditorGameServiceEnabler.cs: 9ba91e68464ed1031653bae083d9cbd8 -> 
  custom:scripting/monoscript/fileName/uint4.gen.cs: 51a7f5c759ac89d78a4704a138bbec45 -> 39973cd09553f87c6828ba478621c98d
  custom:scripting/monoscript/fileName/cellular2D.cs: 910f0614e94a5348f941ea0d56b2c568 -> 2eb29bf877494e27d7b8d68303a33727
  custom:scripting/monoscript/fileName/EnvironmentService.cs: 22bbc46856bf7062678eb8e6e54cf9a2 -> 
  custom:scripting/monoscript/fileName/DeserializationException.cs: 76d207fdb77fb9b4f630a482f86ccf1d -> 
  custom:scripting/monoscript/fileName/double2x3.gen.cs: ac0d6fc940b41f658b24853cf23739e5 -> 2fbeb18c538397a8260f5c41cab0741e
  custom:scripting/monoscript/fileName/JsonObject.cs: d338d25a2a0271e9ef24c000c3688ac4 -> b4314edf02dda425962de25e5c3df291
  custom:scripting/monoscript/fileName/HttpException.cs: f6827940c1f3397a3e9f5ed27d96f36c -> 
  custom:scripting/monoscript/fileName/IPackageRegistry.cs: 7ed9d4b5a0ae537ff629f057cfa10e76 -> 
  custom:scripting/precompiled-assembly-types:Mono.Cecil.Pdb: bc7bb29408e7956d980310bdeff8d6a2 -> 
  custom:scripting/monoscript/fileName/noise4D.cs: 910f0614e94a5348f941ea0d56b2c568 -> 2eb29bf877494e27d7b8d68303a33727
  custom:scripting/monoscript/fileName/FixedStringUtils.cs: 114eb023c5774372990da700f8c2456f -> 
  custom:scripting/monoscript/fileName/BurstILPostProcessor.cs: 2a5731aefd677289925bd5cd5c4ff889 -> caa97838ab13c1add4a98ae3f9820b7e
  custom:scripting/monoscript/fileName/IAnalyticsStandardEventComponent.cs: cf50b12809cbeb8dcfefaee612a9c090 -> 
  custom:scripting/monoscript/fileName/NativeBitArray.cs: 744f6e29d77560522710809b14557136 -> 
  custom:scripting/monoscript/fileName/ServiceProvider.Gen.cs: fb28411e62c1911933783faa92ae27e4 -> 
  custom:scripting/monoscript/fileName/EnvironmentServiceExtensions.cs: ac6a6c148393eb9a5f8fb75c98af0cdb -> 
  custom:scripting/monoscript/fileName/xxHash3.StreamingState.cs: 73af6f62e3ccfaecb2c43562b8c60a23 -> 
  custom:scripting/monoscript/fileName/IOrganizationHandler.cs: f8b346f72bb06934d5f47a4eb5bf2f52 -> 
  custom:scripting/monoscript/fileName/CollectionsExamples.cs: 5c3c7e50116fce8e4387bbf68d9603e4 -> 
  custom:scripting/monoscript/fileName/XmlLinkedField.cs: 58331cd1e1b9bc9099ae07f125c40794 -> 
  custom:scripting/monoscript/fileName/common.cs: 910f0614e94a5348f941ea0d56b2c568 -> 2eb29bf877494e27d7b8d68303a33727
  custom:scripting/monoscript/fileName/IRetryPolicy.cs: 39863b88ffafe612940e6739cfece6fc -> 
  custom:scripting/monoscript/fileName/InstallationId.cs: 5a83a3939f92e5bc55c8a90ccbe27d51 -> 
  custom:scripting/monoscript/fileName/uint2x2.gen.cs: 34db4f212de91eba69f70b6af2f41d23 -> ef58eafb69337704525106c30b2f9c86
  custom:scripting/monoscript/fileName/float3x3.gen.cs: 7de503ab17ef781383880adc785d106c -> 48f350102ac697de2455487383306e62
  custom:scripting/monoscript/fileName/BurstCompilerOptions.cs: 90c36f225bcaac40ff330fc8c75284d4 -> 462794c2cc7370a72a60909850bd4bd6
  custom:scripting/monoscript/fileName/float2.gen.cs: ccda4318c59b6be9ac0ec9d903bd32eb -> 6120954cdb3e1af6bb1e798ca56424e4
  custom:scripting/monoscript/fileName/bool3x3.gen.cs: 754b61059993a0b49e4b0f1336d4eca5 -> f3dd982fcc1d0b33ec635c43c306a1b8
  custom:scripting/monoscript/fileName/BurstDisassembler.Core.LLVMIR.info.cs: 924d9993bb4f5055a61b0166f627d3c3 -> b15d06942db1ac71042be253eef84e7f
  custom:scripting/monoscript/fileName/NEON_AArch64_dotprod.cs: 27dfd32aeb3aec362855d6a15ae66a4f -> 68ba95faf7f0f0403852fb6af2a2f956
  custom:scripting/monoscript/fileName/ServiceInstallationListener.cs: 4f550d886426ad05d9cb021f02f3b5c8 -> 
  custom:scripting/monoscript/fileName/NativeParallelHashSetExtensions.gen.cs: 63db070ab3fd6601a2653ee7ef6af335 -> 
  custom:scripting/monoscript/fileName/ConfigurationUtils.cs: e57894058b136700ef3ea680c0b15031 -> 
  custom:scripting/monoscript/fileName/BurstStringSearch.cs: 3c5d5bf3e7cd0a361303b76b832193e1 -> 69d0ecca394873c1593eee16bae2761c
  custom:scripting/monoscript/fileName/double4x2.gen.cs: 84122ae38bb713fba1bd132464694529 -> 530f8410a1ca9a96d8c16e723573cfae
  custom:scripting/monoscript/fileName/PackageConfig.cs: 6c65665380cc70d71f22e981e56d92cf -> 
  custom:scripting/monoscript/fileName/UnityOrganizationMemberV1.cs: 29203c4e087d3ba2203081bd2717405e -> 
  custom:scripting/monoscript/fileName/UnityServices.cs: 53288f4d4ff1211eb125ba005d646505 -> 
  custom:scripting/monoscript/fileName/EditorGameServiceAnalyticsSender.cs: f578bf9cf78d5f56704a18cd36c88f9f -> 
  custom:scripting/monoscript/fileName/IAccessToken.cs: 359704d6f9862ce7f7142f3c9f3827a0 -> 
  custom:scripting/precompiled-assembly-types:Unity.Services.Core.Scheduler: c5a24b90c03f14c29ba6bebda52c3c14 -> 
  custom:scripting/monoscript/fileName/VisualElementHelper.cs: 0b84949c228ae121ca9bc47ce2ce3ccc -> 
  custom:scripting/monoscript/fileName/UnsafeText.cs: 252c4eef6eb1893b89e3a585d7b05a84 -> 
  custom:scripting/monoscript/fileName/IAnalyticsUserId.cs: c2cc7c28fd557b3f55cdf068b0502818 -> 
  custom:scripting/monoscript/fileName/UnityCreateEnvironmentRequest.cs: a9b0f13e8545f9920554463818374956 -> 
  custom:scripting/monoscript/fileName/PrimitiveVectorDrawer.cs: 29686ab5ff7580200bc34657b1e09832 -> 3e4cc385215599322653e09117c642ee
  custom:scripting/monoscript/fileName/ServiceFlagEndpoint.cs: 95ebbb4e72d70a377056cbf3d7a7020c -> 
  custom:scripting/monoscript/fileName/Sse4_1.cs: 869deae3083ccfe6b60b2585f9e67560 -> 790f25d56fba1e7a48c0a0766c0ad6a6
  custom:scripting/monoscript/fileName/EventBinding.Gen.cs: 90647cc400823b41df847a6cbfc29026 -> 
  custom:scripting/monoscript/fileName/CollectionHelper.cs: f2f5ea727aa85849eaae278bca48a36c -> 
  custom:scripting/monoscript/fileName/ICloudEnvironmentConfigurationProvider.cs: e191e2329b4561db479ad48b7fffb5d7 -> 
  custom:scripting/monoscript/fileName/ILPostProcessing.cs: 2c5fdb336ed93343a2a75af3484ca5a1 -> bf24e0d53d12752a069f04d5a4bfdf42
========================================================================
Received Prepare
Caller must complete domain reload
Begin MonoManager ReloadAssembly
Symbol file LoadedFromMemory is not a mono symbol file
- Loaded All Assemblies, in  0.824 seconds
Native extension for WindowsStandalone target not found
Mono: successfully reloaded assembly
- Finished resetting the current domain, in  2.083 seconds
Domain Reload Profiling: 2900ms
	BeginReloadAssembly (244ms)
		ExecutionOrderSort (0ms)
		DisableScriptedObjects (7ms)
		BackupInstance (0ms)
		ReleaseScriptingObjects (0ms)
		CreateAndSetChildDomain (63ms)
	RebuildCommonClasses (42ms)
	RebuildNativeTypeToScriptingClass (15ms)
	initialDomainReloadingComplete (44ms)
	LoadAllAssembliesAndSetupDomain (472ms)
		LoadAssemblies (521ms)
		RebuildTransferFunctionScriptingTraits (0ms)
		AnalyzeDomain (82ms)
			TypeCache.Refresh (17ms)
				TypeCache.ScanAssembly (3ms)
			ScanForSourceGeneratedMonoScriptInfo (41ms)
			ResolveRequiredComponents (22ms)
	FinalizeReload (2083ms)
		ReleaseScriptCaches (0ms)
		RebuildScriptCaches (0ms)
		SetupLoadedEditorAssemblies (840ms)
			LogAssemblyErrors (0ms)
			InitializePlatformSupportModulesInManaged (7ms)
			SetLoadedEditorAssemblies (6ms)
			RefreshPlugins (0ms)
			BeforeProcessingInitializeOnLoad (128ms)
			ProcessInitializeOnLoadAttributes (552ms)
			ProcessInitializeOnLoadMethodAttributes (138ms)
			AfterProcessingInitializeOnLoad (8ms)
			EditorAssembliesLoaded (1ms)
		ExecutionOrderSort2 (0ms)
		AwakeInstancesAfterBackupRestoration (10ms)
Refreshing native plugins compatible for Editor in 5.96 ms, found 3 plugins.
Preloading 0 native plugins for Editor in 0.00 ms.
Unloading 6357 Unused Serialized files (Serialized files now loaded: 0)
Unloading 71 unused Assets / (10.2 MB). Loaded Objects now: 6973.
Memory consumption went from 321.0 MB to 310.8 MB.
Total: 12.976300 ms (FindLiveObjects: 0.612600 ms CreateObjectMapping: 0.259600 ms MarkObjects: 4.698200 ms  DeleteObjects: 7.402800 ms)

Prepare: number of updated asset objects reloaded= 9
AssetImportParameters requested are different than current active one (requested -> active):
  custom:scripting/monoscript/fileName/Common.cs: c99d37a639876d15830bc1b4d2b2c424 -> 6ffc11e45ee8ab7a7d4178988978e63b
  custom:scripting/monoscript/fileName/uint3x3.gen.cs: 46f89d8a7f81b6035a7e26991fbc72e8 -> b354ea0e62ee3ca695eba400f73bf8a2
  custom:scripting/monoscript/fileName/Deprecated.cs: 180098a5fc2065d0380e32e2b952eebe -> c490571978d72951839b06a2825608d2
  custom:scripting/monoscript/fileName/BurstDisassembler.Core.Wasm.info.cs: 924d9993bb4f5055a61b0166f627d3c3 -> b15d06942db1ac71042be253eef84e7f
  custom:scripting/monoscript/fileName/DependencyTreeExceptions.cs: 8d717c8797566529cf594f9aab3c0409 -> 
  custom:scripting/monoscript/fileName/IDiagnosticsComponentProvider.cs: dbeac349f8c5591a0ab13c5e6354061e -> 
  custom:scripting/monoscript/fileName/Factories.Gen.cs: c9550e2a227c017a16a3e473be870754 -> 
  custom:scripting/monoscript/fileName/CloudProjectId.cs: 61b53512fd04ee0daa00dda45457438b -> 
  custom:scripting/monoscript/fileName/FixedList.gen.cs: 61852e4544d489e0d5903eb98b98e308 -> 
  custom:scripting/monoscript/fileName/IServiceRegistry.cs: 27b0be3a7d5fbabc2f8cff0f28316b4a -> 
  custom:scripting/monoscript/fileName/JobsILPostProcessor.cs: 3f303034a10abbfb33aebc2c253ab939 -> 
  custom:scripting/monoscript/fileName/SerializableProjectConfiguration.cs: 8d2aa3b56842beb1ee3e05f5a4e2f3c4 -> 
  custom:scripting/monoscript/fileName/BurstInspectorGUI.cs: bb274962adeb3b63c0ef4f58eeb3acfe -> 3b3371d5330c1720f59a915caa210691
  custom:scripting/monoscript/fileName/affine_transform.cs: ea7249476585feff13aa54bd2ccb69b0 -> 
  custom:scripting/monoscript/fileName/Aliasing.cs: 68567cebb1d169ce4f21a31c20f47d47 -> fa54b7e36cebab64c6f4b438ce5bbbb0
  custom:scripting/monoscript/fileName/uint4x4.gen.cs: 4b02c6eee0f00ce1a388bc44dd5ccc7c -> 7732c53bd697b7eb03dd735297da0fc1
  custom:scripting/monoscript/fileName/IServiceComponent.cs: 56d2b4986149318278267c2a2e499b7e -> 
  custom:container-demuxer-ogg: 62fdf1f143b41e24485cea50d1cbac27 -> 
  custom:scripting/monoscript/fileName/CommonErrorCodes.cs: 75f302fd69f29841b35f2306c97082ed -> 
  custom:scripting/monoscript/fileName/v64.cs: b639be1f4e5230c67c23ecfceaa8a8e2 -> 73e2a46ccd31f5cae0a785e2a9658313
  custom:scripting/monoscript/fileName/IChannelTokenProvider.cs: d41d74d962184eab5928b0b3bdda1ee9 -> 
  custom:scripting/monoscript/fileName/EditorGameServiceRegistry.cs: 0265fd85a62bd33c32f256257ebc576f -> 
  custom:scripting/monoscript/fileName/AnimatorControl.cs: d0195373254ff4a69e1025a91456aac0 -> 
  custom:scripting/monoscript/fileName/BurstDisassembler.Core.x86.cs: 924d9993bb4f5055a61b0166f627d3c3 -> b15d06942db1ac71042be253eef84e7f
  custom:scripting/monoscript/fileName/ProgressBar.Gen.cs: 09dcf9975c3de3bc94763c35db49d364 -> 
  custom:scripting/monoscript/fileName/ResponseHandler.cs: d3309722a6b35e47fbfcd01d3512a138 -> 
  custom:scripting/monoscript/fileName/LockedServiceRegistry.cs: ea77a1a45ffb4a9bcd250cb8233d16f9 -> 
  custom:scripting/monoscript/fileName/BurstDisassembler.Core.LLVMIR.cs: 924d9993bb4f5055a61b0166f627d3c3 -> b15d06942db1ac71042be253eef84e7f
  custom:scripting/monoscript/fileName/CoreLogger.cs: 1639b74467b5a585128e7c7cefe73635 -> 
  custom:scripting/monoscript/fileName/ExternalUserIdProperty.cs: e9524414c13dc2d0db279d48f3b164ab -> 
  custom:scripting/monoscript/fileName/DisabledMetrics.cs: bbb9bc05cfe10f1818b0676306a0b1b1 -> 
  custom:scripting/monoscript/fileName/SimdDebugViews.cs: 2a56730788f7babcb1e54d28fd040417 -> ee065a215655effb5244eeef3e220fd7
  custom:scripting/monoscript/fileName/VisibilityPropertyDrawer.cs: 70b7b4d25eb9ea5fda3178a1b5e85242 -> 
  custom:scripting/monoscript/fileName/DisabledMetricsFactory.cs: 358d9e7c090aa1eaa30e6a5f02610459 -> 
  custom:scripting/monoscript/fileName/SettingsCommonHeaderUiHelper.cs: 394582b395d6aebbb1e6e49abf6a1645 -> 
  custom:scripting/monoscript/fileName/IEditorAnalyticsEventRegistrant.cs: c4a0f7089b5b21ceafb7834c915d762f -> 
  custom:scripting/monoscript/fileName/BurstDisassembler.Core.ARM64.cs: 924d9993bb4f5055a61b0166f627d3c3 -> b15d06942db1ac71042be253eef84e7f
  custom:scripting/monoscript/fileName/IJsonSerializer.cs: 952e0b7cbb25051b8e0e85eda2a653c8 -> 
  custom:scripting/precompiled-assembly-types:Unity.Services.Core.Internal: c96c928c37d481d9497b4d4112bb56c7 -> 
  custom:scripting/monoscript/fileName/HttpClientResponse.cs: 9313baa475ddca44cec07c4995e4adab -> 
  custom:scripting/monoscript/fileName/XmlLinkedEvent.cs: efe4e7e159b94963c650fb293df0f9ff -> 
  custom:scripting/precompiled-assembly-types:Unity.Burst.Editor: 9700c786cdfeaf9f4017c0c1ac262b4c -> 1bb453082d9d949b60d566d3187c97d1
  custom:scripting/monoscript/fileName/AsyncOpRetry.cs: 7d4b426ab21943de744ee7f413070273 -> 
  custom:scripting/monoscript/fileName/Bmi1.cs: 869deae3083ccfe6b60b2585f9e67560 -> 790f25d56fba1e7a48c0a0766c0ad6a6
  custom:scripting/monoscript/fileName/IUserRoleRequest.cs: ccc5b229323b6e9c080254df6d4b51cb -> 
  custom:scripting/monoscript/fileName/DependencyTreeExtensions.cs: 63e3c71f0d430a351e6159f69f0a0682 -> 
  custom:scripting/monoscript/fileName/UnityThreadUtils.cs: 6f10d79f183f36877232e308ffa4d195 -> 
  custom:scripting/monoscript/fileName/Notifications.Gen.cs: 0b77852ac67d3ab84f489a2ddbdf8168 -> 
  custom:scripting/precompiled-assembly-types:Unity.Services.Core.Components: b1235f9078edc76fe980fa236b46b6b1 -> 
  custom:scripting/monoscript/fileName/EnvironmentsApi.cs: d5d1f45bf03abd7dd2f469acfd3b5bcb -> 
  custom:scripting/monoscript/fileName/BurstDisassembler.Core.cs: b3b080d760b6a18b7cf0870b47190ba9 -> e5f812d5efcd2a5c78433604ae4d6b38
  custom:scripting/monoscript/fileName/EnvironmentsOptionsExtensions.cs: 1e2776231b4e06a0e9b293a3623d643e -> 
  custom:scripting/monoscript/fileName/IServerEnvironmentId.cs: fff64b157cd649d3d948016718fba14e -> 
  custom:scripting/monoscript/fileName/ProjectStateRequest.cs: 6ba5b48af1466d2a4dbb6e908352d7c6 -> 
  custom:scripting/monoscript/fileName/ProjectBindRedirectPopupWindow.cs: 03988f1b5263bdfb55c00f001c224465 -> 
  custom:scripting/monoscript/fileName/bool4.gen.cs: 89d5db5b25176f8ce2b31291a8fcf567 -> ca7c0171e1585aef1c2900b66db0977a
  custom:scripting/monoscript/fileName/IEnvironmentSaveSystem.cs: 8319bf770542e6764e5512ea06d2b015 -> 
  custom:scripting/monoscript/fileName/OrganizationProvider.cs: f2089b4351294d4815b134a51aba3d17 -> 
  custom:scripting/monoscript/fileName/UnsafeUtilityEx.cs: 51fdf80e1733ea661389b0969168e4eb -> 
  custom:scripting/monoscript/fileName/BaseApiClient.cs: 8db05afd887e7e24cdb4782d155e924b -> 
  custom:scripting/monoscript/fileName/TypeAlreadyRegisteredException.Gen.cs: f78f490406edcce398401642789c4f0d -> 
  custom:scripting/monoscript/fileName/IAsyncOperationAwaiter.cs: 4e390262389eabe5476a62852a905252 -> 
  custom:scripting/monoscript/fileName/ProjectStateHelper.cs: a377430869822a008fcaab13302eb7b2 -> 
  custom:scripting/monoscript/fileName/UnityGetUserGuestProjects200Response.cs: 101aa8e271472b02f3ae37c6ca9da3cb -> 
  custom:scripting/monoscript/fileName/BurstLoader.cs: 36ef27b2f68a2283d382cc41e77edbfa -> ff77f8ae1ba38c1e7af1923752743ddf
  custom:scripting/monoscript/fileName/float4x3.gen.cs: 5e75d4a49b27c7bfdc5d24ca328726c6 -> 82da2e74a1c9948cc673acd7425c23e5
  custom:scripting/monoscript/fileName/float3x4.gen.cs: e028949e7cd389a54d6b8ef7c0e4a804 -> f425eda36f0a9a6a9785ce693ab31c65
  custom:scripting/monoscript/fileName/math_unity_conversion.cs: a14c20536b1fc0611d8629220aec8be2 -> 717272b42fdbca1935830b3071b2da3c
  custom:scripting/monoscript/fileName/UnityWebRequestClient.cs: 171ccf79c76240837e46a8b79f973b6e -> 
  custom:framework-win-MediaFoundation: 216162199b28c13a410421893ffa2e32 -> 
  custom:scripting/monoscript/fileName/AbstractRuntimeServices.Gen.cs: 90647cc400823b41df847a6cbfc29026 -> 
  custom:scripting/monoscript/fileName/EnvironmentInfo.cs: 78a754ae7b45de5c0f5a2d3aef9c92f6 -> 
  custom:scripting/monoscript/fileName/BiperworksRebinder.cs: 61b04674de1e8bfd471eb2a0a6898f66 -> 
  custom:scripting/monoscript/fileName/MemoryConfigurationLoader.cs: e1621a8e05504bfbe89a438b0282bf97 -> 
  custom:scripting/precompiled-assembly-types:Unity.Collections.DocCodeSamples: 03aa084d3d803b6434d3a19bd4efa989 -> 
  custom:scripting/monoscript/fileName/NoAliasAttribute.cs: f143c4ee756cdb81705ae157ea796156 -> 47e40919f04b49dc8701e6216f1351d4
  custom:scripting/monoscript/fileName/ButtonSpriteChange.cs: f81566204edf300bef5d8ea1b1176cc1 -> 
  custom:scripting/monoscript/fileName/UnsafeParallelHashSetExtensions.gen.cs: 08ce05b79144f37e3fa725c81fe15267 -> 
  custom:scripting/monoscript/fileName/UTF8ArrayUnsafeUtility.cs: 98dd75294b6f494d8648143302130ee6 -> 
  custom:scripting/monoscript/fileName/StagingTokenExchangeUrls.cs: 7ddebca8557e1d6e23849e5e07df2296 -> 
  custom:scripting/monoscript/fileName/DeserializationSettings.cs: 1061b12039666d7d981cfe68ebb1982d -> 
  custom:scripting/monoscript/fileName/bool3x2.gen.cs: 7f2024bb8e107c3b85f93e6847f677c0 -> 6ad67e842e9f001f4905675e041c0394
  custom:scripting/monoscript/fileName/IProjectConfiguration.cs: 9794b060b4360e9cc39456a13bf716cc -> 
  custom:scripting/monoscript/fileName/EarlyInitHelpers.cs: 83f2ef803587502aa43a764bfaff3766 -> 
  custom:scripting/monoscript/fileName/IDiagnosticsFactory.cs: 8a3a37fd862b7581b4621716ed14b18e -> 
  custom:scripting/monoscript/fileName/half2.gen.cs: 7816131b273dfbe62c7a27c74161c262 -> a6f90a50ab057fcfbb93f80dff9467ec
  custom:scripting/monoscript/fileName/IServiceFlagRequest.cs: b3a0a6e65e5600f2006d43595e9e07b1 -> 
  custom:scripting/monoscript/fileName/FixedStringFormat.gen.cs: bee80dd64417b695a3ab4edd137d6566 -> 
  custom:scripting/monoscript/fileName/ConfigurationEntry.cs: c1ed8586c7c9df05d945744b24303784 -> 
  custom:scripting/monoscript/fileName/v128.cs: 117d41d4706f1df0b65a9e2453bf6a48 -> e021cba7e9c369437e29248cab7adb92
  custom:scripting/monoscript/fileName/FileSystem.cs: ab92d4d8629b2af54c3a35102bd12cc4 -> 
  custom:scripting/monoscript/fileName/XmlLinkedMember.cs: 83ebbc44b07d4de0b62121c7811a18b1 -> 
  custom:scripting/precompiled-assembly-types:Unity.Services.Core.Device: 63b48da9c583ff24a0dde69e3097501c -> 
  custom:scripting/monoscript/fileName/Unicode.cs: f97bf556b0d99c0ed9d5ebf00a173353 -> 
  custom:scripting/monoscript/fileName/SharedStatic.cs: 74550ff9370ca87319b80787c2203d8d -> f05c0e41a9966bdff75df2ec1c0154e3
  custom:scripting/monoscript/fileName/JsonWebToken.cs: 576840f242d675d41e4a3e0094ff62a5 -> 
  custom:scripting/monoscript/fileName/IEditorGameServiceIdentifier.cs: a0ceaf826ce6fd5a1bb279e1579a965f -> 
  custom:scripting/monoscript/fileName/OfflineUiHelper.cs: 74f5179e6468b11d72cd60998e0c725b -> 
  custom:scripting/monoscript/fileName/DoubleObjectController.cs: 761223e234bd9a8b8163cedfa92ac097 -> 
  custom:scripting/monoscript/fileName/Sse3.cs: 869deae3083ccfe6b60b2585f9e67560 -> 790f25d56fba1e7a48c0a0766c0ad6a6
  custom:scripting/monoscript/fileName/noise3Dgrad.cs: 910f0614e94a5348f941ea0d56b2c568 -> 2eb29bf877494e27d7b8d68303a33727
  custom:scripting/monoscript/fileName/BurstDisassembler.Core.ARM64.info.cs: 924d9993bb4f5055a61b0166f627d3c3 -> b15d06942db1ac71042be253eef84e7f
  custom:scripting/monoscript/fileName/bool4x2.gen.cs: 586d6e84a82661c406c0747e29931ce1 -> 5e92d30f937bc7e4e4a07b2b81c06b27
  custom:scripting/monoscript/fileName/AsyncOperationAwaiter.cs: ddd9d932eca2ff6dc550c174a68fdc5b -> 
  custom:scripting/monoscript/fileName/Plane.cs: c32fcb4d635f10949ba9a2b53f7d21ec -> 69547098044c0683a5ff9d9b8674a0ba
  custom:scripting/monoscript/fileName/UnsafeAppendBuffer.cs: 5a9572fb3414d7d386993b9deda40896 -> 
  custom:scripting/monoscript/fileName/UnityServicesInitializer.cs: fa9a608355e48120534d684af5f04612 -> 
  custom:scripting/monoscript/fileName/ActionSchedulerCleaner.cs: 1750f9737ba65c8b5f441e824f90784f -> 
  custom:scripting/monoscript/fileName/MinMaxAABB.cs: 99b6b3f339a5e250751ae4f780607d7a -> 87e440667b74c17b186d7505988d93e6
  custom:scripting/monoscript/fileName/ProjectConfiguration.cs: b6a00bb7bd3df2a451321f73e7cb7141 -> 
  custom:scripting/monoscript/fileName/NativeParallelMultiHashMap.cs: 1e38321ac54bf0ebd0ddc433f96b1d0e -> 
  custom:scripting/monoscript/fileName/double2x2.gen.cs: 1175e86c851890dc199d0e88708ffccb -> 1b24b88380b01d73274245c8a3f891ca
  custom:scripting/monoscript/fileName/UnsafeBitArray.cs: be9a302f17ebba9c8bfe6d9fc79836b3 -> 
  custom:scripting/monoscript/fileName/v256.cs: cc278cab80741b277f80e482a2e6740b -> 47c636eb6f790c9afbde51106c5c5b53
  custom:scripting/monoscript/fileName/Sync.Gen.cs: ac834b133bcd24c6292144f8ec2fc479 -> 
  custom:scripting/monoscript/fileName/EnvironmentConfigProvider.cs: cadac2235852654a9596b0eac1628eac -> 
  custom:scripting/monoscript/fileName/Csr.cs: 869deae3083ccfe6b60b2585f9e67560 -> 790f25d56fba1e7a48c0a0766c0ad6a6
  custom:scripting/precompiled-assembly-types:Mono.Cecil.Rocks: d98f994105b32bbc8f98a0bab029ed34 -> 
  custom:scripting/monoscript/fileName/NewtonsoftSerializer.cs: 455e87e74f7c4ce7bdb201550b0ccccf -> 
  custom:scripting/monoscript/fileName/AccessTokenErrorUiHelper.cs: 398831acfad9119e6105671c7f2d98b3 -> 
  custom:scripting/monoscript/fileName/ServiceUrlBuilder.cs: 75f301a24c4e4d38116d1a1c11631963 -> 
  custom:scripting/monoscript/fileName/LockedPackageRegistry.cs: 99e3472ea654b46f01a9dea3a90719dd -> 
  custom:scripting/monoscript/fileName/HttpResponse.cs: fe56c84be580f48ba5f6047136e2cf67 -> 
  custom:scripting/monoscript/fileName/ProjectConfigurationBuildInjectorWithPlayerProcessor.cs: bfe4c2bc0cd0ee036e60e1bfa30dda8a -> 
  custom:scripting/monoscript/fileName/GenericContext.cs: 382a922cd4d3f0ca6cf18c02fb0e5430 -> 91513e0bd2facda2d12405e8de8d8a9b
  custom:scripting/monoscript/fileName/IServiceUrlBuilder.cs: 13be638527219a0b32af6fd5c7433f19 -> 
  custom:scripting/monoscript/fileName/classicnoise4D.cs: 910f0614e94a5348f941ea0d56b2c568 -> 2eb29bf877494e27d7b8d68303a33727
  custom:scripting/monoscript/fileName/int4x3.gen.cs: 67f76716aed15a7705ce52ae92c6a128 -> 8504016f71ab8b36158b7cb8a5461a8b
  custom:scripting/monoscript/fileName/IEnvironmentAnalytics.cs: c2ab3518cf2897a2ac4cf87258f13731 -> 
  custom:scripting/monoscript/fileName/classicnoise2D.cs: 910f0614e94a5348f941ea0d56b2c568 -> 2eb29bf877494e27d7b8d68303a33727
  custom:scripting/monoscript/fileName/NEON_AArch64.cs: 27dfd32aeb3aec362855d6a15ae66a4f -> 68ba95faf7f0f0403852fb6af2a2f956
  custom:scripting/precompiled-assembly-types:Unity.Collections.BurstCompatibilityGen: d26056d813c945132a21ff9f8750c98e -> 
  custom:scripting/precompiled-assembly-types:Unity.RenderPipelines.Core.Editor: bb05a4b341bab765164189ba57a3b64d -> f8860ff5929cb85b004a64116af8e0c7
  custom:scripting/monoscript/fileName/JobReflectionDataPostProcessor.cs: e1f319111c11d6198fa53d79b59ba6d0 -> 
  custom:scripting/monoscript/fileName/Hint.cs: 73569c0368c38045b2f569420e45a0a1 -> 35c736c413c7f058326ce656dfcde31e
  custom:scripting/monoscript/fileName/BurstRuntime.cs: da2dbf1247f62950b565aeade2339490 -> dd1cc6bb42ddae27b5305860068dfb8c
  custom:scripting/monoscript/fileName/MinimumBinaryHeap.cs: 58e2f67451a6dd12649c5819616167df -> 
  custom:scripting/monoscript/fileName/xxHash3.AVX2.cs: bbc99b1bfd2f994ebd53a189bfb34bc9 -> 
  custom:scripting/monoscript/fileName/ModelBinding.Gen.cs: 90647cc400823b41df847a6cbfc29026 -> 
  custom:scripting/monoscript/fileName/matrix.gen.cs: 1fc7e9a9978c6bc6327a2ef3562b3b82 -> 8040951fec6b586df3a34908a47f7536
  custom:scripting/monoscript/fileName/DependencyNotFoundException.Gen.cs: b85b8fa51199029c7dffa67f92fbcb8c -> 
  custom:scripting/monoscript/fileName/IInitializablePackageV2.cs: aa06fccc5712784ca17e5e7b41810911 -> 
  custom:scripting/monoscript/fileName/PostNormalizedVectorDrawer.cs: bcc5a130e288cb1ea7e6214244bd90aa -> 1e9cc5a1d5ea64a4691d9edff2f31467
  custom:scripting/monoscript/fileName/UnsafeStream.cs: 256399a9cf220f56a541766f1fe0b55f -> 
  custom:scripting/monoscript/fileName/int2x4.gen.cs: 19df88eae659245962107924a4f8beb4 -> 5edaa4c8e18b723d836f4e66d7a2ad24
  custom:scripting/monoscript/fileName/AdminApiHeaders.Gen.cs: 90647cc400823b41df847a6cbfc29026 -> 
  custom:scripting/monoscript/fileName/UnityThreadUtilsInternal.cs: db907031b91c05c00109dd0308888529 -> 
  custom:scripting/monoscript/fileName/double2.gen.cs: 6d6f846a6947f4edc6c86aae983cab7a -> 9fcc709faf542a3c28101e289489d3c3
  custom:scripting/monoscript/fileName/HttpClient.cs: 6f589aa53e23fc30613c9de6ca38fe21 -> 
  custom:scripting/monoscript/fileName/bool2x2.gen.cs: 9f5ba9e667296230e5a7dd8098d86f1e -> 4649c574bdda23c59b5d49d1b662bc61
  custom:scripting/monoscript/fileName/uint3x2.gen.cs: cb5adb59636d29fe64c2a59690629fe9 -> e9ed99b7eae876425b9236af5d545e3a
  custom:scripting/monoscript/fileName/UnityPatchProjectV1Request.cs: c6a39576d362d5719b8c0057b54f465b -> 
  custom:scripting/precompiled-assembly-types:Unity.Mathematics: b00366944e6a3b525e034d31ff80169e -> eda48956a0bece48f802264722748d9b
  custom:scripting/monoscript/fileName/ServicesCreationException.cs: 40142800771fcc1f5855193d741c129e -> 
  custom:scripting/monoscript/fileName/HeapString.gen.cs: 2f8bea3137363b1eadd89d8db8473288 -> 
  custom:scripting/monoscript/fileName/IEnvironmentFetcher.cs: 4324c744baa655843f8a2db18e322b79 -> 
  custom:scripting/monoscript/fileName/ITokenExchangeUrls.cs: f529e59149e9ccc31fc5b827b34c33db -> 
  custom:scripting/monoscript/fileName/UnsafeParallelHashSet.cs: 5e2ab9cfe81e04de31d18dbafae66b8c -> 
  custom:scripting/monoscript/fileName/uint3.gen.cs: 07250d494d70da63323c03829a109a7b -> 2439c557987b3f1dafd36143ddfb8c40
  custom:scripting/precompiled-assembly-types:Unity.Services.Core.Threading: ca5820d3037e7034a063518fa47775e2 -> 
  custom:scripting/monoscript/fileName/double4x4.gen.cs: c712f0479a2da80505c5f34004582140 -> d67599d4a9300cb241e4695cd70324ae
  custom:scripting/monoscript/fileName/ReadOnlyHttpRequest.cs: 8ed1e96527aeaf3049f26baaeff0902d -> 
  custom:scripting/monoscript/fileName/UnsafeParallelHashMap.cs: 8c2ef7a027d6725f567219b8c50f247e -> 
  custom:scripting/monoscript/fileName/BurstDisassembler.Core.Wasm.cs: 924d9993bb4f5055a61b0166f627d3c3 -> b15d06942db1ac71042be253eef84e7f
  custom:container-muxer-webm: aa71ff27fc2769a1b78a27578f13a17b -> 
  custom:scripting/monoscript/fileName/LabeledPopup.cs: aaac60160bcf5911cfd22427e122285e -> 87f082da9aa2abffd22a5b3019d4e188
  custom:scripting/monoscript/fileName/VisibilityAttribute.cs: 49e798b1c498546f09244503349891b2 -> 
  custom:scripting/monoscript/fileName/ActionScheduler.cs: 4b3a1bee28d6ab276113779464cd5e1f -> 
  custom:scripting/monoscript/fileName/BurstDisassembler.cs: 5af3bf689b9a2f927160aa1f9ee98cdd -> d51fb062bede2b9ca5d97ccc2e501c19
  custom:video-decoder-webm-vp8: 9c59270c3fd7afecdb556c50c9e8de78 -> 
  custom:scripting/monoscript/fileName/EnvironmentSettingsProvider.cs: 237263cbc2f115c0b90b2c3fc83a1110 -> 
  custom:scripting/monoscript/fileName/UnityUpdateOrganizationRequest.cs: c81a99780bba7daac8cc2c5dac469fe1 -> 
  custom:scripting/monoscript/fileName/float3.gen.cs: d2a3af208755cfe0205a5add4cbf782b -> 61e461104f30d07064c299c5ac2c9a3e
  custom:scripting/monoscript/fileName/BurstCompileTarget.cs: 47adecc05bc5bde9cd2b85670fa94f8b -> 5a1d233d747b0d562e7d5017bb80886e
  custom:scripting/precompiled-assembly-types:Unity.Services.Core.Editor: 2ce628c64b79eaab06a757513fdb9c3f -> 
  custom:scripting/monoscript/fileName/UnityAdsIdentifier.cs: 6666e4d931c1a681dcee861ce8dc56a2 -> 
  custom:scripting/monoscript/fileName/RetryPolicyConfig.cs: 533d36c1df5475ce177f07fcbfd5c545 -> 
  custom:scripting/monoscript/fileName/Constant.cs: 56e49c7e9d6abbdcb72cf45bc4184613 -> 9503cddf79e2a3fdeab51cc0257c4da1
  custom:scripting/monoscript/fileName/EnvironmentValidator.cs: 08b5a9dc48dd22c719e1975ef1db1683 -> 
  custom:scripting/monoscript/fileName/NEON_ctor.cs: 27dfd32aeb3aec362855d6a15ae66a4f -> 68ba95faf7f0f0403852fb6af2a2f956
  custom:scripting/monoscript/fileName/JobsMenu.cs: 2df7b5d475c31ebab4767437c73f47f4 -> 
  custom:scripting/monoscript/fileName/FixedStringFormatMethods.gen.cs: fcdca1abcdc2fd593bd0d11b27b9b2c5 -> 
  custom:scripting/monoscript/fileName/ProjectConfigurationBuilder.cs: 3a77bc00f860533701242ca98886ca86 -> 
  custom:scripting/monoscript/fileName/IAccessTokens.cs: 3e3094814f4dba04dfbc3053655e6598 -> 
  custom:scripting/monoscript/fileName/UserRoleRequestUiHelper.cs: a99a899edbebc06ce30ec51f79ff566a -> 
  custom:scripting/monoscript/fileName/int3x3.gen.cs: 8da9d8d1067461c55dbf4fa0f6b692cf -> dc1405f0f1704a2ec1efb4946b5d5f85
  custom:scripting/monoscript/fileName/UtcTimeProvider.cs: 34e00235b689057dfe7c5f53347158ea -> 
  custom:scripting/monoscript/fileName/int4x4.gen.cs: 0e76084ebee4c8312f336ff84d58a04c -> e1c5029dddb71a1513ebdf470db7528e
  custom:scripting/monoscript/fileName/RewindableAllocator.cs: ff203a8232e03cdb6b2db057c0882a0f -> 
  custom:SearchIndexIgnoredProperties: e643bd26f0fe6173181afceb89e7c659 -> 
  custom:scripting/monoscript/fileName/bool4x3.gen.cs: fe90c06e5cec5b26385f16e64919351e -> 3b9b4adbcec8eec926ee3ca5bd1a9e49
  custom:scripting/monoscript/fileName/SystemEnvironmentPathUtils.Gen.cs: 9f60a7d4b8edfd5e67c66c89eee984df -> 
  custom:AudioImporter_EditorPlatform: d09bf68614088b80899f8185d706f6e7 -> 
  custom:scripting/monoscript/fileName/EnvironmentsApiInternal.cs: ddda38a23193b92419a4176f3ffd04a7 -> 
  custom:scripting/monoscript/fileName/EditorGameServiceAnalyticData.cs: 0fc6f3bf04cc7c89fce9a2c7c7ab285b -> 
  custom:scripting/monoscript/fileName/ConstructorNotFoundException.Gen.cs: d5eeea08ebee99ae8f097d0f6c2b88b0 -> 
  custom:scripting/monoscript/fileName/EnvironmentServiceRegistry.cs: 87c6dee4ea55850e884c48687d120061 -> 
  custom:scripting/monoscript/fileName/AccessTokensSingleton.cs: ed21a5edcf5821a4e4c3f640d88a8890 -> 
  custom:scripting/monoscript/fileName/IoUtils.cs: 407719a7637f4a4931cf4ba6f0c431e9 -> 
  custom:scripting/monoscript/fileName/IgnoreWarningAttribute.cs: 0d7229169d4125415775d3108e0f5f3f -> 95b6772ff35299aa9927da5e6696b2f1
  custom:scripting/monoscript/fileName/FixedString.gen.cs: 546503330a4423d9e22205762e6dc907 -> 
  custom:scripting/monoscript/fileName/XmlLinkedMethod.cs: 0832a872e8f410f9dbd4e4797775d14c -> 
  custom:scripting/monoscript/fileName/uint4x3.gen.cs: 5c842eaf04659601d64e86e873d2dc4b -> b01c5cd7a56bd5c67682617427bf7881
  custom:scripting/monoscript/fileName/ITimeProvider.cs: ddd25bd8e3c8be311aae000881753524 -> 
  custom:scripting/monoscript/fileName/MissingComponent.cs: 6fcd30b84d1ca630662778f50cedadd3 -> 
  custom:scripting/monoscript/fileName/Responses.cs: cf8e91b141cc85b29c745e415fc1f688 -> 
  custom:scripting/monoscript/fileName/Transient.Gen.cs: fb508b42c100a2c07b866a44f9ab3ed0 -> 
  custom:scripting/monoscript/fileName/NativeList.cs: 3e39181d220491b697fd73718c9e6b89 -> 
  custom:scripting/monoscript/fileName/IInstallationId.cs: f04e3188def2f4af24969a3d446782a7 -> 
  custom:scripting/monoscript/fileName/BurstCompileAttribute.cs: d6b4f38d813b7cc3ab63dc8ec73aa58a -> f1834e5146c37c3c879fe10d3c8c9e49
  custom:scripting/monoscript/fileName/bool3.gen.cs: f73cc99fcfd3d7b311d94017869f72e0 -> 5af2629b3ff9dbb3bbfcc70064a35529
  custom:scripting/monoscript/fileName/uint4x2.gen.cs: e8b292c670996f99dc647f630b2d028d -> b7591412c0d582e5dffe67f85a90dd0a
  custom:scripting/precompiled-assembly-types:Mono.Cecil.Mdb: dfddc2d5e9570038a3ea8da067257c97 -> 
  custom:scripting/monoscript/fileName/float4.gen.cs: a5929fc9c81f37a217f61110104af506 -> b782c632ec38515e69077afe722e950b
  custom:scripting/monoscript/fileName/uint3x4.gen.cs: 810549df666bfc264109dae029c3ad17 -> 85b37160b72ca5d09aa390a0ed4ac5d3
  custom:scripting/monoscript/fileName/InitializationOptions.cs: a3b098c01b711d197eb5be831c1fe3cb -> 
  custom:scripting/monoscript/fileName/BurstCompatibleAttribute.cs: 5516bac227e59cc058e743022f755993 -> 
  custom:scripting/monoscript/fileName/ResponseDeserializationException.cs: ee4bcd8feef77e51dd56d7612403078e -> 
  custom:scripting/monoscript/fileName/IEnvironments.cs: c0584c08a0bd557b383eebd7f6ddb36a -> 
  custom:scripting/monoscript/fileName/UnsafeAtomicCounter.cs: 9e2f4dbe854338916842c8ff7fbe03de -> 
  custom:scripting/monoscript/fileName/DefaultApiRequests.cs: 0c40f474d191c79755786a315c4d3837 -> 
  custom:scripting/monoscript/fileName/ButtonByButtonController.cs: bdd6f7704876e7ac5d67b606215bf64e -> 
  custom:scripting/monoscript/fileName/FixedStringMethods.cs: fcdca1abcdc2fd593bd0d11b27b9b2c5 -> 
  custom:scripting/monoscript/fileName/PlatformSupportUiHelper.cs: c2fb091feeb92fc6d04201e72415cd6f -> 
  custom:scripting/monoscript/fileName/IConfigurationProvider.cs: af9003c2ff2e581cf6d2023a9420f4ca -> 
  custom:scripting/monoscript/fileName/IMetricsFactory.cs: fde5d2b8b6a1babbe7e5508a35a60c95 -> 
  custom:scripting/monoscript/fileName/ChannelToken.cs: 749f097d0aecdba9e5864aa66e7c548d -> 
  custom:scripting/monoscript/fileName/ProjectBindRedirectUiConstants.cs: 1d3bd9a52471c7a484b82396440177cc -> 
  custom:scripting/monoscript/fileName/UnsafeNotBurstCompatible.cs: 9920b2dcf54d07855dc87b05b9a22299 -> 
  custom:scripting/monoscript/fileName/HttpServiceConfig.cs: a19e8b39679e0da2413fb1719624f1f2 -> 
  custom:scripting/monoscript/fileName/EditorGameServiceFlagEnabler.cs: ed4b01161596daf6c007c5cb985797df -> 
  custom:scripting/monoscript/fileName/EditorValueTracker.Gen.cs: 90647cc400823b41df847a6cbfc29026 -> 
  custom:scripting/monoscript/fileName/ProjectConfigurationBuilderHelper.cs: f79e2dec68c2a8a55186a3fd4274546b -> 
  custom:scripting/monoscript/fileName/IUnityThreadUtils.cs: 09e8ec6b5955782b75f75b287fbd41f1 -> 
  custom:scripting/monoscript/fileName/Sse.cs: 869deae3083ccfe6b60b2585f9e67560 -> 790f25d56fba1e7a48c0a0766c0ad6a6
  custom:scripting/monoscript/fileName/IConfigurationLoader.cs: 2906069c8520611bdd1356369b0a29f4 -> 
  custom:scripting/monoscript/fileName/FixedStringInternalMethods.cs: fcdca1abcdc2fd593bd0d11b27b9b2c5 -> 
  custom:scripting/monoscript/fileName/UnityListProjects200Response.cs: 428e859b4396ae3112aa4ecacae32fbf -> 
  custom:scripting/monoscript/fileName/CorePackageInitializer.cs: 829d217bce271cb9c1fa63d564b476ec -> 
  custom:scripting/monoscript/fileName/uint2.gen.cs: 16c687047be4a3d9d18671b7f1514a8d -> f442e48493395c3c057fa324c1ed7700
  custom:scripting/monoscript/fileName/AssemblyResolver.cs: 5d80bf0419ced3ef86f9dc251f8f6957 -> d02bbd84bf24106c236ab13c6c3d719f
  custom:scripting/monoscript/fileName/EnvironmentNotFoundException.cs: 8f8ecf9219a7a93736afa67d923d561a -> 
  custom:scripting/precompiled-assembly-types:Unity.Collections: 4a46ba792d71a8ef631019192135d028 -> 
  custom:scripting/monoscript/fileName/cellular2x2x2.cs: 910f0614e94a5348f941ea0d56b2c568 -> 2eb29bf877494e27d7b8d68303a33727
  custom:scripting/monoscript/fileName/matrix.cs: 3c89deedfaaffcc017fba2cf913f12ee -> 17bd875ecbf69296bc7f1415237b5bf7
  custom:scripting/monoscript/fileName/DependencyTreeInitializeOrderSorter.cs: 398a0f081d411379f31bc2eb52bbbd21 -> 
  custom:scripting/monoscript/fileName/cellular3D.cs: 910f0614e94a5348f941ea0d56b2c568 -> 2eb29bf877494e27d7b8d68303a33727
  custom:scripting/monoscript/fileName/UnityGetUserPermissions200Response.cs: 7fdf29503cc5301312d984f2af06eb45 -> 
  custom:scripting/monoscript/fileName/IJobParallelForFilter.cs: df20d5af76497ee9382afe3d36f1f1f4 -> 
  custom:scripting/monoscript/fileName/bool3x4.gen.cs: 42c7ba8bd569aafe7a1ccd38b69ca362 -> dd64119ecce8747c9d345fc62ed63bff
  custom:scripting/monoscript/fileName/NEON.cs: 27dfd32aeb3aec362855d6a15ae66a4f -> 68ba95faf7f0f0403852fb6af2a2f956
  custom:audio-decoder-ogg-vorbis: bf7c407c2cedff20999df2af8eb42d56 -> 
  custom:scripting/monoscript/fileName/NativeText.gen.cs: 963d74023cd13b0e64909bb76f1d047a -> 
  custom:scripting/monoscript/fileName/int2x3.gen.cs: 19a71af308909120a7ea6452646e4208 -> 377af658550da76bc0efa7c5a755eb90
  custom:scripting/monoscript/fileName/ConcurrentMask.cs: d56a0fef284c9e5059f89974aedb695c -> 
  custom:scripting/monoscript/fileName/CloudEnvironmentConfigProvider.Gen.cs: 5a0c9bc3528e508605862cace6052ab9 -> 
  custom:scripting/monoscript/fileName/ScheduledInvocationComparer.cs: 83106d0c8c6b049feeaa7bc89351f333 -> 
  custom:scripting/monoscript/fileName/NativeReference.cs: 707aa775b4e3cc858cb239cb84a29e93 -> 
  custom:scripting/monoscript/fileName/DefaultApi.cs: 1d4ada5f7be42c3459105e8a4ff7befa -> 
  custom:scripting/monoscript/fileName/UnityServicesBuilder.cs: 2c873918180573f10abfeda6ebefa0f9 -> 
  custom:scripting/monoscript/fileName/ServiceRegistry.cs: 9f2f77edf09fc4d5ffdc5ae250d852d2 -> 
  custom:scripting/monoscript/fileName/EnvironmentAnalyticsSender.cs: 8bcdd72c4f4f7ba6fed9617ecb7e992f -> 
  custom:scripting/monoscript/fileName/Popcnt.cs: 869deae3083ccfe6b60b2585f9e67560 -> 790f25d56fba1e7a48c0a0766c0ad6a6
  custom:scripting/monoscript/fileName/ScheduledInvocation.cs: 6dd46403260fc3e01309ae7e636c0e8a -> 
  custom:scripting/monoscript/fileName/UnityProjectNotLinkedException.cs: fffb6126e50500c8c570125732d06308 -> 
  custom:scripting/monoscript/fileName/ServicesInitializationException.cs: 905c414eaf6bb9e99e87b7be57e80385 -> 
  custom:scripting/monoscript/fileName/CoreRegistry.cs: f8cefd7d8b5109f3c61c0ba5ed06a2ed -> 
  custom:scripting/monoscript/fileName/Configuration.cs: 4d19c1da7f614cc93468a9d05d08dc7d -> 
  custom:scripting/monoscript/fileName/InvalidJwtException.cs: 44c6d327479bc7179514ecd464e65b5b -> 
  custom:scripting/monoscript/fileName/NativeNotBurstCompatible.cs: 8e8b404b4fa69e1b7cea25947e47b9bd -> 
  custom:scripting/monoscript/fileName/IProjectStateRequest.cs: 27b27df4e3b68078a5908d7df6fce95f -> 
  custom:scripting/monoscript/fileName/ILPostProcessingLegacy.cs: d9910f2de3f51974efe13df8267dc87d -> 1474151453fb056da8fe50e6cda891db
  custom:scripting/monoscript/fileName/CLILeakDetectionSwitcher.cs: 57bd385706945886454b568fb0644a83 -> 
  custom:scripting/monoscript/fileName/XmlLinkedType.cs: 879123e42892f87010bef78e341312d0 -> 
  custom:scripting/monoscript/fileName/EditorGameServiceDashboardHelper.cs: ea8538090dcae2327f4c15e2ca056258 -> 
  custom:scripting/monoscript/fileName/UnsafeRingQueue.cs: beeb81b22bb86e018042f1eea3e37e38 -> 
  custom:scripting/monoscript/fileName/ApplyRevertChangeTracker.Gen.cs: 90647cc400823b41df847a6cbfc29026 -> 
  custom:scripting/monoscript/fileName/CollectionExtensions.Gen.cs: aff9dee80b4292d09c09f3acd69a3289 -> 
  custom:scripting/monoscript/fileName/IComponentRegistry.cs: 31dc7d917392108590a76b6f7b8e718f -> 
  custom:scripting/monoscript/fileName/IEditorGameService.cs: faa7656610bf6f8463e95c403d6c6e6c -> 
  custom:scripting/monoscript/fileName/int3x4.gen.cs: a41355fd8e3f2df0223626fb4f0b3908 -> 8460bfcadb3ac350c26daa6b9595294c
  custom:scripting/monoscript/fileName/NativeParallelHashMapExtensions.cs: 462869b482cb0a426c099c8676c75416 -> 
  custom:scripting/monoscript/fileName/psrdnoise2D.cs: 910f0614e94a5348f941ea0d56b2c568 -> 2eb29bf877494e27d7b8d68303a33727
  custom:scripting/monoscript/fileName/EnvironmentSettings.cs: e2b98ee836b42374bfa16506e47055ce -> 
  custom:scripting/monoscript/fileName/F16C.cs: 869deae3083ccfe6b60b2585f9e67560 -> 790f25d56fba1e7a48c0a0766c0ad6a6
  custom:scripting/monoscript/fileName/BiperworksPrefabReplace.cs: 3feb3c89b6276f76667f74d9e5c161ed -> 
  custom:scripting/precompiled-assembly-types:Unity.Collections.LowLevel.ILSupport: fc98657c35e94db2b30cdf006548cc51 -> 
  custom:scripting/monoscript/fileName/IChannel.cs: db8ed6536767d05dc3fe7251f4a4dcd3 -> 
  custom:scripting/monoscript/fileName/IAsyncOperation.cs: f56289e88c7dcb628d7e5619c74e7538 -> 
  custom:scripting/monoscript/fileName/XmlLinkerModel.cs: d4c2817476b9b278a7b7808d61032596 -> 
  custom:scripting/monoscript/fileName/QuaternionDrawer.cs: 3e16f8b999b15ff8f3cb65c56d92372c -> 11323f18a038f5e869f0b55e53c54a31
  custom:scripting/monoscript/fileName/Memory.cs: 24fa5e8e684139a9a6b2bb764c620a28 -> 
  custom:scripting/monoscript/fileName/UnsafeList.cs: d4153fc6c06f3c788b1e8373e28421fd -> 
  custom:scripting/monoscript/fileName/Metrics.cs: ff969a3864869c6435b83c963d65cf34 -> 
  custom:scripting/monoscript/fileName/BurstAssemblyDisable.cs: 05c2ec5d4cb82dde153fd26804b0759c -> b6ce5635cda12e16b9d3052a32a53ef4
  custom:scripting/monoscript/fileName/IVivoxTokenProviderInternal.cs: 8f6eac73831e2d88349c636e0c8277cf -> 
  custom:audio-encoder-webm-vorbis: bf7c407c2cedff20999df2af8eb42d56 -> 
  custom:scripting/monoscript/fileName/BurstString.Float.cs: 2be5f73de1c4aa5655ffe1179ecab0e5 -> f7cf2d4ac32cd23a2133a777bc8e9bdf
  custom:scripting/monoscript/fileName/UnityWebRequestUtils.cs: f709ddaaeb44d62e1a53fe224983d54c -> 
  custom:scripting/precompiled-assembly-types:Assembly-CSharp-Editor: 55be5156d4d9bf13a4a71e730e6bff5f -> e6dd162cf99c2a2b175dc18b4efe7df7
  custom:scripting/monoscript/fileName/DependencyTree.cs: 0bd2915409b5c0af8089da1663502e47 -> 
  custom:scripting/monoscript/fileName/BiperworksMissingChecker.cs: 59ef92542e37bf12350114bc93e856ab -> 
  custom:scripting/monoscript/fileName/AsyncOperation.cs: f23cc551eab7049146420a4196093425 -> 90647cc400823b41df847a6cbfc29026
  custom:scripting/monoscript/fileName/LongTextArea.cs: dfdcf6f0be8f7d5d7c8ee22ae4b70ab5 -> 4c687402ecd5f2af3a470023aff89eca
  custom:scripting/monoscript/fileName/UnityAddressV1.cs: 4d4ba30b341c7e72810f3c36b5914fa5 -> 
  custom:scripting/monoscript/fileName/IGatewayTokens.cs: af8d58613a9fd459a444ee8b327072b0 -> 
  custom:scripting/monoscript/fileName/xxHash3.cs: d876f695d67b3d527466020445c50eb8 -> 
  custom:scripting/monoscript/fileName/IInitializablePackage.cs: 7a2afaa327b6f2c8c3b73c00855d936d -> 
  custom:scripting/monoscript/fileName/Attributes.cs: d94dab8e1cad1d516625e289629ba937 -> 9d3861389974f0823e7e341aa6c23dae
  custom:scripting/monoscript/fileName/AnalyticsOptionsExtensions.cs: 61b53e23187fa8065622d09b0f304596 -> 
  custom:scripting/monoscript/fileName/DebugView.cs: 0cdf409b5aa8d4c25876d72b5c6a3b60 -> 
  custom:scripting/precompiled-assembly-types:Assembly-CSharp: 26e38508980b51b33a5cd8f4dad7d861 -> 843220b89751c6f5d77aed2d23b72b60
  custom:scripting/monoscript/fileName/EnvironmentSelector.cs: ac21f39d65ed579595edcbd2c9853105 -> 
  custom:scripting/monoscript/fileName/JsonHelpers.cs: 8837ad713480b6b5528a3b03a0d76fa1 -> 
  custom:scripting/monoscript/fileName/DefaultCdnConfiguredEndpoint.cs: 624837102d8bef2a2323b0b82727af95 -> 
  custom:scripting/monoscript/fileName/BurstString.cs: 2be5f73de1c4aa5655ffe1179ecab0e5 -> f7cf2d4ac32cd23a2133a777bc8e9bdf
  custom:scripting/monoscript/fileName/Scope.Gen.cs: 409412ebac5387d01283cada94af8d59 -> 
  custom:scripting/monoscript/fileName/ListExtensions.cs: 0f96dfdcfd19dc46bb3b974629f04481 -> 
  custom:scripting/monoscript/fileName/SliderToggleUiHelper.cs: 297bb968c6a98e033483e5885bc5e941 -> 
  custom:scripting/monoscript/fileName/WeaponMaterialChanger.cs: c6cf6042231fc24bb630676005510585 -> 
  custom:scripting/monoscript/fileName/IFileSystem.cs: d0a5668d9c43d0a16eec8fa2a37aa20c -> 
  custom:scripting/monoscript/fileName/IJobBurstSchedulable.cs: b6e06c07f5c6bc961caf27d1af5dcc7a -> 
  custom:scripting/precompiled-assembly-types:Unity.Collections.Editor: 17a2c29eb18a6d0bac0ad4051a669537 -> 
  custom:scripting/monoscript/fileName/BurstCompiler.cs: 25961ab6b2aa72f0ea3a28043bd3e34e -> 7b21670e31210e9f8a136d10cb1b9317
  custom:scripting/monoscript/fileName/IService.cs: afa2330a6d32be2e7a659227e3bf813e -> 
  custom:scripting/monoscript/fileName/double4.gen.cs: b43680ff2b317f0fe763ec2a9290cc4d -> c861322ff5ab8c01e3e4b508791cf124
  custom:scripting/monoscript/fileName/rigid_transform.cs: d545dec909ae361cd40bcedcc9499d93 -> 36bbdd985ffacdf5ee0745cfd3a1f08d
  custom:scripting/monoscript/fileName/CollectionsAllocationExamples.cs: 72ea6f1c8990c690aca4410bcc8d43b6 -> 
  custom:scripting/monoscript/fileName/CoreRegistration.cs: afa90de4a402b0848ad8b60755b1ca20 -> 
  custom:scripting/monoscript/fileName/ServicesInitialization.cs: 5bc34492fe95212cc8524c8c7be8ec36 -> 
  custom:scripting/monoscript/fileName/CameraController_AnimationReset.cs: 17bef6419ebea7b605e5c34da435370d -> 
  custom:scripting/monoscript/fileName/PropertyAttributes.cs: 06c93b729a6fbfd605aedc09fb6acd2e -> f9be6ff8022c2b7e9364b782f234d192
  custom:scripting/monoscript/fileName/IVivox.cs: 6d92ea4b822d1fa7e4b8787c59760673 -> 
  custom:scripting/monoscript/fileName/UnityCreateAddressRequest.cs: 231eb736f0a651a8ee21e6aa579173ae -> 
  custom:scripting/monoscript/fileName/UnityListOrganizationFavoriteProjects200Response.cs: 2acfbc626d621e368ef9190462157b7a -> 
  custom:scripting/monoscript/fileName/BurstAotCompiler.cs: 999e0496849ba059c880640ab57448ab -> a41b7d0d053e0898c09eec7c4f1c3c21
  custom:scripting/monoscript/fileName/IPlayerId.cs: 8ec284f91dceb8f1818908be17c609b0 -> 
  custom:scripting/monoscript/fileName/int2.gen.cs: 7d7139da21249719b860c4fd6fa5b14f -> ba08380188673eb89fbe6c63125635e5
  custom:scripting/monoscript/fileName/Avx2.cs: 869deae3083ccfe6b60b2585f9e67560 -> 790f25d56fba1e7a48c0a0766c0ad6a6
  custom:scripting/monoscript/fileName/EngineStateHelper.cs: ebfe492ca39645883d66825c2e77f1d0 -> 
  custom:scripting/monoscript/fileName/EnvironmentProvider.cs: e6441984086d3ec4f02dd82b6dec6df1 -> 
  custom:scripting/monoscript/fileName/PackageInitializationInfo.cs: 82c881c6d5f9d1b5f2eba332919bcd1c -> 
  custom:scripting/monoscript/fileName/int4.gen.cs: 6fd7c2be80cf8c29505f41dfd239b1ae -> 6202c51352f8408238811f81cf17884b
  custom:scripting/monoscript/fileName/DisabledDiagnostics.cs: dca147f0ee6a8cbd3c40d0fb15b26062 -> 
  custom:scripting/monoscript/fileName/JsonHelper.cs: 0b5759f67f92e2eb09febb2082aca955 -> 
  custom:scripting/monoscript/fileName/noise3D.cs: 910f0614e94a5348f941ea0d56b2c568 -> 2eb29bf877494e27d7b8d68303a33727
  custom:scripting/monoscript/fileName/MetricsFactory.cs: ff8596a1ccea2041a0c0cfe2841c8f74 -> 
  custom:scripting/precompiled-assembly-types:Unity.Services.Core: 6658084c01118ae8f1ea78527e00c6d1 -> 
  custom:scripting/monoscript/fileName/float4x2.gen.cs: 05588d3fca2e28a31b6264c026dcf338 -> a70cf4e9d29e9357ba0e68d3ee43ce34
  custom:scripting/monoscript/fileName/EnvironmentsClient.cs: 9c80a43488077f46562fa053df484911 -> 
  custom:scripting/monoscript/fileName/ReadOnlyObservableCollection.Gen.cs: 90647cc400823b41df847a6cbfc29026 -> 
  custom:scripting/monoscript/fileName/Environments.cs: 8b1687fd15649a52827b18b8b452a28f -> 
  custom:scripting/monoscript/fileName/Bmi2.cs: 869deae3083ccfe6b60b2585f9e67560 -> 790f25d56fba1e7a48c0a0766c0ad6a6
  custom:scripting/monoscript/fileName/UnityAnalyticsIdentifier.cs: 40be8e11923159cf7c61c72c1a1b26dd -> 
  custom:video-codec-MediaFoundation-h265: 746d11721c4dcdbdad8f713fa42b33f4 -> 
  custom:scripting/monoscript/fileName/AsyncOperationBase.cs: adfca800027e0922d59797ee493a2672 -> 
  custom:scripting/monoscript/fileName/UnsafeScratchAllocator.cs: 4face5614d3825fa48ae79289f69aa1b -> 
  custom:scripting/monoscript/fileName/half3.gen.cs: 5d046df99f0d37f450cb3ea068ad7762 -> 935b3c49f9c5126f28352e4a48406e0a
  custom:scripting/monoscript/fileName/UnityUserOrganizationsV1OrganizationsInner.cs: 440e6e939c241944b318429e561d5df2 -> 
  custom:scripting/monoscript/fileName/PathUtils.Gen.cs: 5ddc0068a1cf521fafc42781cf03a3a9 -> 
  custom:scripting/monoscript/fileName/IEditorGameServiceRegistry.cs: 4894c70fd515017ae46efb4f44f8b3e2 -> 
  custom:scripting/monoscript/fileName/RequestFailedException.cs: a9eaec06c59248353e0ced5cdc95723f -> 
  custom:scripting/monoscript/fileName/BurstCompatibilityTests.cs: 7d7c24becd314d1054104dfc27a7e1e1 -> 
  custom:scripting/monoscript/fileName/XmlLinkedModelsExtensions.cs: 9e8a2b9216079ba87ebfd084960b4ac0 -> 
  custom:scripting/monoscript/fileName/EditorGameServiceRemoteConfiguration.cs: 0cdf409b5aa8d4c25876d72b5c6a3b60 -> 
  custom:scripting/monoscript/fileName/UnityUploadIconV1201Response.cs: a7cab146027c2f1549f57a603ca22560 -> 
  custom:scripting/monoscript/fileName/uint2x4.gen.cs: 3caae4a623bddfadce4b73c36541ab39 -> 817d68c720fa6aa9b67a61d7c1b206d0
  custom:scripting/monoscript/fileName/DisabledDiagnosticsFactory.cs: 92ef54fd2e9d3765db37c6ce29121dc7 -> 
  custom:scripting/monoscript/fileName/BitField.cs: 435cec31f980ea5ce1d1e89b13684a57 -> 
  custom:video-decoder-ogg-theora: a1e56fd34408186e4bbccfd4996cb3dc -> 
  custom:scripting/monoscript/fileName/EnvironmentSaveSystem.cs: 931610e413c03621f898c65e36f44fc6 -> 
  custom:scripting/monoscript/fileName/NativeQueue.cs: 0e981ce8b9429d0fa5b8752248b5a6fd -> 
  custom:scripting/monoscript/fileName/ComponentRegistry.cs: 2fefa8b1f349de188d35295b3042e694 -> 
  custom:scripting/monoscript/fileName/CecilExtensionMethods.cs: 017bd73f50ff4a917914ebf884a3c046 -> 
  custom:scripting/monoscript/fileName/EnvironmentsClientFactory.cs: 325dec75592389c16ac743f438f24960 -> 
  custom:scripting/monoscript/fileName/ConfigurationCollectionHelper.cs: cb4dac2b34c76624ca64d0ad91214a93 -> 
  custom:scripting/monoscript/fileName/NativeArrayExtensions.cs: 480ae80e25a67512135651e8db7b75bc -> 
  custom:scripting/monoscript/fileName/DictionaryExtensions.cs: d37b3043b5339f13af7295850374111a -> 
  custom:scripting/monoscript/fileName/AsyncOperationExtensions.cs: 1fabcad386c6a3966bbd7925c1ec32e2 -> 
  custom:scripting/monoscript/fileName/ProjectUnlinkBuildWarning.cs: c52465de41a758f7a3babb293254b52b -> 
  custom:scripting/monoscript/fileName/IProjectStateHelper.cs: 3adea7eb7ff850864d22d07f530e0111 -> 
  custom:scripting/monoscript/fileName/ICloudProjectId.cs: 60ddc28b5a3880441601b503b311a533 -> 
  custom:scripting/monoscript/fileName/svd.cs: 348beec2ecc2e2db545a80433e4107e2 -> 
  custom:scripting/monoscript/fileName/ICopyable.Gen.cs: 90647cc400823b41df847a6cbfc29026 -> 
  custom:scripting/monoscript/fileName/ThreadingUtility.cs: 04b3b0b0336f4a10f1d8aa16ba8bb5cf -> 
  custom:scripting/monoscript/fileName/IHttpClient.cs: 88481d25a1f892f1dc32d0efcddba205 -> 
  custom:scripting/monoscript/fileName/bool4x4.gen.cs: 50a6831c58ef3836ae8715535acd4a4c -> 832d1ba72f52e457d65ecd6ca1ba2b2e
  custom:scripting/precompiled-assembly-types:Unity.Services.Core.Networking: 61bebe50ea392373ad9b763369998b02 -> 
  custom:scripting/precompiled-assembly-types:Unity.Services.Core.Telemetry: 93d339c2f6637582a5436fa1367ea7d7 -> 
  custom:scripting/monoscript/fileName/IMetrics.cs: cc4d6b26e54335130aeffb94ca489467 -> 
  custom:scripting/monoscript/fileName/IEnvironmentService.cs: d28a6fb640eb356196b9c1017c7a0d37 -> 
  custom:scripting/monoscript/fileName/StreamingAssetsConfigurationLoader.cs: 2f115cec9bfe6872856ee4ad61eb2c3f -> 
  custom:scripting/monoscript/fileName/double3x3.gen.cs: a1e2af8139fc0e717165cdc2c522e14d -> cf2bca4cc9e8b93d47929417a1a999f7
  custom:scripting/monoscript/fileName/NEON_AArch64_crypto.cs: 27dfd32aeb3aec362855d6a15ae66a4f -> 68ba95faf7f0f0403852fb6af2a2f956
  custom:scripting/monoscript/fileName/EnvironmentChangedParameters.cs: 0ad6f60cc0b0e0ea02aed10221f7c8a8 -> 
  custom:scripting/monoscript/fileName/ObjectToggle.cs: e65399e714ef4a652d2c5593ec47887b -> 
  custom:scripting/monoscript/fileName/double3x2.gen.cs: 46c3fc0f20bf244200b61fe88bd5c16a -> 87fbe5b4a5a90e3c915d83933bb7a691
  custom:scripting/monoscript/fileName/CoreDiagnostics.cs: 041dd565425b56b2b823902ba53cfe54 -> 
  custom:scripting/monoscript/fileName/ProjectBindRedirectContentUI.cs: ea393b5b63051e326686665efb7ed1d2 -> 
  custom:scripting/monoscript/fileName/HashExceptions.cs: 0c04f84e29310842caf31699037c2a6f -> 
  custom:scripting/monoscript/fileName/Il2CppEagerStaticClassConstructionAttribute.cs: bfb9943dc4234f8038240348dd8c0237 -> 5ae90a36296d2fe83dd98e9361e907e8
  custom:scripting/monoscript/fileName/IActionScheduler.cs: e5388884c9a263c0b7f149f53626af31 -> 
  custom:scripting/monoscript/fileName/DiagnosticsFactory.cs: 3828493052568497f2ccdc68dea8b14c -> 
  custom:scripting/monoscript/fileName/UnityUserOrganizationsV1.cs: 73dafadd41de13ace6058db610522dcd -> 
  custom:scripting/monoscript/fileName/XmlLinkedProperty.cs: 29784440eed3b7889f0bfe76633cc000 -> 
  custom:scripting/monoscript/fileName/TaskAsyncOperation.cs: deaa3dfd455420a1f0dece4fa000e9b1 -> 
  custom:scripting/monoscript/fileName/Singleton.Gen.cs: 66c389d1e92bc70efd18b5d3b46f6bca -> 
  custom:scripting/precompiled-assembly-types:Unity.Services.Core.Environments.Internal: a94ac62d8b6ab44e5914a671ad4dd355 -> 
  custom:scripting/monoscript/fileName/OrganizationHandler.cs: 8e4686813d139f7c9962131a6d917980 -> 
  custom:scripting/monoscript/fileName/cellular2x2.cs: 910f0614e94a5348f941ea0d56b2c568 -> 2eb29bf877494e27d7b8d68303a33727
  custom:scripting/monoscript/fileName/half.cs: d66ca18b1c3237e0e12e183e1878dc38 -> cf3f2b0bcee127ccdac6d87167bcc406
  custom:scripting/monoscript/fileName/NativeSort.cs: 928f4174a21486fd6ff139d2de03d8ce -> 
  custom:scripting/monoscript/fileName/UnityTransferProjectRequest.cs: 160aa9e78d67107dbad79b2602ea5baf -> 
  custom:scripting/monoscript/fileName/RegisterGenericJobTypeAttribute.cs: 1d60c181f5a8e659e1317e2ca71a691e -> 
  custom:scripting/monoscript/fileName/ConfigurationBuilder.cs: bd1d62f2bf3afb62754531eee8a4e204 -> 
  custom:scripting/monoscript/fileName/EnvironmentView.cs: eacb7d766ee45d9a07ea107dc0c80ac6 -> 
  custom:scripting/monoscript/fileName/AccessTokens.cs: 7f3bd47a4ee3b608248d36969879b607 -> 
  custom:scripting/monoscript/fileName/IUserRoleClient.cs: d3496f158bb376dd3e2c64e54c7c3a7e -> 
  custom:scripting/precompiled-assembly-types:Newtonsoft.Json: a784019f7e79cf0f65e748d41d4ceb44 -> 
  custom:scripting/monoscript/fileName/HttpOptions.cs: 99f08410c8743651b2a8fdf6d32f10c4 -> 
  custom:scripting/precompiled-assembly-types:Unity.Services.Core.Configuration.Editor: 9ec415489f81483910eef61e419cb1d9 -> 
  custom:scripting/monoscript/fileName/UnityOrganizationWithAddressV1.cs: 0255bc6178742cff2a423de9eb51e6a2 -> 
  custom:scripting/monoscript/fileName/IJobParallelForBurstSchedulable.cs: 62a263188bc9cf02c532293c26fa74bb -> 
  custom:CustomObjectIndexerAttribute: 72b91833f83ae208fae7752999fa3104 -> 
  custom:scripting/monoscript/fileName/classicnoise3D.cs: 910f0614e94a5348f941ea0d56b2c568 -> 2eb29bf877494e27d7b8d68303a33727
  custom:scripting/monoscript/fileName/NEON_AArch64_rdma.cs: 27dfd32aeb3aec362855d6a15ae66a4f -> 68ba95faf7f0f0403852fb6af2a2f956
  custom:scripting/monoscript/fileName/ThreadHelper.cs: 1d011737e8133fca1a700a78b9269e43 -> 
  custom:scripting/monoscript/fileName/UserError.cs: e8271dc4b82776e36e2aa534dcd90f5e -> 
  custom:scripting/monoscript/fileName/FunctionPointerInvokeTransform.cs: 78ee86208e709b5fd706a0c77fd5004f -> 87582112a32f635e413c776846ec78de
  custom:scripting/monoscript/fileName/ServicesBehaviour.cs: fc86e18139c2e2cab6df5bf113811eb1 -> 
  custom:scripting/monoscript/fileName/UnityCreateOrganizationRequest.cs: 4cf5c8730ffaa3c5888d236ebc6475fc -> 
  custom:scripting/monoscript/fileName/float2x2.gen.cs: 43554c150c14083eb2313acaa2e78aeb -> f203c6ed52cbda2033cd1859a76ab02f
  custom:scripting/monoscript/fileName/EditorGameServiceSettingsProvider.cs: 2cb6ae4d961883e67f3e282b18d40d94 -> 
  custom:scripting/monoscript/fileName/CecilExtensions.cs: 092e8a73dda2df206baaf95a0d738493 -> 300205ae85edbb88d6c0c35c47681451
  custom:scripting/precompiled-assembly-types:Unity.Services.Core.Configuration: f7859697b434adc89f377c95a9589d8a -> 
  custom:container-demuxer-webm: 4f35f7cbe854078d1ac9338744f61a02 -> 
  custom:scripting/monoscript/fileName/CoreRegistryInitializer.cs: e34ea8cde280e241aa2682bcb33aae4f -> 
  custom:scripting/monoscript/fileName/IEnvironmentProvider.cs: 3109b26c8523241ba567e094603484cc -> 
  custom:scripting/monoscript/fileName/IdentityIOneOf.cs: 29de1876e6381d1376e3875f63eb04e7 -> 
  custom:scripting/monoscript/fileName/BurstDisassembler.Core.x86.info.cs: 924d9993bb4f5055a61b0166f627d3c3 -> b15d06942db1ac71042be253eef84e7f
  custom:scripting/monoscript/fileName/bool2x4.gen.cs: 43766066d40cfe4ff0038faa3bf06406 -> 0202187d1d97b3838c3acec749a94370
  custom:scripting/monoscript/fileName/FixedStringParseMethods.cs: fcdca1abcdc2fd593bd0d11b27b9b2c5 -> 
  custom:scripting/monoscript/fileName/JsonObjectConverter.cs: 38bbb4aa4e7eb125ad2bec69e448a02f -> 
  custom:scripting/monoscript/fileName/UnityWebRequestHelpers.cs: 0394add6a9f301a01222078b29ac0b18 -> 
  custom:scripting/monoscript/fileName/uint2x3.gen.cs: a0bafa71da357e9ffdf41329e0e0b8ab -> dc149d5147f76ef2e3b7b3e87df71cde
  custom:scripting/monoscript/fileName/LockedComponentRegistry.cs: ff7d4cf11049af0d186f2bffab21c5d3 -> 
  custom:scripting/monoscript/fileName/IServiceFactory.Gen.cs: 5696ff4e8140aef57b36c4052f3bfc23 -> 
  custom:scripting/monoscript/fileName/IUserRoleHandler.cs: 33c258d1966d18e84a25c5d4701ea0a4 -> 
  custom:scripting/monoscript/fileName/LoggedOutUiHelper.cs: ded703f4d077a86b901d24f648f694ca -> 
  custom:scripting/monoscript/fileName/MatrixDrawer.cs: 8db100ecc54d49584518b132374bd945 -> 54f407ec7134aa445531b0da7f5e0ded
  custom:scripting/monoscript/fileName/IDeserializable.cs: 16d3138d206e866a34233b134f1222b0 -> 
  custom:scripting/monoscript/fileName/float2x4.gen.cs: 14bf825e2338394967d25657f23195c2 -> 8f6e3792d53a47d3e0816efd26cbabde
  custom:scripting/monoscript/fileName/CollectionBinding.Gen.cs: 90647cc400823b41df847a6cbfc29026 -> 
  custom:scripting/monoscript/fileName/Diagnostics.cs: 310215ddbef3d1759d3801a8f9ab01fa -> 
  custom:scripting/precompiled-assembly-types:Unity.RenderPipelines.Universal.Runtime: b4da6d942b71b4e6ce89ba3d2d2d75bb -> c5166759b6a57e85ad306d514ccfa90f
  custom:scripting/monoscript/fileName/ExceptionHelper.cs: 074ec3a4464566a6e9a1f4db3dfb905f -> 
  custom:scripting/monoscript/fileName/MergedObservableCollection.Gen.cs: 90647cc400823b41df847a6cbfc29026 -> 
  custom:scripting/monoscript/fileName/StatusCodePolicyConfig.cs: a90864f22acd00607534d01b8dae197f -> 
  custom:scripting/monoscript/fileName/ProjectBindRedirectProjectSettingsUi.cs: 07a51e74c57a4053931e01d14a91288e -> 
  custom:scripting/precompiled-assembly-types:Unity.Services.Core.Environments: b07b1f8809421d1b72991502cdcbc5ac -> 
  custom:scripting/monoscript/fileName/IProjectInfo.cs: 2c81b6190195adf1450efd9b8f54de95 -> 
  custom:scripting/monoscript/fileName/StreamingAssetsUtils.cs: 4a501e19e96ab989552681f7cfe95d3b -> 
  custom:scripting/monoscript/fileName/PackageInfoNameComparer.cs: ea0f38f3a3ddb0faa351ccba3098624f -> 
  custom:scripting/monoscript/fileName/UnityWebRequestHelper.cs: 2e5cbc5c38937ccdc5de3700aaa6f529 -> 
  custom:scripting/precompiled-assembly-types:Unity.Services.Core.Analytics: 7e90522691a1ed8cc152d6a40d3f03b4 -> 
  custom:scripting/precompiled-assembly-types:Mono.Cecil: ccd3eb1a29ea76869e665d6c237ddc80 -> 
  custom:scripting/monoscript/fileName/RetryPolicy.cs: e04bb42ac963f6250bc780a051aeca72 -> 
  custom:scripting/monoscript/fileName/IAnalyticsSender.cs: 27ac0f3c61390701fdd3b82b17bedf22 -> 
  custom:scripting/monoscript/fileName/UserRoleHandler.cs: a42f5e4f9979e28831240d76ea709864 -> 
  custom:scripting/monoscript/fileName/AllocatorManager.cs: 38c7b2bd1aa48880a7078890d02430db -> 
  custom:scripting/monoscript/fileName/int2x2.gen.cs: b89550457ed493745cf779e29d833419 -> 63739a46f5092b211c341383068e9d3a
  custom:scripting/monoscript/fileName/IEnvironmentValidator.cs: bdc1089a446560e3518f7ac97786d874 -> 
  custom:scripting/monoscript/fileName/FixedStringAppendMethods.cs: fcdca1abcdc2fd593bd0d11b27b9b2c5 -> 
  custom:scripting/monoscript/fileName/UnityUserGuestProjectV1.cs: 58ac7a8966d050da82ebd9946d7ad9a7 -> 
  custom:scripting/monoscript/fileName/SafeStringArrayHelper.cs: 38e2cda5fcac6d8044d6ce3723202ea5 -> c8d46796c0d02dc9724140077fd6c374
  custom:scripting/monoscript/fileName/ButtonGenerator.cs: 3d3f3475b43f68b35746396a6141d4a1 -> 
  custom:scripting/monoscript/fileName/IsolatedJsonConvert.cs: d399be4ef15efaacaf7758f4b29d410e -> 
  custom:scripting/monoscript/fileName/MappedObservableCollection.Gen.cs: 90647cc400823b41df847a6cbfc29026 -> 
  custom:scripting/monoscript/fileName/IUserIdentifierProvider.cs: dc5eeac839d4cf332ea648a7fdcd39d6 -> 
  custom:scripting/monoscript/fileName/UnityGetOrganizationMembers200Response.cs: 2a3745ba3cf60a91cc07f675b5cfe7f0 -> 
  custom:scripting/monoscript/fileName/FunctionPointer.cs: ea3b19baafd3ebcb60e92f687402237d -> b278ab85034025b7289bef45e0874487
  custom:scripting/precompiled-assembly-types:Unity.Collections.CodeGen: 4967d61b017ec6c1e88a9e176f1d3f19 -> 
  custom:scripting/monoscript/fileName/bool2x3.gen.cs: a73639df76ec913064f3ac91f58b98c5 -> c45708c9bd53a8b7f658164314a10c61
  custom:scripting/monoscript/fileName/CloudEnvironmentConfigProvider.cs: 0d9357504beb82cf1f27ae6c7b6ddec2 -> 
  custom:scripting/monoscript/fileName/IServerAccessToken.cs: 5dfd5eddfcd0cafe1db05f4c334820f7 -> 
  custom:scripting/monoscript/fileName/Sse2.cs: 869deae3083ccfe6b60b2585f9e67560 -> 790f25d56fba1e7a48c0a0766c0ad6a6
  custom:scripting/monoscript/fileName/math.cs: 84897ebc80325b58465d1a856e47c89e -> 3e1f77dfafdda862ef1fdae58189cdb5
  custom:scripting/monoscript/fileName/ProjectInfo.cs: d289d5cd3d7bbcf9a82d73b4aa756d36 -> 
  custom:scripting/monoscript/fileName/double4x3.gen.cs: d5e192211e239db73c016b47e641c333 -> 0f480b77cbe2235a6a07fec4a8104303
  custom:scripting/monoscript/fileName/UnityCreateProjectRequest.cs: 553b660d315929e3419e6a209f9bb6ab -> 
  custom:scripting/monoscript/fileName/BurstPlatformAotSettings.cs: d9c4daff02e435a41bbec9b06ebbdaea -> e55a3d6d232eb892da58dcc30668a0b8
  custom:scripting/monoscript/fileName/BurstMath.cs: a8e238815417f3af4bbd45bfd740da03 -> d94624ee519cab4bff493f67794b1527
  custom:scripting/monoscript/fileName/BurstReflection.cs: afa533733f4dc5137f95c85cb30225b4 -> a904f9b2bf9ba0accae4702e11f47640
  custom:scripting/monoscript/fileName/CameraWalk.cs: 166d4ad3d917a982ce875f5f0a68b26e -> 
  custom:scripting/monoscript/fileName/int3.gen.cs: 9e9f576d507fb3936c89b523e378eb23 -> f3e7aece5ea81aaaacfae8f3b0dbf645
  custom:scripting/monoscript/fileName/UnityEnvironmentV1.cs: 1eea8ffdfb5010d89d3ba557b2d50eab -> 
  custom:scripting/monoscript/fileName/quaternion.cs: 7189ca19bff9611f6da0aa0a9c59bf0b -> 0762c6482396ed4f34408952c0956647
  custom:scripting/monoscript/fileName/ServiceCollection.Gen.cs: ee70a277f1bc1e6641d018ca44380804 -> 
  custom:scripting/monoscript/fileName/float4x4.gen.cs: cccf3207dd639016e8d0fc5b940ce646 -> a5bb36679a244217e37dd9fb5d3d2ed4
  custom:scripting/monoscript/fileName/double3x4.gen.cs: d966fefecbb21e1878e781b6e6eb9bc1 -> d3f6959e28d6480d7d5313a2c890e5a1
  custom:scripting/monoscript/fileName/GatewayTokens.cs: 53270745929a7034c3268a07c13af48c -> 
  custom:scripting/monoscript/fileName/BurstMenu.cs: 814d22383aeaf354b3d01e8753d80cd7 -> ba8f72dcdc01403dc080f70f4b855f19
  custom:scripting/monoscript/fileName/half4.gen.cs: 0f1fcad15aa401d00bc4590770c4f62b -> abea9356568c8480c38dd790db58969d
  custom:scripting/monoscript/fileName/UnsafeParallelMultiHashMap.cs: 0ecf0b5b4a9207402e80b603ad9a119c -> 
  custom:scripting/monoscript/fileName/NativeStream.cs: f901789de80a9ec3530751f3f60eb2f8 -> 
  custom:scripting/precompiled-assembly-types:Unity.Services.Core.Registration: 6ff2c253681b1c95fc4436f661813f21 -> 
  custom:scripting/monoscript/fileName/MethodNotFoundException.Gen.cs: 0dccde8d1181b58956dff819eeec312c -> 
  custom:scripting/monoscript/fileName/MaterialChanger.cs: b35a24e49591189d3950389006c7db39 -> 
  custom:scripting/monoscript/fileName/noise2D.cs: 910f0614e94a5348f941ea0d56b2c568 -> 2eb29bf877494e27d7b8d68303a33727
  custom:scripting/monoscript/fileName/BurstEditorOptions.cs: 49a29b1cc3aae7ee8ad61a5c191ad2a8 -> 9c5afa3a809e97579143a619b525af7f
  custom:scripting/monoscript/fileName/IProjectEditorDrawerFactory.cs: 18c5020e4a357b0471f706a6144cefa8 -> 
  custom:scripting/monoscript/fileName/bool2.gen.cs: 861fe78322050118fc595dc4284cae94 -> 26e96b66e2dc8fbd46eb4ce6284c510a
  custom:scripting/monoscript/fileName/CorePackageRegistry.cs: 3f8b8a1a754bcbf32e1631fc6067b47f -> 
  custom:scripting/monoscript/fileName/UnityOrganizationV1.cs: 202fa32fa70a6d9b0b74b5c00b1b741c -> 
  custom:scripting/monoscript/fileName/IQosResults.cs: b6881487c0f26ab46e2124c1d0e04307 -> 
  custom:scripting/monoscript/fileName/IAccessTokenObserver.cs: b63bda9cbc64f15f0d3427f52571574c -> 
  custom:scripting/monoscript/fileName/IExternalUserId.cs: e86cbc4ee2ec705a01d2d8184f1aa316 -> 
  custom:scripting/monoscript/fileName/NativeParallelHashMap.cs: 0ecf0b5b4a9207402e80b603ad9a119c -> 
  custom:scripting/monoscript/fileName/AssetUtils.cs: f2faf7ad4b4b5b06d49e576afa8ccb42 -> 
  custom:scripting/monoscript/fileName/ServicesInitializationEditor.cs: 9a8da73184df77ef11e2b6fd2f04d32d -> 
  custom:scripting/monoscript/fileName/int3x2.gen.cs: 3102a78c1d8b0f67c6797c0bf649d991 -> 3713def57441460b7d8181bf2ebb068b
  custom:scripting/monoscript/fileName/random.cs: 9095e89a9c9a9233dfc5faa4dc75c33b -> 773187f16d25a3763332e4d0e08067fb
  custom:scripting/monoscript/fileName/IEditorGameServiceAnalyticsSender.cs: 16523e3d16356ae30addab5eaf4685a1 -> 
  custom:scripting/monoscript/fileName/IEnvironmentId.cs: 26e3448d664cf5b5e38101bfbead1ab4 -> 
  custom:scripting/monoscript/fileName/IDiagnostics.cs: 57266d83136060880a8bc854151a2f08 -> 
  custom:scripting/monoscript/fileName/IUnityServices.cs: abc5b758eed1a2c05dfbb253b9cdf1d6 -> 
  custom:scripting/monoscript/fileName/float3x2.gen.cs: 545e8762f0e28e5bb1be1c472fa039dd -> c82cdc670988a624afef0b4a59da9960
  custom:scripting/monoscript/fileName/NativeParallelHashSet.cs: 5e2ab9cfe81e04de31d18dbafae66b8c -> 
  custom:scripting/monoscript/fileName/IScopedServiceProvider.Gen.cs: a3e3117c2208173e411da686f8072dfc -> 
  custom:scripting/monoscript/fileName/PackageRegistry.cs: 084618e5fb4441b39eee335cbd095e50 -> 
  custom:scripting/monoscript/fileName/XmlLinkedAssembly.cs: 997f803bab31374df714b0d6f004c82e -> 
  custom:scripting/monoscript/fileName/int4x2.gen.cs: 06de189ab87954f032d6395001af7bcc -> 03019ae5b6ae2c22f6bcc41f109a6f3f
  custom:scripting/monoscript/fileName/CoreMetrics.cs: ba96eafc8557f10e49a5a2dab28be8c2 -> 
  custom:scripting/monoscript/fileName/ServicesInitializationEvents.cs: 223f9edfffeabcf11135ebfb5e966647 -> 
  custom:scripting/monoscript/fileName/double3.gen.cs: 5154079fb312071cf35601a361004703 -> 377c7acd7948bf71aea5d8cf8236ee9b
  custom:scripting/monoscript/fileName/ServiceFlagRequest.cs: 81cbfe44ade2ec4f46d5579d02db90c8 -> 
  custom:scripting/monoscript/fileName/SkipLocalsInitAttribute.cs: 317e2a89b70357c20342615fd85d0395 -> e4f8d5a888902955673e1ed6a9dfb76a
  custom:scripting/monoscript/fileName/HttpRequest.cs: 32f191459fcac54e96d5c4ad496a3ed5 -> 
  custom:scripting/monoscript/fileName/ValidationResult.cs: 12d4a9b1790e80408d1518f479a1a01f -> 
  custom:scripting/monoscript/fileName/AssumeRangeAttribute.cs: a138805f6c483ab3d42e249817bdf161 -> d3abc900d6b7c73addcf3398d2779a03
  custom:scripting/monoscript/fileName/UnityProjectV1.cs: 33ee54c3546ae8cbce557ab2aca1756e -> 
  custom:scripting/monoscript/fileName/Fma.cs: 76b83bf8a5d0f959f2f96ac2bfe62268 -> 550ccd401d2d76d5e362c6ec284ceeaa
  custom:scripting/monoscript/fileName/ProjectState.cs: 5da9c4bc1768108d8af5cc6cbfdc9de1 -> 
  custom:scripting/monoscript/fileName/UnityServicesInternal.cs: 5ea85354f5b78172e34fac25411fe7cf -> 
  custom:scripting/monoscript/fileName/PreserveDependencyAttribute.cs: 7b33b3b969409f6a38fb0affb51f2db7 -> 
  custom:scripting/monoscript/fileName/IWire.cs: 30c1d87985bae6279501282a5e19ad84 -> 
  custom:scripting/monoscript/fileName/IJobParallelForDefer.cs: e07ef36294e1a6b9a754482355e9fda6 -> 
  custom:scripting/monoscript/fileName/UnityGetEnvironments200Response.cs: 337f99d16b0b96efb2206d69acad4db0 -> 
  custom:scripting/precompiled-assembly-types:Unity.Services.Core.Environments.Editor: af3b9d0f3823f38d1d2cc22aa83bd019 -> 
  custom:scripting/monoscript/fileName/OperatePackageVersionConfigProvider.cs: 67b4bf8d5d449d0353b963ad0e103a72 -> 
  custom:scripting/monoscript/fileName/float2x3.gen.cs: f18325e6146a706cc21256589a35acb7 -> dd8be2164b904b64628efafb474868f4
  custom:scripting/monoscript/fileName/IEnvironmentsApi.cs: 10309d62b29707db950e5d0457e82d84 -> 
  custom:video-encoder-webm-vp8: eb34c28f22e8b96e1ab97ce403110664 -> 
  custom:scripting/monoscript/fileName/Sse4_2.cs: 76b83bf8a5d0f959f2f96ac2bfe62268 -> 550ccd401d2d76d5e362c6ec284ceeaa
  custom:scripting/monoscript/fileName/UserRoleRequest.cs: 8307bdf9d05c66d6ad5318e52408710f -> 
  custom:scripting/monoscript/fileName/TokenExchange.cs: bbd1ed03e8e3970b0887123f043469e1 -> 
  custom:scripting/monoscript/fileName/HttpRequestExtensions.cs: 35b1178ed1fd55cb1029b0abb50d01fc -> 
  custom:scripting/monoscript/fileName/UserRoleClient.cs: 7cb9a24ca4555e83cb355dad138297b5 -> 
  custom:scripting/monoscript/fileName/EnvironmentIdentifier.cs: 39ee00a0ac13884055f18f6371bacd6d -> 
  custom:scripting/monoscript/fileName/EnvironmentsConstants.cs: 24e9760363ef695978ba684e5d610a82 -> 
  custom:scripting/monoscript/fileName/CircularDependencyException.cs: d18ff671dcc1259992ffc320a2699238 -> 
  custom:scripting/monoscript/fileName/IJobParallelForBatch.cs: adecca892a99db28fc24adbe7bd8588e -> 
  custom:scripting/monoscript/fileName/IReadOnlyObservable.Gen.cs: 90647cc400823b41df847a6cbfc29026 -> 
  custom:scripting/monoscript/fileName/ProjectBindRedirectPopupUI.cs: e3fb92bd3ee82c9407053c4d3860bb4f -> 
  custom:scripting/monoscript/fileName/Avx.cs: 869deae3083ccfe6b60b2585f9e67560 -> 790f25d56fba1e7a48c0a0766c0ad6a6
  custom:scripting/monoscript/fileName/ExternalUserId.cs: 838ec18be418bafff07b93f14174c00c -> 
  custom:scripting/monoscript/fileName/LinkFileGenerator.cs: 2f2c64524b5aa89c8b6b768e28de537b -> 2ed47bf5d52f4c1c29dec48f52ce1e5a
  custom:scripting/monoscript/fileName/EnvironmentAnalytics.cs: df86ce352df40dfa102b41458fb9f770 -> 
  custom:scripting/monoscript/fileName/ReadOnlyHttpResponse.cs: cb67b795f50400334c6da0e8ef76361d -> 
  custom:scripting/monoscript/fileName/Ssse3.cs: 869deae3083ccfe6b60b2585f9e67560 -> 790f25d56fba1e7a48c0a0766c0ad6a6
  custom:scripting/monoscript/fileName/ProductionTokenExchangeUrls.cs: d51f7b5f35d9e0171f3c69e63ce67736 -> 
  custom:scripting/monoscript/fileName/double2x4.gen.cs: a9aedae31eab942a01dd81f5ba23ebf4 -> 685c5fa921181be1c5c2624181389ad3
  custom:scripting/monoscript/fileName/IEditorGameServiceEnabler.cs: 9ba91e68464ed1031653bae083d9cbd8 -> 
  custom:scripting/monoscript/fileName/uint4.gen.cs: 51a7f5c759ac89d78a4704a138bbec45 -> 39973cd09553f87c6828ba478621c98d
  custom:scripting/monoscript/fileName/cellular2D.cs: 910f0614e94a5348f941ea0d56b2c568 -> 2eb29bf877494e27d7b8d68303a33727
  custom:scripting/monoscript/fileName/EnvironmentService.cs: 22bbc46856bf7062678eb8e6e54cf9a2 -> 
  custom:scripting/monoscript/fileName/DeserializationException.cs: 76d207fdb77fb9b4f630a482f86ccf1d -> 
  custom:scripting/monoscript/fileName/double2x3.gen.cs: ac0d6fc940b41f658b24853cf23739e5 -> 2fbeb18c538397a8260f5c41cab0741e
  custom:scripting/monoscript/fileName/JsonObject.cs: d338d25a2a0271e9ef24c000c3688ac4 -> b4314edf02dda425962de25e5c3df291
  custom:scripting/monoscript/fileName/HttpException.cs: f6827940c1f3397a3e9f5ed27d96f36c -> 
  custom:scripting/monoscript/fileName/IPackageRegistry.cs: 7ed9d4b5a0ae537ff629f057cfa10e76 -> 
  custom:scripting/precompiled-assembly-types:Mono.Cecil.Pdb: bc7bb29408e7956d980310bdeff8d6a2 -> 
  custom:scripting/monoscript/fileName/noise4D.cs: 910f0614e94a5348f941ea0d56b2c568 -> 2eb29bf877494e27d7b8d68303a33727
  custom:scripting/monoscript/fileName/FixedStringUtils.cs: 114eb023c5774372990da700f8c2456f -> 
  custom:scripting/monoscript/fileName/BurstILPostProcessor.cs: 2a5731aefd677289925bd5cd5c4ff889 -> caa97838ab13c1add4a98ae3f9820b7e
  custom:scripting/monoscript/fileName/IAnalyticsStandardEventComponent.cs: cf50b12809cbeb8dcfefaee612a9c090 -> 
  custom:scripting/monoscript/fileName/NativeBitArray.cs: 744f6e29d77560522710809b14557136 -> 
  custom:scripting/monoscript/fileName/ServiceProvider.Gen.cs: fb28411e62c1911933783faa92ae27e4 -> 
  custom:scripting/monoscript/fileName/EnvironmentServiceExtensions.cs: ac6a6c148393eb9a5f8fb75c98af0cdb -> 
  custom:scripting/monoscript/fileName/xxHash3.StreamingState.cs: 73af6f62e3ccfaecb2c43562b8c60a23 -> 
  custom:scripting/monoscript/fileName/IOrganizationHandler.cs: f8b346f72bb06934d5f47a4eb5bf2f52 -> 
  custom:scripting/monoscript/fileName/CollectionsExamples.cs: 5c3c7e50116fce8e4387bbf68d9603e4 -> 
  custom:scripting/monoscript/fileName/XmlLinkedField.cs: 58331cd1e1b9bc9099ae07f125c40794 -> 
  custom:scripting/monoscript/fileName/common.cs: 910f0614e94a5348f941ea0d56b2c568 -> 2eb29bf877494e27d7b8d68303a33727
  custom:scripting/monoscript/fileName/IRetryPolicy.cs: 39863b88ffafe612940e6739cfece6fc -> 
  custom:scripting/monoscript/fileName/InstallationId.cs: 5a83a3939f92e5bc55c8a90ccbe27d51 -> 
  custom:scripting/monoscript/fileName/uint2x2.gen.cs: 34db4f212de91eba69f70b6af2f41d23 -> ef58eafb69337704525106c30b2f9c86
  custom:scripting/monoscript/fileName/float3x3.gen.cs: 7de503ab17ef781383880adc785d106c -> 48f350102ac697de2455487383306e62
  custom:scripting/monoscript/fileName/BurstCompilerOptions.cs: 90c36f225bcaac40ff330fc8c75284d4 -> 462794c2cc7370a72a60909850bd4bd6
  custom:scripting/monoscript/fileName/float2.gen.cs: ccda4318c59b6be9ac0ec9d903bd32eb -> 6120954cdb3e1af6bb1e798ca56424e4
  custom:scripting/monoscript/fileName/bool3x3.gen.cs: 754b61059993a0b49e4b0f1336d4eca5 -> f3dd982fcc1d0b33ec635c43c306a1b8
  custom:scripting/monoscript/fileName/BurstDisassembler.Core.LLVMIR.info.cs: 924d9993bb4f5055a61b0166f627d3c3 -> b15d06942db1ac71042be253eef84e7f
  custom:scripting/monoscript/fileName/NEON_AArch64_dotprod.cs: 27dfd32aeb3aec362855d6a15ae66a4f -> 68ba95faf7f0f0403852fb6af2a2f956
  custom:scripting/monoscript/fileName/ServiceInstallationListener.cs: 4f550d886426ad05d9cb021f02f3b5c8 -> 
  custom:scripting/monoscript/fileName/NativeParallelHashSetExtensions.gen.cs: 63db070ab3fd6601a2653ee7ef6af335 -> 
  custom:scripting/monoscript/fileName/ConfigurationUtils.cs: e57894058b136700ef3ea680c0b15031 -> 
  custom:scripting/monoscript/fileName/BurstStringSearch.cs: 3c5d5bf3e7cd0a361303b76b832193e1 -> 69d0ecca394873c1593eee16bae2761c
  custom:scripting/monoscript/fileName/double4x2.gen.cs: 84122ae38bb713fba1bd132464694529 -> 530f8410a1ca9a96d8c16e723573cfae
  custom:scripting/monoscript/fileName/PackageConfig.cs: 6c65665380cc70d71f22e981e56d92cf -> 
  custom:scripting/monoscript/fileName/UnityOrganizationMemberV1.cs: 29203c4e087d3ba2203081bd2717405e -> 
  custom:scripting/monoscript/fileName/UnityServices.cs: 53288f4d4ff1211eb125ba005d646505 -> 
  custom:scripting/monoscript/fileName/ObjectController.cs: 044283c40ac33e17fa092d8d2e992738 -> 
  custom:scripting/monoscript/fileName/EditorGameServiceAnalyticsSender.cs: f578bf9cf78d5f56704a18cd36c88f9f -> 
  custom:scripting/monoscript/fileName/IAccessToken.cs: 359704d6f9862ce7f7142f3c9f3827a0 -> 
  custom:scripting/precompiled-assembly-types:Unity.Services.Core.Scheduler: c5a24b90c03f14c29ba6bebda52c3c14 -> 
  custom:scripting/monoscript/fileName/VisualElementHelper.cs: 0b84949c228ae121ca9bc47ce2ce3ccc -> 
  custom:scripting/monoscript/fileName/UnsafeText.cs: 252c4eef6eb1893b89e3a585d7b05a84 -> 
  custom:scripting/monoscript/fileName/IAnalyticsUserId.cs: c2cc7c28fd557b3f55cdf068b0502818 -> 
  custom:scripting/monoscript/fileName/UnityCreateEnvironmentRequest.cs: a9b0f13e8545f9920554463818374956 -> 
  custom:scripting/monoscript/fileName/PrimitiveVectorDrawer.cs: 29686ab5ff7580200bc34657b1e09832 -> 3e4cc385215599322653e09117c642ee
  custom:scripting/monoscript/fileName/ServiceFlagEndpoint.cs: 95ebbb4e72d70a377056cbf3d7a7020c -> 
  custom:scripting/monoscript/fileName/Sse4_1.cs: 869deae3083ccfe6b60b2585f9e67560 -> 790f25d56fba1e7a48c0a0766c0ad6a6
  custom:scripting/monoscript/fileName/EventBinding.Gen.cs: 90647cc400823b41df847a6cbfc29026 -> 
  custom:scripting/monoscript/fileName/CollectionHelper.cs: f2f5ea727aa85849eaae278bca48a36c -> 
  custom:scripting/monoscript/fileName/ICloudEnvironmentConfigurationProvider.cs: e191e2329b4561db479ad48b7fffb5d7 -> 
  custom:scripting/monoscript/fileName/ILPostProcessing.cs: 2c5fdb336ed93343a2a75af3484ca5a1 -> bf24e0d53d12752a069f04d5a4bfdf42
========================================================================
Received Prepare
Caller must complete domain reload
Begin MonoManager ReloadAssembly
Symbol file LoadedFromMemory is not a mono symbol file
- Loaded All Assemblies, in  0.948 seconds
Native extension for WindowsStandalone target not found
Mono: successfully reloaded assembly
- Finished resetting the current domain, in  2.079 seconds
Domain Reload Profiling: 3021ms
	BeginReloadAssembly (355ms)
		ExecutionOrderSort (0ms)
		DisableScriptedObjects (6ms)
		BackupInstance (0ms)
		ReleaseScriptingObjects (0ms)
		CreateAndSetChildDomain (55ms)
	RebuildCommonClasses (53ms)
	RebuildNativeTypeToScriptingClass (20ms)
	initialDomainReloadingComplete (54ms)
	LoadAllAssembliesAndSetupDomain (460ms)
		LoadAssemblies (669ms)
		RebuildTransferFunctionScriptingTraits (0ms)
		AnalyzeDomain (42ms)
			TypeCache.Refresh (9ms)
				TypeCache.ScanAssembly (0ms)
			ScanForSourceGeneratedMonoScriptInfo (0ms)
			ResolveRequiredComponents (29ms)
	FinalizeReload (2080ms)
		ReleaseScriptCaches (0ms)
		RebuildScriptCaches (0ms)
		SetupLoadedEditorAssemblies (860ms)
			LogAssemblyErrors (0ms)
			InitializePlatformSupportModulesInManaged (8ms)
			SetLoadedEditorAssemblies (7ms)
			RefreshPlugins (0ms)
			BeforeProcessingInitializeOnLoad (140ms)
			ProcessInitializeOnLoadAttributes (561ms)
			ProcessInitializeOnLoadMethodAttributes (135ms)
			AfterProcessingInitializeOnLoad (8ms)
			EditorAssembliesLoaded (1ms)
		ExecutionOrderSort2 (0ms)
		AwakeInstancesAfterBackupRestoration (9ms)
Refreshing native plugins compatible for Editor in 9.53 ms, found 3 plugins.
Preloading 0 native plugins for Editor in 0.00 ms.
Unloading 6357 Unused Serialized files (Serialized files now loaded: 0)
Unloading 71 unused Assets / (10.1 MB). Loaded Objects now: 6990.
Memory consumption went from 321.0 MB to 310.8 MB.
Total: 17.493000 ms (FindLiveObjects: 1.159000 ms CreateObjectMapping: 0.364600 ms MarkObjects: 5.443100 ms  DeleteObjects: 10.523800 ms)

Prepare: number of updated asset objects reloaded= 0
AssetImportParameters requested are different than current active one (requested -> active):
  custom:scripting/monoscript/fileName/Common.cs: c99d37a639876d15830bc1b4d2b2c424 -> 6ffc11e45ee8ab7a7d4178988978e63b
  custom:scripting/monoscript/fileName/uint3x3.gen.cs: 46f89d8a7f81b6035a7e26991fbc72e8 -> b354ea0e62ee3ca695eba400f73bf8a2
  custom:scripting/monoscript/fileName/Deprecated.cs: 180098a5fc2065d0380e32e2b952eebe -> c490571978d72951839b06a2825608d2
  custom:scripting/monoscript/fileName/BurstDisassembler.Core.Wasm.info.cs: 924d9993bb4f5055a61b0166f627d3c3 -> b15d06942db1ac71042be253eef84e7f
  custom:scripting/monoscript/fileName/DependencyTreeExceptions.cs: 8d717c8797566529cf594f9aab3c0409 -> 
  custom:scripting/monoscript/fileName/IDiagnosticsComponentProvider.cs: dbeac349f8c5591a0ab13c5e6354061e -> 
  custom:scripting/monoscript/fileName/Factories.Gen.cs: c9550e2a227c017a16a3e473be870754 -> 
  custom:scripting/monoscript/fileName/CloudProjectId.cs: 61b53512fd04ee0daa00dda45457438b -> 
  custom:scripting/monoscript/fileName/FixedList.gen.cs: 61852e4544d489e0d5903eb98b98e308 -> 
  custom:scripting/monoscript/fileName/IServiceRegistry.cs: 27b0be3a7d5fbabc2f8cff0f28316b4a -> 
  custom:scripting/monoscript/fileName/JobsILPostProcessor.cs: 3f303034a10abbfb33aebc2c253ab939 -> 
  custom:scripting/monoscript/fileName/SerializableProjectConfiguration.cs: 8d2aa3b56842beb1ee3e05f5a4e2f3c4 -> 
  custom:scripting/monoscript/fileName/BurstInspectorGUI.cs: bb274962adeb3b63c0ef4f58eeb3acfe -> 3b3371d5330c1720f59a915caa210691
  custom:scripting/monoscript/fileName/affine_transform.cs: ea7249476585feff13aa54bd2ccb69b0 -> 
  custom:scripting/monoscript/fileName/Aliasing.cs: 68567cebb1d169ce4f21a31c20f47d47 -> fa54b7e36cebab64c6f4b438ce5bbbb0
  custom:scripting/monoscript/fileName/uint4x4.gen.cs: 4b02c6eee0f00ce1a388bc44dd5ccc7c -> 7732c53bd697b7eb03dd735297da0fc1
  custom:scripting/monoscript/fileName/IServiceComponent.cs: 56d2b4986149318278267c2a2e499b7e -> 
  custom:container-demuxer-ogg: 62fdf1f143b41e24485cea50d1cbac27 -> 
  custom:scripting/monoscript/fileName/CommonErrorCodes.cs: 75f302fd69f29841b35f2306c97082ed -> 
  custom:scripting/monoscript/fileName/v64.cs: b639be1f4e5230c67c23ecfceaa8a8e2 -> 73e2a46ccd31f5cae0a785e2a9658313
  custom:scripting/monoscript/fileName/IChannelTokenProvider.cs: d41d74d962184eab5928b0b3bdda1ee9 -> 
  custom:scripting/monoscript/fileName/EditorGameServiceRegistry.cs: 0265fd85a62bd33c32f256257ebc576f -> 
  custom:scripting/monoscript/fileName/AnimatorControl.cs: d0195373254ff4a69e1025a91456aac0 -> 
  custom:scripting/monoscript/fileName/BurstDisassembler.Core.x86.cs: 924d9993bb4f5055a61b0166f627d3c3 -> b15d06942db1ac71042be253eef84e7f
  custom:scripting/monoscript/fileName/ProgressBar.Gen.cs: 09dcf9975c3de3bc94763c35db49d364 -> 
  custom:scripting/monoscript/fileName/ResponseHandler.cs: d3309722a6b35e47fbfcd01d3512a138 -> 
  custom:scripting/monoscript/fileName/LockedServiceRegistry.cs: ea77a1a45ffb4a9bcd250cb8233d16f9 -> 
  custom:scripting/monoscript/fileName/BurstDisassembler.Core.LLVMIR.cs: 924d9993bb4f5055a61b0166f627d3c3 -> b15d06942db1ac71042be253eef84e7f
  custom:scripting/monoscript/fileName/CoreLogger.cs: 1639b74467b5a585128e7c7cefe73635 -> 
  custom:scripting/monoscript/fileName/ExternalUserIdProperty.cs: e9524414c13dc2d0db279d48f3b164ab -> 
  custom:scripting/monoscript/fileName/DisabledMetrics.cs: bbb9bc05cfe10f1818b0676306a0b1b1 -> 
  custom:scripting/monoscript/fileName/SimdDebugViews.cs: 2a56730788f7babcb1e54d28fd040417 -> ee065a215655effb5244eeef3e220fd7
  custom:scripting/monoscript/fileName/VisibilityPropertyDrawer.cs: 70b7b4d25eb9ea5fda3178a1b5e85242 -> 
  custom:scripting/monoscript/fileName/DisabledMetricsFactory.cs: 358d9e7c090aa1eaa30e6a5f02610459 -> 
  custom:scripting/monoscript/fileName/SettingsCommonHeaderUiHelper.cs: 394582b395d6aebbb1e6e49abf6a1645 -> 
  custom:scripting/monoscript/fileName/IEditorAnalyticsEventRegistrant.cs: c4a0f7089b5b21ceafb7834c915d762f -> 
  custom:scripting/monoscript/fileName/BurstDisassembler.Core.ARM64.cs: 924d9993bb4f5055a61b0166f627d3c3 -> b15d06942db1ac71042be253eef84e7f
  custom:scripting/monoscript/fileName/IJsonSerializer.cs: 952e0b7cbb25051b8e0e85eda2a653c8 -> 
  custom:scripting/precompiled-assembly-types:Unity.Services.Core.Internal: c96c928c37d481d9497b4d4112bb56c7 -> 
  custom:scripting/monoscript/fileName/HttpClientResponse.cs: 9313baa475ddca44cec07c4995e4adab -> 
  custom:scripting/monoscript/fileName/XmlLinkedEvent.cs: efe4e7e159b94963c650fb293df0f9ff -> 
  custom:scripting/precompiled-assembly-types:Unity.Burst.Editor: 9700c786cdfeaf9f4017c0c1ac262b4c -> 1bb453082d9d949b60d566d3187c97d1
  custom:scripting/monoscript/fileName/AsyncOpRetry.cs: 7d4b426ab21943de744ee7f413070273 -> 
  custom:scripting/monoscript/fileName/Bmi1.cs: 869deae3083ccfe6b60b2585f9e67560 -> 790f25d56fba1e7a48c0a0766c0ad6a6
  custom:scripting/monoscript/fileName/IUserRoleRequest.cs: ccc5b229323b6e9c080254df6d4b51cb -> 
  custom:scripting/monoscript/fileName/DependencyTreeExtensions.cs: 63e3c71f0d430a351e6159f69f0a0682 -> 
  custom:scripting/monoscript/fileName/UnityThreadUtils.cs: 6f10d79f183f36877232e308ffa4d195 -> 
  custom:scripting/monoscript/fileName/Notifications.Gen.cs: 0b77852ac67d3ab84f489a2ddbdf8168 -> 
  custom:scripting/precompiled-assembly-types:Unity.Services.Core.Components: b1235f9078edc76fe980fa236b46b6b1 -> 
  custom:scripting/monoscript/fileName/EnvironmentsApi.cs: d5d1f45bf03abd7dd2f469acfd3b5bcb -> 
  custom:scripting/monoscript/fileName/BurstDisassembler.Core.cs: b3b080d760b6a18b7cf0870b47190ba9 -> e5f812d5efcd2a5c78433604ae4d6b38
  custom:scripting/monoscript/fileName/EnvironmentsOptionsExtensions.cs: 1e2776231b4e06a0e9b293a3623d643e -> 
  custom:scripting/monoscript/fileName/IServerEnvironmentId.cs: fff64b157cd649d3d948016718fba14e -> 
  custom:scripting/monoscript/fileName/ProjectStateRequest.cs: 6ba5b48af1466d2a4dbb6e908352d7c6 -> 
  custom:scripting/monoscript/fileName/ProjectBindRedirectPopupWindow.cs: 03988f1b5263bdfb55c00f001c224465 -> 
  custom:scripting/monoscript/fileName/bool4.gen.cs: 89d5db5b25176f8ce2b31291a8fcf567 -> ca7c0171e1585aef1c2900b66db0977a
  custom:scripting/monoscript/fileName/IEnvironmentSaveSystem.cs: 8319bf770542e6764e5512ea06d2b015 -> 
  custom:scripting/monoscript/fileName/OrganizationProvider.cs: f2089b4351294d4815b134a51aba3d17 -> 
  custom:scripting/monoscript/fileName/UnsafeUtilityEx.cs: 51fdf80e1733ea661389b0969168e4eb -> 
  custom:scripting/monoscript/fileName/BaseApiClient.cs: 8db05afd887e7e24cdb4782d155e924b -> 
  custom:scripting/monoscript/fileName/TypeAlreadyRegisteredException.Gen.cs: f78f490406edcce398401642789c4f0d -> 
  custom:scripting/monoscript/fileName/IAsyncOperationAwaiter.cs: 4e390262389eabe5476a62852a905252 -> 
  custom:scripting/monoscript/fileName/ProjectStateHelper.cs: a377430869822a008fcaab13302eb7b2 -> 
  custom:scripting/monoscript/fileName/UnityGetUserGuestProjects200Response.cs: 101aa8e271472b02f3ae37c6ca9da3cb -> 
  custom:scripting/monoscript/fileName/BurstLoader.cs: 36ef27b2f68a2283d382cc41e77edbfa -> ff77f8ae1ba38c1e7af1923752743ddf
  custom:scripting/monoscript/fileName/float4x3.gen.cs: 5e75d4a49b27c7bfdc5d24ca328726c6 -> 82da2e74a1c9948cc673acd7425c23e5
  custom:scripting/monoscript/fileName/float3x4.gen.cs: e028949e7cd389a54d6b8ef7c0e4a804 -> f425eda36f0a9a6a9785ce693ab31c65
  custom:scripting/monoscript/fileName/math_unity_conversion.cs: a14c20536b1fc0611d8629220aec8be2 -> 717272b42fdbca1935830b3071b2da3c
  custom:scripting/monoscript/fileName/UnityWebRequestClient.cs: 171ccf79c76240837e46a8b79f973b6e -> 
  custom:framework-win-MediaFoundation: 216162199b28c13a410421893ffa2e32 -> 
  custom:scripting/monoscript/fileName/AbstractRuntimeServices.Gen.cs: 90647cc400823b41df847a6cbfc29026 -> 
  custom:scripting/monoscript/fileName/EnvironmentInfo.cs: 78a754ae7b45de5c0f5a2d3aef9c92f6 -> 
  custom:scripting/monoscript/fileName/BiperworksRebinder.cs: 61b04674de1e8bfd471eb2a0a6898f66 -> 
  custom:scripting/monoscript/fileName/MemoryConfigurationLoader.cs: e1621a8e05504bfbe89a438b0282bf97 -> 
  custom:scripting/precompiled-assembly-types:Unity.Collections.DocCodeSamples: 03aa084d3d803b6434d3a19bd4efa989 -> 
  custom:scripting/monoscript/fileName/NoAliasAttribute.cs: f143c4ee756cdb81705ae157ea796156 -> 47e40919f04b49dc8701e6216f1351d4
  custom:scripting/monoscript/fileName/ButtonSpriteChange.cs: f81566204edf300bef5d8ea1b1176cc1 -> 
  custom:scripting/monoscript/fileName/UnsafeParallelHashSetExtensions.gen.cs: 08ce05b79144f37e3fa725c81fe15267 -> 
  custom:scripting/monoscript/fileName/UTF8ArrayUnsafeUtility.cs: 98dd75294b6f494d8648143302130ee6 -> 
  custom:scripting/monoscript/fileName/StagingTokenExchangeUrls.cs: 7ddebca8557e1d6e23849e5e07df2296 -> 
  custom:scripting/monoscript/fileName/DeserializationSettings.cs: 1061b12039666d7d981cfe68ebb1982d -> 
  custom:scripting/monoscript/fileName/bool3x2.gen.cs: 7f2024bb8e107c3b85f93e6847f677c0 -> 6ad67e842e9f001f4905675e041c0394
  custom:scripting/monoscript/fileName/IProjectConfiguration.cs: 9794b060b4360e9cc39456a13bf716cc -> 
  custom:scripting/monoscript/fileName/EarlyInitHelpers.cs: 83f2ef803587502aa43a764bfaff3766 -> 
  custom:scripting/monoscript/fileName/IDiagnosticsFactory.cs: 8a3a37fd862b7581b4621716ed14b18e -> 
  custom:scripting/monoscript/fileName/half2.gen.cs: 7816131b273dfbe62c7a27c74161c262 -> a6f90a50ab057fcfbb93f80dff9467ec
  custom:scripting/monoscript/fileName/IServiceFlagRequest.cs: b3a0a6e65e5600f2006d43595e9e07b1 -> 
  custom:scripting/monoscript/fileName/FixedStringFormat.gen.cs: bee80dd64417b695a3ab4edd137d6566 -> 
  custom:scripting/monoscript/fileName/ConfigurationEntry.cs: c1ed8586c7c9df05d945744b24303784 -> 
  custom:scripting/monoscript/fileName/v128.cs: 117d41d4706f1df0b65a9e2453bf6a48 -> e021cba7e9c369437e29248cab7adb92
  custom:scripting/monoscript/fileName/FileSystem.cs: ab92d4d8629b2af54c3a35102bd12cc4 -> 
  custom:scripting/monoscript/fileName/XmlLinkedMember.cs: 83ebbc44b07d4de0b62121c7811a18b1 -> 
  custom:scripting/precompiled-assembly-types:Unity.Services.Core.Device: 63b48da9c583ff24a0dde69e3097501c -> 
  custom:scripting/monoscript/fileName/Unicode.cs: f97bf556b0d99c0ed9d5ebf00a173353 -> 
  custom:scripting/monoscript/fileName/SharedStatic.cs: 74550ff9370ca87319b80787c2203d8d -> f05c0e41a9966bdff75df2ec1c0154e3
  custom:scripting/monoscript/fileName/JsonWebToken.cs: 576840f242d675d41e4a3e0094ff62a5 -> 
  custom:scripting/monoscript/fileName/IEditorGameServiceIdentifier.cs: a0ceaf826ce6fd5a1bb279e1579a965f -> 
  custom:scripting/monoscript/fileName/OfflineUiHelper.cs: 74f5179e6468b11d72cd60998e0c725b -> 
  custom:scripting/monoscript/fileName/DoubleObjectController.cs: 761223e234bd9a8b8163cedfa92ac097 -> 
  custom:scripting/monoscript/fileName/Sse3.cs: 869deae3083ccfe6b60b2585f9e67560 -> 790f25d56fba1e7a48c0a0766c0ad6a6
  custom:scripting/monoscript/fileName/noise3Dgrad.cs: 910f0614e94a5348f941ea0d56b2c568 -> 2eb29bf877494e27d7b8d68303a33727
  custom:scripting/monoscript/fileName/BurstDisassembler.Core.ARM64.info.cs: 924d9993bb4f5055a61b0166f627d3c3 -> b15d06942db1ac71042be253eef84e7f
  custom:scripting/monoscript/fileName/bool4x2.gen.cs: 586d6e84a82661c406c0747e29931ce1 -> 5e92d30f937bc7e4e4a07b2b81c06b27
  custom:scripting/monoscript/fileName/AsyncOperationAwaiter.cs: ddd9d932eca2ff6dc550c174a68fdc5b -> 
  custom:scripting/monoscript/fileName/Plane.cs: c32fcb4d635f10949ba9a2b53f7d21ec -> 69547098044c0683a5ff9d9b8674a0ba
  custom:scripting/monoscript/fileName/UnsafeAppendBuffer.cs: 5a9572fb3414d7d386993b9deda40896 -> 
  custom:scripting/monoscript/fileName/UnityServicesInitializer.cs: fa9a608355e48120534d684af5f04612 -> 
  custom:scripting/monoscript/fileName/ActionSchedulerCleaner.cs: 1750f9737ba65c8b5f441e824f90784f -> 
  custom:scripting/monoscript/fileName/MinMaxAABB.cs: 99b6b3f339a5e250751ae4f780607d7a -> 87e440667b74c17b186d7505988d93e6
  custom:scripting/monoscript/fileName/ProjectConfiguration.cs: b6a00bb7bd3df2a451321f73e7cb7141 -> 
  custom:scripting/monoscript/fileName/NativeParallelMultiHashMap.cs: 1e38321ac54bf0ebd0ddc433f96b1d0e -> 
  custom:scripting/monoscript/fileName/double2x2.gen.cs: 1175e86c851890dc199d0e88708ffccb -> 1b24b88380b01d73274245c8a3f891ca
  custom:scripting/monoscript/fileName/UnsafeBitArray.cs: be9a302f17ebba9c8bfe6d9fc79836b3 -> 
  custom:scripting/monoscript/fileName/v256.cs: cc278cab80741b277f80e482a2e6740b -> 47c636eb6f790c9afbde51106c5c5b53
  custom:scripting/monoscript/fileName/Sync.Gen.cs: ac834b133bcd24c6292144f8ec2fc479 -> 
  custom:scripting/monoscript/fileName/EnvironmentConfigProvider.cs: cadac2235852654a9596b0eac1628eac -> 
  custom:scripting/monoscript/fileName/Csr.cs: 869deae3083ccfe6b60b2585f9e67560 -> 790f25d56fba1e7a48c0a0766c0ad6a6
  custom:scripting/precompiled-assembly-types:Mono.Cecil.Rocks: d98f994105b32bbc8f98a0bab029ed34 -> 
  custom:scripting/monoscript/fileName/NewtonsoftSerializer.cs: 455e87e74f7c4ce7bdb201550b0ccccf -> 
  custom:scripting/monoscript/fileName/AccessTokenErrorUiHelper.cs: 398831acfad9119e6105671c7f2d98b3 -> 
  custom:scripting/monoscript/fileName/ServiceUrlBuilder.cs: 75f301a24c4e4d38116d1a1c11631963 -> 
  custom:scripting/monoscript/fileName/LockedPackageRegistry.cs: 99e3472ea654b46f01a9dea3a90719dd -> 
  custom:scripting/monoscript/fileName/HttpResponse.cs: fe56c84be580f48ba5f6047136e2cf67 -> 
  custom:scripting/monoscript/fileName/ProjectConfigurationBuildInjectorWithPlayerProcessor.cs: bfe4c2bc0cd0ee036e60e1bfa30dda8a -> 
  custom:scripting/monoscript/fileName/GenericContext.cs: 382a922cd4d3f0ca6cf18c02fb0e5430 -> 91513e0bd2facda2d12405e8de8d8a9b
  custom:scripting/monoscript/fileName/IServiceUrlBuilder.cs: 13be638527219a0b32af6fd5c7433f19 -> 
  custom:scripting/monoscript/fileName/classicnoise4D.cs: 910f0614e94a5348f941ea0d56b2c568 -> 2eb29bf877494e27d7b8d68303a33727
  custom:scripting/monoscript/fileName/int4x3.gen.cs: 67f76716aed15a7705ce52ae92c6a128 -> 8504016f71ab8b36158b7cb8a5461a8b
  custom:scripting/monoscript/fileName/IEnvironmentAnalytics.cs: c2ab3518cf2897a2ac4cf87258f13731 -> 
  custom:scripting/monoscript/fileName/classicnoise2D.cs: 910f0614e94a5348f941ea0d56b2c568 -> 2eb29bf877494e27d7b8d68303a33727
  custom:scripting/monoscript/fileName/NEON_AArch64.cs: 27dfd32aeb3aec362855d6a15ae66a4f -> 68ba95faf7f0f0403852fb6af2a2f956
  custom:scripting/precompiled-assembly-types:Unity.Collections.BurstCompatibilityGen: d26056d813c945132a21ff9f8750c98e -> 
  custom:scripting/precompiled-assembly-types:Unity.RenderPipelines.Core.Editor: bb05a4b341bab765164189ba57a3b64d -> f8860ff5929cb85b004a64116af8e0c7
  custom:scripting/monoscript/fileName/JobReflectionDataPostProcessor.cs: e1f319111c11d6198fa53d79b59ba6d0 -> 
  custom:scripting/monoscript/fileName/Hint.cs: 73569c0368c38045b2f569420e45a0a1 -> 35c736c413c7f058326ce656dfcde31e
  custom:scripting/monoscript/fileName/BurstRuntime.cs: da2dbf1247f62950b565aeade2339490 -> dd1cc6bb42ddae27b5305860068dfb8c
  custom:scripting/monoscript/fileName/MinimumBinaryHeap.cs: 58e2f67451a6dd12649c5819616167df -> 
  custom:scripting/monoscript/fileName/xxHash3.AVX2.cs: bbc99b1bfd2f994ebd53a189bfb34bc9 -> 
  custom:scripting/monoscript/fileName/ModelBinding.Gen.cs: 90647cc400823b41df847a6cbfc29026 -> 
  custom:scripting/monoscript/fileName/matrix.gen.cs: 1fc7e9a9978c6bc6327a2ef3562b3b82 -> 8040951fec6b586df3a34908a47f7536
  custom:scripting/monoscript/fileName/DependencyNotFoundException.Gen.cs: b85b8fa51199029c7dffa67f92fbcb8c -> 
  custom:scripting/monoscript/fileName/IInitializablePackageV2.cs: aa06fccc5712784ca17e5e7b41810911 -> 
  custom:scripting/monoscript/fileName/PostNormalizedVectorDrawer.cs: bcc5a130e288cb1ea7e6214244bd90aa -> 1e9cc5a1d5ea64a4691d9edff2f31467
  custom:scripting/monoscript/fileName/UnsafeStream.cs: 256399a9cf220f56a541766f1fe0b55f -> 
  custom:scripting/monoscript/fileName/int2x4.gen.cs: 19df88eae659245962107924a4f8beb4 -> 5edaa4c8e18b723d836f4e66d7a2ad24
  custom:scripting/monoscript/fileName/AdminApiHeaders.Gen.cs: 90647cc400823b41df847a6cbfc29026 -> 
  custom:scripting/monoscript/fileName/UnityThreadUtilsInternal.cs: db907031b91c05c00109dd0308888529 -> 
  custom:scripting/monoscript/fileName/double2.gen.cs: 6d6f846a6947f4edc6c86aae983cab7a -> 9fcc709faf542a3c28101e289489d3c3
  custom:scripting/monoscript/fileName/HttpClient.cs: 6f589aa53e23fc30613c9de6ca38fe21 -> 
  custom:scripting/monoscript/fileName/bool2x2.gen.cs: 9f5ba9e667296230e5a7dd8098d86f1e -> 4649c574bdda23c59b5d49d1b662bc61
  custom:scripting/monoscript/fileName/uint3x2.gen.cs: cb5adb59636d29fe64c2a59690629fe9 -> e9ed99b7eae876425b9236af5d545e3a
  custom:scripting/monoscript/fileName/UnityPatchProjectV1Request.cs: c6a39576d362d5719b8c0057b54f465b -> 
  custom:scripting/precompiled-assembly-types:Unity.Mathematics: b00366944e6a3b525e034d31ff80169e -> eda48956a0bece48f802264722748d9b
  custom:scripting/monoscript/fileName/ServicesCreationException.cs: 40142800771fcc1f5855193d741c129e -> 
  custom:scripting/monoscript/fileName/HeapString.gen.cs: 2f8bea3137363b1eadd89d8db8473288 -> 
  custom:scripting/monoscript/fileName/IEnvironmentFetcher.cs: 4324c744baa655843f8a2db18e322b79 -> 
  custom:scripting/monoscript/fileName/ITokenExchangeUrls.cs: f529e59149e9ccc31fc5b827b34c33db -> 
  custom:scripting/monoscript/fileName/UnsafeParallelHashSet.cs: 5e2ab9cfe81e04de31d18dbafae66b8c -> 
  custom:scripting/monoscript/fileName/uint3.gen.cs: 07250d494d70da63323c03829a109a7b -> 2439c557987b3f1dafd36143ddfb8c40
  custom:scripting/precompiled-assembly-types:Unity.Services.Core.Threading: ca5820d3037e7034a063518fa47775e2 -> 
  custom:scripting/monoscript/fileName/double4x4.gen.cs: c712f0479a2da80505c5f34004582140 -> d67599d4a9300cb241e4695cd70324ae
  custom:scripting/monoscript/fileName/ReadOnlyHttpRequest.cs: 8ed1e96527aeaf3049f26baaeff0902d -> 
  custom:scripting/monoscript/fileName/UnsafeParallelHashMap.cs: 8c2ef7a027d6725f567219b8c50f247e -> 
  custom:scripting/monoscript/fileName/BurstDisassembler.Core.Wasm.cs: 924d9993bb4f5055a61b0166f627d3c3 -> b15d06942db1ac71042be253eef84e7f
  custom:container-muxer-webm: aa71ff27fc2769a1b78a27578f13a17b -> 
  custom:scripting/monoscript/fileName/LabeledPopup.cs: aaac60160bcf5911cfd22427e122285e -> 87f082da9aa2abffd22a5b3019d4e188
  custom:scripting/monoscript/fileName/VisibilityAttribute.cs: 49e798b1c498546f09244503349891b2 -> 
  custom:scripting/monoscript/fileName/ActionScheduler.cs: 4b3a1bee28d6ab276113779464cd5e1f -> 
  custom:scripting/monoscript/fileName/BurstDisassembler.cs: 5af3bf689b9a2f927160aa1f9ee98cdd -> d51fb062bede2b9ca5d97ccc2e501c19
  custom:video-decoder-webm-vp8: 9c59270c3fd7afecdb556c50c9e8de78 -> 
  custom:scripting/monoscript/fileName/EnvironmentSettingsProvider.cs: 237263cbc2f115c0b90b2c3fc83a1110 -> 
  custom:scripting/monoscript/fileName/UnityUpdateOrganizationRequest.cs: c81a99780bba7daac8cc2c5dac469fe1 -> 
  custom:scripting/monoscript/fileName/float3.gen.cs: d2a3af208755cfe0205a5add4cbf782b -> 61e461104f30d07064c299c5ac2c9a3e
  custom:scripting/monoscript/fileName/BurstCompileTarget.cs: 47adecc05bc5bde9cd2b85670fa94f8b -> 5a1d233d747b0d562e7d5017bb80886e
  custom:scripting/precompiled-assembly-types:Unity.Services.Core.Editor: 2ce628c64b79eaab06a757513fdb9c3f -> 
  custom:scripting/monoscript/fileName/UnityAdsIdentifier.cs: 6666e4d931c1a681dcee861ce8dc56a2 -> 
  custom:scripting/monoscript/fileName/RetryPolicyConfig.cs: 533d36c1df5475ce177f07fcbfd5c545 -> 
  custom:scripting/monoscript/fileName/Constant.cs: 56e49c7e9d6abbdcb72cf45bc4184613 -> 9503cddf79e2a3fdeab51cc0257c4da1
  custom:scripting/monoscript/fileName/EnvironmentValidator.cs: 08b5a9dc48dd22c719e1975ef1db1683 -> 
  custom:scripting/monoscript/fileName/NEON_ctor.cs: 27dfd32aeb3aec362855d6a15ae66a4f -> 68ba95faf7f0f0403852fb6af2a2f956
  custom:scripting/monoscript/fileName/JobsMenu.cs: 2df7b5d475c31ebab4767437c73f47f4 -> 
  custom:scripting/monoscript/fileName/FixedStringFormatMethods.gen.cs: fcdca1abcdc2fd593bd0d11b27b9b2c5 -> 
  custom:scripting/monoscript/fileName/ProjectConfigurationBuilder.cs: 3a77bc00f860533701242ca98886ca86 -> 
  custom:scripting/monoscript/fileName/IAccessTokens.cs: 3e3094814f4dba04dfbc3053655e6598 -> 
  custom:scripting/monoscript/fileName/UserRoleRequestUiHelper.cs: a99a899edbebc06ce30ec51f79ff566a -> 
  custom:scripting/monoscript/fileName/int3x3.gen.cs: 8da9d8d1067461c55dbf4fa0f6b692cf -> dc1405f0f1704a2ec1efb4946b5d5f85
  custom:scripting/monoscript/fileName/UtcTimeProvider.cs: 34e00235b689057dfe7c5f53347158ea -> 
  custom:scripting/monoscript/fileName/int4x4.gen.cs: 0e76084ebee4c8312f336ff84d58a04c -> e1c5029dddb71a1513ebdf470db7528e
  custom:scripting/monoscript/fileName/RewindableAllocator.cs: ff203a8232e03cdb6b2db057c0882a0f -> 
  custom:SearchIndexIgnoredProperties: e643bd26f0fe6173181afceb89e7c659 -> 
  custom:scripting/monoscript/fileName/bool4x3.gen.cs: fe90c06e5cec5b26385f16e64919351e -> 3b9b4adbcec8eec926ee3ca5bd1a9e49
  custom:scripting/monoscript/fileName/SystemEnvironmentPathUtils.Gen.cs: 9f60a7d4b8edfd5e67c66c89eee984df -> 
  custom:AudioImporter_EditorPlatform: d09bf68614088b80899f8185d706f6e7 -> 
  custom:scripting/monoscript/fileName/EnvironmentsApiInternal.cs: ddda38a23193b92419a4176f3ffd04a7 -> 
  custom:scripting/monoscript/fileName/EditorGameServiceAnalyticData.cs: 0fc6f3bf04cc7c89fce9a2c7c7ab285b -> 
  custom:scripting/monoscript/fileName/ConstructorNotFoundException.Gen.cs: d5eeea08ebee99ae8f097d0f6c2b88b0 -> 
  custom:scripting/monoscript/fileName/EnvironmentServiceRegistry.cs: 87c6dee4ea55850e884c48687d120061 -> 
  custom:scripting/monoscript/fileName/AccessTokensSingleton.cs: ed21a5edcf5821a4e4c3f640d88a8890 -> 
  custom:scripting/monoscript/fileName/IoUtils.cs: 407719a7637f4a4931cf4ba6f0c431e9 -> 
  custom:scripting/monoscript/fileName/IgnoreWarningAttribute.cs: 0d7229169d4125415775d3108e0f5f3f -> 95b6772ff35299aa9927da5e6696b2f1
  custom:scripting/monoscript/fileName/FixedString.gen.cs: 546503330a4423d9e22205762e6dc907 -> 
  custom:scripting/monoscript/fileName/XmlLinkedMethod.cs: 0832a872e8f410f9dbd4e4797775d14c -> 
  custom:scripting/monoscript/fileName/uint4x3.gen.cs: 5c842eaf04659601d64e86e873d2dc4b -> b01c5cd7a56bd5c67682617427bf7881
  custom:scripting/monoscript/fileName/ITimeProvider.cs: ddd25bd8e3c8be311aae000881753524 -> 
  custom:scripting/monoscript/fileName/MissingComponent.cs: 6fcd30b84d1ca630662778f50cedadd3 -> 
  custom:scripting/monoscript/fileName/Responses.cs: cf8e91b141cc85b29c745e415fc1f688 -> 
  custom:scripting/monoscript/fileName/Transient.Gen.cs: fb508b42c100a2c07b866a44f9ab3ed0 -> 
  custom:scripting/monoscript/fileName/NativeList.cs: 3e39181d220491b697fd73718c9e6b89 -> 
  custom:scripting/monoscript/fileName/IInstallationId.cs: f04e3188def2f4af24969a3d446782a7 -> 
  custom:scripting/monoscript/fileName/BurstCompileAttribute.cs: d6b4f38d813b7cc3ab63dc8ec73aa58a -> f1834e5146c37c3c879fe10d3c8c9e49
  custom:scripting/monoscript/fileName/bool3.gen.cs: f73cc99fcfd3d7b311d94017869f72e0 -> 5af2629b3ff9dbb3bbfcc70064a35529
  custom:scripting/monoscript/fileName/uint4x2.gen.cs: e8b292c670996f99dc647f630b2d028d -> b7591412c0d582e5dffe67f85a90dd0a
  custom:scripting/precompiled-assembly-types:Mono.Cecil.Mdb: dfddc2d5e9570038a3ea8da067257c97 -> 
  custom:scripting/monoscript/fileName/float4.gen.cs: a5929fc9c81f37a217f61110104af506 -> b782c632ec38515e69077afe722e950b
  custom:scripting/monoscript/fileName/uint3x4.gen.cs: 810549df666bfc264109dae029c3ad17 -> 85b37160b72ca5d09aa390a0ed4ac5d3
  custom:scripting/monoscript/fileName/InitializationOptions.cs: a3b098c01b711d197eb5be831c1fe3cb -> 
  custom:scripting/monoscript/fileName/BurstCompatibleAttribute.cs: 5516bac227e59cc058e743022f755993 -> 
  custom:scripting/monoscript/fileName/ResponseDeserializationException.cs: ee4bcd8feef77e51dd56d7612403078e -> 
  custom:scripting/monoscript/fileName/IEnvironments.cs: c0584c08a0bd557b383eebd7f6ddb36a -> 
  custom:scripting/monoscript/fileName/UnsafeAtomicCounter.cs: 9e2f4dbe854338916842c8ff7fbe03de -> 
  custom:scripting/monoscript/fileName/DefaultApiRequests.cs: 0c40f474d191c79755786a315c4d3837 -> 
  custom:scripting/monoscript/fileName/ButtonByButtonController.cs: bdd6f7704876e7ac5d67b606215bf64e -> 
  custom:scripting/monoscript/fileName/FixedStringMethods.cs: fcdca1abcdc2fd593bd0d11b27b9b2c5 -> 
  custom:scripting/monoscript/fileName/PlatformSupportUiHelper.cs: c2fb091feeb92fc6d04201e72415cd6f -> 
  custom:scripting/monoscript/fileName/IConfigurationProvider.cs: af9003c2ff2e581cf6d2023a9420f4ca -> 
  custom:scripting/monoscript/fileName/IMetricsFactory.cs: fde5d2b8b6a1babbe7e5508a35a60c95 -> 
  custom:scripting/monoscript/fileName/ChannelToken.cs: 749f097d0aecdba9e5864aa66e7c548d -> 
  custom:scripting/monoscript/fileName/ProjectBindRedirectUiConstants.cs: 1d3bd9a52471c7a484b82396440177cc -> 
  custom:scripting/monoscript/fileName/UnsafeNotBurstCompatible.cs: 9920b2dcf54d07855dc87b05b9a22299 -> 
  custom:scripting/monoscript/fileName/HttpServiceConfig.cs: a19e8b39679e0da2413fb1719624f1f2 -> 
  custom:scripting/monoscript/fileName/EditorGameServiceFlagEnabler.cs: ed4b01161596daf6c007c5cb985797df -> 
  custom:scripting/monoscript/fileName/EditorValueTracker.Gen.cs: 90647cc400823b41df847a6cbfc29026 -> 
  custom:scripting/monoscript/fileName/ProjectConfigurationBuilderHelper.cs: f79e2dec68c2a8a55186a3fd4274546b -> 
  custom:scripting/monoscript/fileName/IUnityThreadUtils.cs: 09e8ec6b5955782b75f75b287fbd41f1 -> 
  custom:scripting/monoscript/fileName/Sse.cs: 869deae3083ccfe6b60b2585f9e67560 -> 790f25d56fba1e7a48c0a0766c0ad6a6
  custom:scripting/monoscript/fileName/IConfigurationLoader.cs: 2906069c8520611bdd1356369b0a29f4 -> 
  custom:scripting/monoscript/fileName/FixedStringInternalMethods.cs: fcdca1abcdc2fd593bd0d11b27b9b2c5 -> 
  custom:scripting/monoscript/fileName/UnityListProjects200Response.cs: 428e859b4396ae3112aa4ecacae32fbf -> 
  custom:scripting/monoscript/fileName/CorePackageInitializer.cs: 829d217bce271cb9c1fa63d564b476ec -> 
  custom:scripting/monoscript/fileName/uint2.gen.cs: 16c687047be4a3d9d18671b7f1514a8d -> f442e48493395c3c057fa324c1ed7700
  custom:scripting/monoscript/fileName/AssemblyResolver.cs: 5d80bf0419ced3ef86f9dc251f8f6957 -> d02bbd84bf24106c236ab13c6c3d719f
  custom:scripting/monoscript/fileName/EnvironmentNotFoundException.cs: 8f8ecf9219a7a93736afa67d923d561a -> 
  custom:scripting/precompiled-assembly-types:Unity.Collections: 4a46ba792d71a8ef631019192135d028 -> 
  custom:scripting/monoscript/fileName/cellular2x2x2.cs: 910f0614e94a5348f941ea0d56b2c568 -> 2eb29bf877494e27d7b8d68303a33727
  custom:scripting/monoscript/fileName/matrix.cs: 3c89deedfaaffcc017fba2cf913f12ee -> 17bd875ecbf69296bc7f1415237b5bf7
  custom:scripting/monoscript/fileName/DependencyTreeInitializeOrderSorter.cs: 398a0f081d411379f31bc2eb52bbbd21 -> 
  custom:scripting/monoscript/fileName/cellular3D.cs: 910f0614e94a5348f941ea0d56b2c568 -> 2eb29bf877494e27d7b8d68303a33727
  custom:scripting/monoscript/fileName/UnityGetUserPermissions200Response.cs: 7fdf29503cc5301312d984f2af06eb45 -> 
  custom:scripting/monoscript/fileName/IJobParallelForFilter.cs: df20d5af76497ee9382afe3d36f1f1f4 -> 
  custom:scripting/monoscript/fileName/bool3x4.gen.cs: 42c7ba8bd569aafe7a1ccd38b69ca362 -> dd64119ecce8747c9d345fc62ed63bff
  custom:scripting/monoscript/fileName/NEON.cs: 27dfd32aeb3aec362855d6a15ae66a4f -> 68ba95faf7f0f0403852fb6af2a2f956
  custom:audio-decoder-ogg-vorbis: bf7c407c2cedff20999df2af8eb42d56 -> 
  custom:scripting/monoscript/fileName/NativeText.gen.cs: 963d74023cd13b0e64909bb76f1d047a -> 
  custom:scripting/monoscript/fileName/int2x3.gen.cs: 19a71af308909120a7ea6452646e4208 -> 377af658550da76bc0efa7c5a755eb90
  custom:scripting/monoscript/fileName/ConcurrentMask.cs: d56a0fef284c9e5059f89974aedb695c -> 
  custom:scripting/monoscript/fileName/CloudEnvironmentConfigProvider.Gen.cs: 5a0c9bc3528e508605862cace6052ab9 -> 
  custom:scripting/monoscript/fileName/ScheduledInvocationComparer.cs: 83106d0c8c6b049feeaa7bc89351f333 -> 
  custom:scripting/monoscript/fileName/NativeReference.cs: 707aa775b4e3cc858cb239cb84a29e93 -> 
  custom:scripting/monoscript/fileName/DefaultApi.cs: 1d4ada5f7be42c3459105e8a4ff7befa -> 
  custom:scripting/monoscript/fileName/UnityServicesBuilder.cs: 2c873918180573f10abfeda6ebefa0f9 -> 
  custom:scripting/monoscript/fileName/ServiceRegistry.cs: 9f2f77edf09fc4d5ffdc5ae250d852d2 -> 
  custom:scripting/monoscript/fileName/EnvironmentAnalyticsSender.cs: 8bcdd72c4f4f7ba6fed9617ecb7e992f -> 
  custom:scripting/monoscript/fileName/Popcnt.cs: 869deae3083ccfe6b60b2585f9e67560 -> 790f25d56fba1e7a48c0a0766c0ad6a6
  custom:scripting/monoscript/fileName/ScheduledInvocation.cs: 6dd46403260fc3e01309ae7e636c0e8a -> 
  custom:scripting/monoscript/fileName/UnityProjectNotLinkedException.cs: fffb6126e50500c8c570125732d06308 -> 
  custom:scripting/monoscript/fileName/ServicesInitializationException.cs: 905c414eaf6bb9e99e87b7be57e80385 -> 
  custom:scripting/monoscript/fileName/CoreRegistry.cs: f8cefd7d8b5109f3c61c0ba5ed06a2ed -> 
  custom:scripting/monoscript/fileName/Configuration.cs: 4d19c1da7f614cc93468a9d05d08dc7d -> 
  custom:scripting/monoscript/fileName/InvalidJwtException.cs: 44c6d327479bc7179514ecd464e65b5b -> 
  custom:scripting/monoscript/fileName/NativeNotBurstCompatible.cs: 8e8b404b4fa69e1b7cea25947e47b9bd -> 
  custom:scripting/monoscript/fileName/IProjectStateRequest.cs: 27b27df4e3b68078a5908d7df6fce95f -> 
  custom:scripting/monoscript/fileName/ILPostProcessingLegacy.cs: d9910f2de3f51974efe13df8267dc87d -> 1474151453fb056da8fe50e6cda891db
  custom:scripting/monoscript/fileName/CLILeakDetectionSwitcher.cs: 57bd385706945886454b568fb0644a83 -> 
  custom:scripting/monoscript/fileName/XmlLinkedType.cs: 879123e42892f87010bef78e341312d0 -> 
  custom:scripting/monoscript/fileName/EditorGameServiceDashboardHelper.cs: ea8538090dcae2327f4c15e2ca056258 -> 
  custom:scripting/monoscript/fileName/UnsafeRingQueue.cs: beeb81b22bb86e018042f1eea3e37e38 -> 
  custom:scripting/monoscript/fileName/ApplyRevertChangeTracker.Gen.cs: 90647cc400823b41df847a6cbfc29026 -> 
  custom:scripting/monoscript/fileName/CollectionExtensions.Gen.cs: aff9dee80b4292d09c09f3acd69a3289 -> 
  custom:scripting/monoscript/fileName/IComponentRegistry.cs: 31dc7d917392108590a76b6f7b8e718f -> 
  custom:scripting/monoscript/fileName/IEditorGameService.cs: faa7656610bf6f8463e95c403d6c6e6c -> 
  custom:scripting/monoscript/fileName/int3x4.gen.cs: a41355fd8e3f2df0223626fb4f0b3908 -> 8460bfcadb3ac350c26daa6b9595294c
  custom:scripting/monoscript/fileName/NativeParallelHashMapExtensions.cs: 462869b482cb0a426c099c8676c75416 -> 
  custom:scripting/monoscript/fileName/psrdnoise2D.cs: 910f0614e94a5348f941ea0d56b2c568 -> 2eb29bf877494e27d7b8d68303a33727
  custom:scripting/monoscript/fileName/EnvironmentSettings.cs: e2b98ee836b42374bfa16506e47055ce -> 
  custom:scripting/monoscript/fileName/F16C.cs: 869deae3083ccfe6b60b2585f9e67560 -> 790f25d56fba1e7a48c0a0766c0ad6a6
  custom:scripting/monoscript/fileName/BiperworksPrefabReplace.cs: 3feb3c89b6276f76667f74d9e5c161ed -> 
  custom:scripting/precompiled-assembly-types:Unity.Collections.LowLevel.ILSupport: fc98657c35e94db2b30cdf006548cc51 -> 
  custom:scripting/monoscript/fileName/IChannel.cs: db8ed6536767d05dc3fe7251f4a4dcd3 -> 
  custom:scripting/monoscript/fileName/IAsyncOperation.cs: f56289e88c7dcb628d7e5619c74e7538 -> 
  custom:scripting/monoscript/fileName/XmlLinkerModel.cs: d4c2817476b9b278a7b7808d61032596 -> 
  custom:scripting/monoscript/fileName/QuaternionDrawer.cs: 3e16f8b999b15ff8f3cb65c56d92372c -> 11323f18a038f5e869f0b55e53c54a31
  custom:scripting/monoscript/fileName/Memory.cs: 24fa5e8e684139a9a6b2bb764c620a28 -> 
  custom:scripting/monoscript/fileName/UnsafeList.cs: d4153fc6c06f3c788b1e8373e28421fd -> 
  custom:scripting/monoscript/fileName/Metrics.cs: ff969a3864869c6435b83c963d65cf34 -> 
  custom:scripting/monoscript/fileName/BurstAssemblyDisable.cs: 05c2ec5d4cb82dde153fd26804b0759c -> b6ce5635cda12e16b9d3052a32a53ef4
  custom:scripting/monoscript/fileName/IVivoxTokenProviderInternal.cs: 8f6eac73831e2d88349c636e0c8277cf -> 
  custom:audio-encoder-webm-vorbis: bf7c407c2cedff20999df2af8eb42d56 -> 
  custom:scripting/monoscript/fileName/BurstString.Float.cs: 2be5f73de1c4aa5655ffe1179ecab0e5 -> f7cf2d4ac32cd23a2133a777bc8e9bdf
  custom:scripting/monoscript/fileName/UnityWebRequestUtils.cs: f709ddaaeb44d62e1a53fe224983d54c -> 
  custom:scripting/precompiled-assembly-types:Assembly-CSharp-Editor: 55be5156d4d9bf13a4a71e730e6bff5f -> e6dd162cf99c2a2b175dc18b4efe7df7
  custom:scripting/monoscript/fileName/DependencyTree.cs: 0bd2915409b5c0af8089da1663502e47 -> 
  custom:scripting/monoscript/fileName/BiperworksMissingChecker.cs: 59ef92542e37bf12350114bc93e856ab -> 
  custom:scripting/monoscript/fileName/AsyncOperation.cs: f23cc551eab7049146420a4196093425 -> 90647cc400823b41df847a6cbfc29026
  custom:scripting/monoscript/fileName/LongTextArea.cs: dfdcf6f0be8f7d5d7c8ee22ae4b70ab5 -> 4c687402ecd5f2af3a470023aff89eca
  custom:scripting/monoscript/fileName/UnityAddressV1.cs: 4d4ba30b341c7e72810f3c36b5914fa5 -> 
  custom:scripting/monoscript/fileName/IGatewayTokens.cs: af8d58613a9fd459a444ee8b327072b0 -> 
  custom:scripting/monoscript/fileName/xxHash3.cs: d876f695d67b3d527466020445c50eb8 -> 
  custom:scripting/monoscript/fileName/IInitializablePackage.cs: 7a2afaa327b6f2c8c3b73c00855d936d -> 
  custom:scripting/monoscript/fileName/Attributes.cs: d94dab8e1cad1d516625e289629ba937 -> 9d3861389974f0823e7e341aa6c23dae
  custom:scripting/monoscript/fileName/AnalyticsOptionsExtensions.cs: 61b53e23187fa8065622d09b0f304596 -> 
  custom:scripting/monoscript/fileName/DebugView.cs: 0cdf409b5aa8d4c25876d72b5c6a3b60 -> 
  custom:scripting/precompiled-assembly-types:Assembly-CSharp: 26e38508980b51b33a5cd8f4dad7d861 -> 843220b89751c6f5d77aed2d23b72b60
  custom:scripting/monoscript/fileName/EnvironmentSelector.cs: ac21f39d65ed579595edcbd2c9853105 -> 
  custom:scripting/monoscript/fileName/JsonHelpers.cs: 8837ad713480b6b5528a3b03a0d76fa1 -> 
  custom:scripting/monoscript/fileName/DefaultCdnConfiguredEndpoint.cs: 624837102d8bef2a2323b0b82727af95 -> 
  custom:scripting/monoscript/fileName/BurstString.cs: 2be5f73de1c4aa5655ffe1179ecab0e5 -> f7cf2d4ac32cd23a2133a777bc8e9bdf
  custom:scripting/monoscript/fileName/Scope.Gen.cs: 409412ebac5387d01283cada94af8d59 -> 
  custom:scripting/monoscript/fileName/ListExtensions.cs: 0f96dfdcfd19dc46bb3b974629f04481 -> 
  custom:scripting/monoscript/fileName/SliderToggleUiHelper.cs: 297bb968c6a98e033483e5885bc5e941 -> 
  custom:scripting/monoscript/fileName/WeaponMaterialChanger.cs: c6cf6042231fc24bb630676005510585 -> 
  custom:scripting/monoscript/fileName/IFileSystem.cs: d0a5668d9c43d0a16eec8fa2a37aa20c -> 
  custom:scripting/monoscript/fileName/IJobBurstSchedulable.cs: b6e06c07f5c6bc961caf27d1af5dcc7a -> 
  custom:scripting/precompiled-assembly-types:Unity.Collections.Editor: 17a2c29eb18a6d0bac0ad4051a669537 -> 
  custom:scripting/monoscript/fileName/BurstCompiler.cs: 25961ab6b2aa72f0ea3a28043bd3e34e -> 7b21670e31210e9f8a136d10cb1b9317
  custom:scripting/monoscript/fileName/IService.cs: afa2330a6d32be2e7a659227e3bf813e -> 
  custom:scripting/monoscript/fileName/double4.gen.cs: b43680ff2b317f0fe763ec2a9290cc4d -> c861322ff5ab8c01e3e4b508791cf124
  custom:scripting/monoscript/fileName/rigid_transform.cs: d545dec909ae361cd40bcedcc9499d93 -> 36bbdd985ffacdf5ee0745cfd3a1f08d
  custom:scripting/monoscript/fileName/CollectionsAllocationExamples.cs: 72ea6f1c8990c690aca4410bcc8d43b6 -> 
  custom:scripting/monoscript/fileName/CoreRegistration.cs: afa90de4a402b0848ad8b60755b1ca20 -> 
  custom:scripting/monoscript/fileName/ServicesInitialization.cs: 5bc34492fe95212cc8524c8c7be8ec36 -> 
  custom:scripting/monoscript/fileName/CameraController_AnimationReset.cs: 17bef6419ebea7b605e5c34da435370d -> 
  custom:scripting/monoscript/fileName/PropertyAttributes.cs: 06c93b729a6fbfd605aedc09fb6acd2e -> f9be6ff8022c2b7e9364b782f234d192
  custom:scripting/monoscript/fileName/IVivox.cs: 6d92ea4b822d1fa7e4b8787c59760673 -> 
  custom:scripting/monoscript/fileName/UnityCreateAddressRequest.cs: 231eb736f0a651a8ee21e6aa579173ae -> 
  custom:scripting/monoscript/fileName/UnityListOrganizationFavoriteProjects200Response.cs: 2acfbc626d621e368ef9190462157b7a -> 
  custom:scripting/monoscript/fileName/BurstAotCompiler.cs: 999e0496849ba059c880640ab57448ab -> a41b7d0d053e0898c09eec7c4f1c3c21
  custom:scripting/monoscript/fileName/IPlayerId.cs: 8ec284f91dceb8f1818908be17c609b0 -> 
  custom:scripting/monoscript/fileName/int2.gen.cs: 7d7139da21249719b860c4fd6fa5b14f -> ba08380188673eb89fbe6c63125635e5
  custom:scripting/monoscript/fileName/Avx2.cs: 869deae3083ccfe6b60b2585f9e67560 -> 790f25d56fba1e7a48c0a0766c0ad6a6
  custom:scripting/monoscript/fileName/EngineStateHelper.cs: ebfe492ca39645883d66825c2e77f1d0 -> 
  custom:scripting/monoscript/fileName/EnvironmentProvider.cs: e6441984086d3ec4f02dd82b6dec6df1 -> 
  custom:scripting/monoscript/fileName/PackageInitializationInfo.cs: 82c881c6d5f9d1b5f2eba332919bcd1c -> 
  custom:scripting/monoscript/fileName/int4.gen.cs: 6fd7c2be80cf8c29505f41dfd239b1ae -> 6202c51352f8408238811f81cf17884b
  custom:scripting/monoscript/fileName/DisabledDiagnostics.cs: dca147f0ee6a8cbd3c40d0fb15b26062 -> 
  custom:scripting/monoscript/fileName/JsonHelper.cs: 0b5759f67f92e2eb09febb2082aca955 -> 
  custom:scripting/monoscript/fileName/noise3D.cs: 910f0614e94a5348f941ea0d56b2c568 -> 2eb29bf877494e27d7b8d68303a33727
  custom:scripting/monoscript/fileName/MetricsFactory.cs: ff8596a1ccea2041a0c0cfe2841c8f74 -> 
  custom:scripting/precompiled-assembly-types:Unity.Services.Core: 6658084c01118ae8f1ea78527e00c6d1 -> 
  custom:scripting/monoscript/fileName/float4x2.gen.cs: 05588d3fca2e28a31b6264c026dcf338 -> a70cf4e9d29e9357ba0e68d3ee43ce34
  custom:scripting/monoscript/fileName/EnvironmentsClient.cs: 9c80a43488077f46562fa053df484911 -> 
  custom:scripting/monoscript/fileName/ReadOnlyObservableCollection.Gen.cs: 90647cc400823b41df847a6cbfc29026 -> 
  custom:scripting/monoscript/fileName/Environments.cs: 8b1687fd15649a52827b18b8b452a28f -> 
  custom:scripting/monoscript/fileName/Bmi2.cs: 869deae3083ccfe6b60b2585f9e67560 -> 790f25d56fba1e7a48c0a0766c0ad6a6
  custom:scripting/monoscript/fileName/UnityAnalyticsIdentifier.cs: 40be8e11923159cf7c61c72c1a1b26dd -> 
  custom:video-codec-MediaFoundation-h265: 746d11721c4dcdbdad8f713fa42b33f4 -> 
  custom:scripting/monoscript/fileName/AsyncOperationBase.cs: adfca800027e0922d59797ee493a2672 -> 
  custom:scripting/monoscript/fileName/UnsafeScratchAllocator.cs: 4face5614d3825fa48ae79289f69aa1b -> 
  custom:scripting/monoscript/fileName/half3.gen.cs: 5d046df99f0d37f450cb3ea068ad7762 -> 935b3c49f9c5126f28352e4a48406e0a
  custom:scripting/monoscript/fileName/UnityUserOrganizationsV1OrganizationsInner.cs: 440e6e939c241944b318429e561d5df2 -> 
  custom:scripting/monoscript/fileName/PathUtils.Gen.cs: 5ddc0068a1cf521fafc42781cf03a3a9 -> 
  custom:scripting/monoscript/fileName/IEditorGameServiceRegistry.cs: 4894c70fd515017ae46efb4f44f8b3e2 -> 
  custom:scripting/monoscript/fileName/RequestFailedException.cs: a9eaec06c59248353e0ced5cdc95723f -> 
  custom:scripting/monoscript/fileName/BurstCompatibilityTests.cs: 7d7c24becd314d1054104dfc27a7e1e1 -> 
  custom:scripting/monoscript/fileName/XmlLinkedModelsExtensions.cs: 9e8a2b9216079ba87ebfd084960b4ac0 -> 
  custom:scripting/monoscript/fileName/EditorGameServiceRemoteConfiguration.cs: 0cdf409b5aa8d4c25876d72b5c6a3b60 -> 
  custom:scripting/monoscript/fileName/UnityUploadIconV1201Response.cs: a7cab146027c2f1549f57a603ca22560 -> 
  custom:scripting/monoscript/fileName/uint2x4.gen.cs: 3caae4a623bddfadce4b73c36541ab39 -> 817d68c720fa6aa9b67a61d7c1b206d0
  custom:scripting/monoscript/fileName/DisabledDiagnosticsFactory.cs: 92ef54fd2e9d3765db37c6ce29121dc7 -> 
  custom:scripting/monoscript/fileName/BitField.cs: 435cec31f980ea5ce1d1e89b13684a57 -> 
  custom:video-decoder-ogg-theora: a1e56fd34408186e4bbccfd4996cb3dc -> 
  custom:scripting/monoscript/fileName/EnvironmentSaveSystem.cs: 931610e413c03621f898c65e36f44fc6 -> 
  custom:scripting/monoscript/fileName/NativeQueue.cs: 0e981ce8b9429d0fa5b8752248b5a6fd -> 
  custom:scripting/monoscript/fileName/ComponentRegistry.cs: 2fefa8b1f349de188d35295b3042e694 -> 
  custom:scripting/monoscript/fileName/CecilExtensionMethods.cs: 017bd73f50ff4a917914ebf884a3c046 -> 
  custom:scripting/monoscript/fileName/EnvironmentsClientFactory.cs: 325dec75592389c16ac743f438f24960 -> 
  custom:scripting/monoscript/fileName/ConfigurationCollectionHelper.cs: cb4dac2b34c76624ca64d0ad91214a93 -> 
  custom:scripting/monoscript/fileName/NativeArrayExtensions.cs: 480ae80e25a67512135651e8db7b75bc -> 
  custom:scripting/monoscript/fileName/DictionaryExtensions.cs: d37b3043b5339f13af7295850374111a -> 
  custom:scripting/monoscript/fileName/AsyncOperationExtensions.cs: 1fabcad386c6a3966bbd7925c1ec32e2 -> 
  custom:scripting/monoscript/fileName/ProjectUnlinkBuildWarning.cs: c52465de41a758f7a3babb293254b52b -> 
  custom:scripting/monoscript/fileName/IProjectStateHelper.cs: 3adea7eb7ff850864d22d07f530e0111 -> 
  custom:scripting/monoscript/fileName/ICloudProjectId.cs: 60ddc28b5a3880441601b503b311a533 -> 
  custom:scripting/monoscript/fileName/svd.cs: 348beec2ecc2e2db545a80433e4107e2 -> 
  custom:scripting/monoscript/fileName/ICopyable.Gen.cs: 90647cc400823b41df847a6cbfc29026 -> 
  custom:scripting/monoscript/fileName/ThreadingUtility.cs: 04b3b0b0336f4a10f1d8aa16ba8bb5cf -> 
  custom:scripting/monoscript/fileName/IHttpClient.cs: 88481d25a1f892f1dc32d0efcddba205 -> 
  custom:scripting/monoscript/fileName/bool4x4.gen.cs: 50a6831c58ef3836ae8715535acd4a4c -> 832d1ba72f52e457d65ecd6ca1ba2b2e
  custom:scripting/precompiled-assembly-types:Unity.Services.Core.Networking: 61bebe50ea392373ad9b763369998b02 -> 
  custom:scripting/precompiled-assembly-types:Unity.Services.Core.Telemetry: 93d339c2f6637582a5436fa1367ea7d7 -> 
  custom:scripting/monoscript/fileName/IMetrics.cs: cc4d6b26e54335130aeffb94ca489467 -> 
  custom:scripting/monoscript/fileName/IEnvironmentService.cs: d28a6fb640eb356196b9c1017c7a0d37 -> 
  custom:scripting/monoscript/fileName/StreamingAssetsConfigurationLoader.cs: 2f115cec9bfe6872856ee4ad61eb2c3f -> 
  custom:scripting/monoscript/fileName/double3x3.gen.cs: a1e2af8139fc0e717165cdc2c522e14d -> cf2bca4cc9e8b93d47929417a1a999f7
  custom:scripting/monoscript/fileName/NEON_AArch64_crypto.cs: 27dfd32aeb3aec362855d6a15ae66a4f -> 68ba95faf7f0f0403852fb6af2a2f956
  custom:scripting/monoscript/fileName/EnvironmentChangedParameters.cs: 0ad6f60cc0b0e0ea02aed10221f7c8a8 -> 
  custom:scripting/monoscript/fileName/ObjectToggle.cs: e65399e714ef4a652d2c5593ec47887b -> 
  custom:scripting/monoscript/fileName/double3x2.gen.cs: 46c3fc0f20bf244200b61fe88bd5c16a -> 87fbe5b4a5a90e3c915d83933bb7a691
  custom:scripting/monoscript/fileName/CoreDiagnostics.cs: 041dd565425b56b2b823902ba53cfe54 -> 
  custom:scripting/monoscript/fileName/ProjectBindRedirectContentUI.cs: ea393b5b63051e326686665efb7ed1d2 -> 
  custom:scripting/monoscript/fileName/HashExceptions.cs: 0c04f84e29310842caf31699037c2a6f -> 
  custom:scripting/monoscript/fileName/Il2CppEagerStaticClassConstructionAttribute.cs: bfb9943dc4234f8038240348dd8c0237 -> 5ae90a36296d2fe83dd98e9361e907e8
  custom:scripting/monoscript/fileName/IActionScheduler.cs: e5388884c9a263c0b7f149f53626af31 -> 
  custom:scripting/monoscript/fileName/DiagnosticsFactory.cs: 3828493052568497f2ccdc68dea8b14c -> 
  custom:scripting/monoscript/fileName/UnityUserOrganizationsV1.cs: 73dafadd41de13ace6058db610522dcd -> 
  custom:scripting/monoscript/fileName/XmlLinkedProperty.cs: 29784440eed3b7889f0bfe76633cc000 -> 
  custom:scripting/monoscript/fileName/TaskAsyncOperation.cs: deaa3dfd455420a1f0dece4fa000e9b1 -> 
  custom:scripting/monoscript/fileName/Singleton.Gen.cs: 66c389d1e92bc70efd18b5d3b46f6bca -> 
  custom:scripting/precompiled-assembly-types:Unity.Services.Core.Environments.Internal: a94ac62d8b6ab44e5914a671ad4dd355 -> 
  custom:scripting/monoscript/fileName/OrganizationHandler.cs: 8e4686813d139f7c9962131a6d917980 -> 
  custom:scripting/monoscript/fileName/cellular2x2.cs: 910f0614e94a5348f941ea0d56b2c568 -> 2eb29bf877494e27d7b8d68303a33727
  custom:scripting/monoscript/fileName/half.cs: d66ca18b1c3237e0e12e183e1878dc38 -> cf3f2b0bcee127ccdac6d87167bcc406
  custom:scripting/monoscript/fileName/NativeSort.cs: 928f4174a21486fd6ff139d2de03d8ce -> 
  custom:scripting/monoscript/fileName/UnityTransferProjectRequest.cs: 160aa9e78d67107dbad79b2602ea5baf -> 
  custom:scripting/monoscript/fileName/RegisterGenericJobTypeAttribute.cs: 1d60c181f5a8e659e1317e2ca71a691e -> 
  custom:scripting/monoscript/fileName/ConfigurationBuilder.cs: bd1d62f2bf3afb62754531eee8a4e204 -> 
  custom:scripting/monoscript/fileName/EnvironmentView.cs: eacb7d766ee45d9a07ea107dc0c80ac6 -> 
  custom:scripting/monoscript/fileName/AccessTokens.cs: 7f3bd47a4ee3b608248d36969879b607 -> 
  custom:scripting/monoscript/fileName/IUserRoleClient.cs: d3496f158bb376dd3e2c64e54c7c3a7e -> 
  custom:scripting/precompiled-assembly-types:Newtonsoft.Json: a784019f7e79cf0f65e748d41d4ceb44 -> 
  custom:scripting/monoscript/fileName/HttpOptions.cs: 99f08410c8743651b2a8fdf6d32f10c4 -> 
  custom:scripting/precompiled-assembly-types:Unity.Services.Core.Configuration.Editor: 9ec415489f81483910eef61e419cb1d9 -> 
  custom:scripting/monoscript/fileName/UnityOrganizationWithAddressV1.cs: 0255bc6178742cff2a423de9eb51e6a2 -> 
  custom:scripting/monoscript/fileName/IJobParallelForBurstSchedulable.cs: 62a263188bc9cf02c532293c26fa74bb -> 
  custom:CustomObjectIndexerAttribute: 72b91833f83ae208fae7752999fa3104 -> 
  custom:scripting/monoscript/fileName/classicnoise3D.cs: 910f0614e94a5348f941ea0d56b2c568 -> 2eb29bf877494e27d7b8d68303a33727
  custom:scripting/monoscript/fileName/NEON_AArch64_rdma.cs: 27dfd32aeb3aec362855d6a15ae66a4f -> 68ba95faf7f0f0403852fb6af2a2f956
  custom:scripting/monoscript/fileName/ThreadHelper.cs: 1d011737e8133fca1a700a78b9269e43 -> 
  custom:scripting/monoscript/fileName/UserError.cs: e8271dc4b82776e36e2aa534dcd90f5e -> 
  custom:scripting/monoscript/fileName/FunctionPointerInvokeTransform.cs: 78ee86208e709b5fd706a0c77fd5004f -> 87582112a32f635e413c776846ec78de
  custom:scripting/monoscript/fileName/ServicesBehaviour.cs: fc86e18139c2e2cab6df5bf113811eb1 -> 
  custom:scripting/monoscript/fileName/UnityCreateOrganizationRequest.cs: 4cf5c8730ffaa3c5888d236ebc6475fc -> 
  custom:scripting/monoscript/fileName/float2x2.gen.cs: 43554c150c14083eb2313acaa2e78aeb -> f203c6ed52cbda2033cd1859a76ab02f
  custom:scripting/monoscript/fileName/EditorGameServiceSettingsProvider.cs: 2cb6ae4d961883e67f3e282b18d40d94 -> 
  custom:scripting/monoscript/fileName/CecilExtensions.cs: 092e8a73dda2df206baaf95a0d738493 -> 300205ae85edbb88d6c0c35c47681451
  custom:scripting/precompiled-assembly-types:Unity.Services.Core.Configuration: f7859697b434adc89f377c95a9589d8a -> 
  custom:container-demuxer-webm: 4f35f7cbe854078d1ac9338744f61a02 -> 
  custom:scripting/monoscript/fileName/CoreRegistryInitializer.cs: e34ea8cde280e241aa2682bcb33aae4f -> 
  custom:scripting/monoscript/fileName/IEnvironmentProvider.cs: 3109b26c8523241ba567e094603484cc -> 
  custom:scripting/monoscript/fileName/IdentityIOneOf.cs: 29de1876e6381d1376e3875f63eb04e7 -> 
  custom:scripting/monoscript/fileName/BurstDisassembler.Core.x86.info.cs: 924d9993bb4f5055a61b0166f627d3c3 -> b15d06942db1ac71042be253eef84e7f
  custom:scripting/monoscript/fileName/bool2x4.gen.cs: 43766066d40cfe4ff0038faa3bf06406 -> 0202187d1d97b3838c3acec749a94370
  custom:scripting/monoscript/fileName/FixedStringParseMethods.cs: fcdca1abcdc2fd593bd0d11b27b9b2c5 -> 
  custom:scripting/monoscript/fileName/JsonObjectConverter.cs: 38bbb4aa4e7eb125ad2bec69e448a02f -> 
  custom:scripting/monoscript/fileName/UnityWebRequestHelpers.cs: 0394add6a9f301a01222078b29ac0b18 -> 
  custom:scripting/monoscript/fileName/uint2x3.gen.cs: a0bafa71da357e9ffdf41329e0e0b8ab -> dc149d5147f76ef2e3b7b3e87df71cde
  custom:scripting/monoscript/fileName/LockedComponentRegistry.cs: ff7d4cf11049af0d186f2bffab21c5d3 -> 
  custom:scripting/monoscript/fileName/IServiceFactory.Gen.cs: 5696ff4e8140aef57b36c4052f3bfc23 -> 
  custom:scripting/monoscript/fileName/IUserRoleHandler.cs: 33c258d1966d18e84a25c5d4701ea0a4 -> 
  custom:scripting/monoscript/fileName/LoggedOutUiHelper.cs: ded703f4d077a86b901d24f648f694ca -> 
  custom:scripting/monoscript/fileName/MatrixDrawer.cs: 8db100ecc54d49584518b132374bd945 -> 54f407ec7134aa445531b0da7f5e0ded
  custom:scripting/monoscript/fileName/IDeserializable.cs: 16d3138d206e866a34233b134f1222b0 -> 
  custom:scripting/monoscript/fileName/float2x4.gen.cs: 14bf825e2338394967d25657f23195c2 -> 8f6e3792d53a47d3e0816efd26cbabde
  custom:scripting/monoscript/fileName/CollectionBinding.Gen.cs: 90647cc400823b41df847a6cbfc29026 -> 
  custom:scripting/monoscript/fileName/Diagnostics.cs: 310215ddbef3d1759d3801a8f9ab01fa -> 
  custom:scripting/precompiled-assembly-types:Unity.RenderPipelines.Universal.Runtime: b4da6d942b71b4e6ce89ba3d2d2d75bb -> c5166759b6a57e85ad306d514ccfa90f
  custom:scripting/monoscript/fileName/ExceptionHelper.cs: 074ec3a4464566a6e9a1f4db3dfb905f -> 
  custom:scripting/monoscript/fileName/MergedObservableCollection.Gen.cs: 90647cc400823b41df847a6cbfc29026 -> 
  custom:scripting/monoscript/fileName/StatusCodePolicyConfig.cs: a90864f22acd00607534d01b8dae197f -> 
  custom:scripting/monoscript/fileName/ProjectBindRedirectProjectSettingsUi.cs: 07a51e74c57a4053931e01d14a91288e -> 
  custom:scripting/precompiled-assembly-types:Unity.Services.Core.Environments: b07b1f8809421d1b72991502cdcbc5ac -> 
  custom:scripting/monoscript/fileName/IProjectInfo.cs: 2c81b6190195adf1450efd9b8f54de95 -> 
  custom:scripting/monoscript/fileName/StreamingAssetsUtils.cs: 4a501e19e96ab989552681f7cfe95d3b -> 
  custom:scripting/monoscript/fileName/PackageInfoNameComparer.cs: ea0f38f3a3ddb0faa351ccba3098624f -> 
  custom:scripting/monoscript/fileName/UnityWebRequestHelper.cs: 2e5cbc5c38937ccdc5de3700aaa6f529 -> 
  custom:scripting/precompiled-assembly-types:Unity.Services.Core.Analytics: 7e90522691a1ed8cc152d6a40d3f03b4 -> 
  custom:scripting/precompiled-assembly-types:Mono.Cecil: ccd3eb1a29ea76869e665d6c237ddc80 -> 
  custom:scripting/monoscript/fileName/RetryPolicy.cs: e04bb42ac963f6250bc780a051aeca72 -> 
  custom:scripting/monoscript/fileName/IAnalyticsSender.cs: 27ac0f3c61390701fdd3b82b17bedf22 -> 
  custom:scripting/monoscript/fileName/UserRoleHandler.cs: a42f5e4f9979e28831240d76ea709864 -> 
  custom:scripting/monoscript/fileName/AllocatorManager.cs: 38c7b2bd1aa48880a7078890d02430db -> 
  custom:scripting/monoscript/fileName/int2x2.gen.cs: b89550457ed493745cf779e29d833419 -> 63739a46f5092b211c341383068e9d3a
  custom:scripting/monoscript/fileName/IEnvironmentValidator.cs: bdc1089a446560e3518f7ac97786d874 -> 
  custom:scripting/monoscript/fileName/FixedStringAppendMethods.cs: fcdca1abcdc2fd593bd0d11b27b9b2c5 -> 
  custom:scripting/monoscript/fileName/UnityUserGuestProjectV1.cs: 58ac7a8966d050da82ebd9946d7ad9a7 -> 
  custom:scripting/monoscript/fileName/SafeStringArrayHelper.cs: 38e2cda5fcac6d8044d6ce3723202ea5 -> c8d46796c0d02dc9724140077fd6c374
  custom:scripting/monoscript/fileName/ButtonGenerator.cs: 3d3f3475b43f68b35746396a6141d4a1 -> 
  custom:scripting/monoscript/fileName/IsolatedJsonConvert.cs: d399be4ef15efaacaf7758f4b29d410e -> 
  custom:scripting/monoscript/fileName/MappedObservableCollection.Gen.cs: 90647cc400823b41df847a6cbfc29026 -> 
  custom:scripting/monoscript/fileName/IUserIdentifierProvider.cs: dc5eeac839d4cf332ea648a7fdcd39d6 -> 
  custom:scripting/monoscript/fileName/UnityGetOrganizationMembers200Response.cs: 2a3745ba3cf60a91cc07f675b5cfe7f0 -> 
  custom:scripting/monoscript/fileName/FunctionPointer.cs: ea3b19baafd3ebcb60e92f687402237d -> b278ab85034025b7289bef45e0874487
  custom:scripting/precompiled-assembly-types:Unity.Collections.CodeGen: 4967d61b017ec6c1e88a9e176f1d3f19 -> 
  custom:scripting/monoscript/fileName/bool2x3.gen.cs: a73639df76ec913064f3ac91f58b98c5 -> c45708c9bd53a8b7f658164314a10c61
  custom:scripting/monoscript/fileName/CloudEnvironmentConfigProvider.cs: 0d9357504beb82cf1f27ae6c7b6ddec2 -> 
  custom:scripting/monoscript/fileName/IServerAccessToken.cs: 5dfd5eddfcd0cafe1db05f4c334820f7 -> 
  custom:scripting/monoscript/fileName/Sse2.cs: 869deae3083ccfe6b60b2585f9e67560 -> 790f25d56fba1e7a48c0a0766c0ad6a6
  custom:scripting/monoscript/fileName/math.cs: 84897ebc80325b58465d1a856e47c89e -> 3e1f77dfafdda862ef1fdae58189cdb5
  custom:scripting/monoscript/fileName/ProjectInfo.cs: d289d5cd3d7bbcf9a82d73b4aa756d36 -> 
  custom:scripting/monoscript/fileName/double4x3.gen.cs: d5e192211e239db73c016b47e641c333 -> 0f480b77cbe2235a6a07fec4a8104303
  custom:scripting/monoscript/fileName/UnityCreateProjectRequest.cs: 553b660d315929e3419e6a209f9bb6ab -> 
  custom:scripting/monoscript/fileName/BurstPlatformAotSettings.cs: d9c4daff02e435a41bbec9b06ebbdaea -> e55a3d6d232eb892da58dcc30668a0b8
  custom:scripting/monoscript/fileName/BurstMath.cs: a8e238815417f3af4bbd45bfd740da03 -> d94624ee519cab4bff493f67794b1527
  custom:scripting/monoscript/fileName/BurstReflection.cs: afa533733f4dc5137f95c85cb30225b4 -> a904f9b2bf9ba0accae4702e11f47640
  custom:scripting/monoscript/fileName/CameraWalk.cs: 166d4ad3d917a982ce875f5f0a68b26e -> 
  custom:scripting/monoscript/fileName/int3.gen.cs: 9e9f576d507fb3936c89b523e378eb23 -> f3e7aece5ea81aaaacfae8f3b0dbf645
  custom:scripting/monoscript/fileName/UnityEnvironmentV1.cs: 1eea8ffdfb5010d89d3ba557b2d50eab -> 
  custom:scripting/monoscript/fileName/quaternion.cs: 7189ca19bff9611f6da0aa0a9c59bf0b -> 0762c6482396ed4f34408952c0956647
  custom:scripting/monoscript/fileName/ServiceCollection.Gen.cs: ee70a277f1bc1e6641d018ca44380804 -> 
  custom:scripting/monoscript/fileName/float4x4.gen.cs: cccf3207dd639016e8d0fc5b940ce646 -> a5bb36679a244217e37dd9fb5d3d2ed4
  custom:scripting/monoscript/fileName/double3x4.gen.cs: d966fefecbb21e1878e781b6e6eb9bc1 -> d3f6959e28d6480d7d5313a2c890e5a1
  custom:scripting/monoscript/fileName/GatewayTokens.cs: 53270745929a7034c3268a07c13af48c -> 
  custom:scripting/monoscript/fileName/BurstMenu.cs: 814d22383aeaf354b3d01e8753d80cd7 -> ba8f72dcdc01403dc080f70f4b855f19
  custom:scripting/monoscript/fileName/half4.gen.cs: 0f1fcad15aa401d00bc4590770c4f62b -> abea9356568c8480c38dd790db58969d
  custom:scripting/monoscript/fileName/UnsafeParallelMultiHashMap.cs: 0ecf0b5b4a9207402e80b603ad9a119c -> 
  custom:scripting/monoscript/fileName/NativeStream.cs: f901789de80a9ec3530751f3f60eb2f8 -> 
  custom:scripting/precompiled-assembly-types:Unity.Services.Core.Registration: 6ff2c253681b1c95fc4436f661813f21 -> 
  custom:scripting/monoscript/fileName/MethodNotFoundException.Gen.cs: 0dccde8d1181b58956dff819eeec312c -> 
  custom:scripting/monoscript/fileName/MaterialChanger.cs: b35a24e49591189d3950389006c7db39 -> 
  custom:scripting/monoscript/fileName/noise2D.cs: 910f0614e94a5348f941ea0d56b2c568 -> 2eb29bf877494e27d7b8d68303a33727
  custom:scripting/monoscript/fileName/BurstEditorOptions.cs: 49a29b1cc3aae7ee8ad61a5c191ad2a8 -> 9c5afa3a809e97579143a619b525af7f
  custom:scripting/monoscript/fileName/IProjectEditorDrawerFactory.cs: 18c5020e4a357b0471f706a6144cefa8 -> 
  custom:scripting/monoscript/fileName/bool2.gen.cs: 861fe78322050118fc595dc4284cae94 -> 26e96b66e2dc8fbd46eb4ce6284c510a
  custom:scripting/monoscript/fileName/CorePackageRegistry.cs: 3f8b8a1a754bcbf32e1631fc6067b47f -> 
  custom:scripting/monoscript/fileName/UnityOrganizationV1.cs: 202fa32fa70a6d9b0b74b5c00b1b741c -> 
  custom:scripting/monoscript/fileName/IQosResults.cs: b6881487c0f26ab46e2124c1d0e04307 -> 
  custom:scripting/monoscript/fileName/IAccessTokenObserver.cs: b63bda9cbc64f15f0d3427f52571574c -> 
  custom:scripting/monoscript/fileName/IExternalUserId.cs: e86cbc4ee2ec705a01d2d8184f1aa316 -> 
  custom:scripting/monoscript/fileName/NativeParallelHashMap.cs: 0ecf0b5b4a9207402e80b603ad9a119c -> 
  custom:scripting/monoscript/fileName/AssetUtils.cs: f2faf7ad4b4b5b06d49e576afa8ccb42 -> 
  custom:scripting/monoscript/fileName/ServicesInitializationEditor.cs: 9a8da73184df77ef11e2b6fd2f04d32d -> 
  custom:scripting/monoscript/fileName/int3x2.gen.cs: 3102a78c1d8b0f67c6797c0bf649d991 -> 3713def57441460b7d8181bf2ebb068b
  custom:scripting/monoscript/fileName/random.cs: 9095e89a9c9a9233dfc5faa4dc75c33b -> 773187f16d25a3763332e4d0e08067fb
  custom:scripting/monoscript/fileName/IEditorGameServiceAnalyticsSender.cs: 16523e3d16356ae30addab5eaf4685a1 -> 
  custom:scripting/monoscript/fileName/IEnvironmentId.cs: 26e3448d664cf5b5e38101bfbead1ab4 -> 
  custom:scripting/monoscript/fileName/IDiagnostics.cs: 57266d83136060880a8bc854151a2f08 -> 
  custom:scripting/monoscript/fileName/IUnityServices.cs: abc5b758eed1a2c05dfbb253b9cdf1d6 -> 
  custom:scripting/monoscript/fileName/float3x2.gen.cs: 545e8762f0e28e5bb1be1c472fa039dd -> c82cdc670988a624afef0b4a59da9960
  custom:scripting/monoscript/fileName/NativeParallelHashSet.cs: 5e2ab9cfe81e04de31d18dbafae66b8c -> 
  custom:scripting/monoscript/fileName/IScopedServiceProvider.Gen.cs: a3e3117c2208173e411da686f8072dfc -> 
  custom:scripting/monoscript/fileName/PackageRegistry.cs: 084618e5fb4441b39eee335cbd095e50 -> 
  custom:scripting/monoscript/fileName/XmlLinkedAssembly.cs: 997f803bab31374df714b0d6f004c82e -> 
  custom:scripting/monoscript/fileName/int4x2.gen.cs: 06de189ab87954f032d6395001af7bcc -> 03019ae5b6ae2c22f6bcc41f109a6f3f
  custom:scripting/monoscript/fileName/CoreMetrics.cs: ba96eafc8557f10e49a5a2dab28be8c2 -> 
  custom:scripting/monoscript/fileName/ServicesInitializationEvents.cs: 223f9edfffeabcf11135ebfb5e966647 -> 
  custom:scripting/monoscript/fileName/double3.gen.cs: 5154079fb312071cf35601a361004703 -> 377c7acd7948bf71aea5d8cf8236ee9b
  custom:scripting/monoscript/fileName/ServiceFlagRequest.cs: 81cbfe44ade2ec4f46d5579d02db90c8 -> 
  custom:scripting/monoscript/fileName/SkipLocalsInitAttribute.cs: 317e2a89b70357c20342615fd85d0395 -> e4f8d5a888902955673e1ed6a9dfb76a
  custom:scripting/monoscript/fileName/HttpRequest.cs: 32f191459fcac54e96d5c4ad496a3ed5 -> 
  custom:scripting/monoscript/fileName/ValidationResult.cs: 12d4a9b1790e80408d1518f479a1a01f -> 
  custom:scripting/monoscript/fileName/AssumeRangeAttribute.cs: a138805f6c483ab3d42e249817bdf161 -> d3abc900d6b7c73addcf3398d2779a03
  custom:scripting/monoscript/fileName/UnityProjectV1.cs: 33ee54c3546ae8cbce557ab2aca1756e -> 
  custom:scripting/monoscript/fileName/Fma.cs: 76b83bf8a5d0f959f2f96ac2bfe62268 -> 550ccd401d2d76d5e362c6ec284ceeaa
  custom:scripting/monoscript/fileName/ProjectState.cs: 5da9c4bc1768108d8af5cc6cbfdc9de1 -> 
  custom:scripting/monoscript/fileName/UnityServicesInternal.cs: 5ea85354f5b78172e34fac25411fe7cf -> 
  custom:scripting/monoscript/fileName/PreserveDependencyAttribute.cs: 7b33b3b969409f6a38fb0affb51f2db7 -> 
  custom:scripting/monoscript/fileName/IWire.cs: 30c1d87985bae6279501282a5e19ad84 -> 
  custom:scripting/monoscript/fileName/IJobParallelForDefer.cs: e07ef36294e1a6b9a754482355e9fda6 -> 
  custom:scripting/monoscript/fileName/UnityGetEnvironments200Response.cs: 337f99d16b0b96efb2206d69acad4db0 -> 
  custom:scripting/precompiled-assembly-types:Unity.Services.Core.Environments.Editor: af3b9d0f3823f38d1d2cc22aa83bd019 -> 
  custom:scripting/monoscript/fileName/OperatePackageVersionConfigProvider.cs: 67b4bf8d5d449d0353b963ad0e103a72 -> 
  custom:scripting/monoscript/fileName/float2x3.gen.cs: f18325e6146a706cc21256589a35acb7 -> dd8be2164b904b64628efafb474868f4
  custom:scripting/monoscript/fileName/IEnvironmentsApi.cs: 10309d62b29707db950e5d0457e82d84 -> 
  custom:video-encoder-webm-vp8: eb34c28f22e8b96e1ab97ce403110664 -> 
  custom:scripting/monoscript/fileName/Sse4_2.cs: 76b83bf8a5d0f959f2f96ac2bfe62268 -> 550ccd401d2d76d5e362c6ec284ceeaa
  custom:scripting/monoscript/fileName/UserRoleRequest.cs: 8307bdf9d05c66d6ad5318e52408710f -> 
  custom:scripting/monoscript/fileName/TokenExchange.cs: bbd1ed03e8e3970b0887123f043469e1 -> 
  custom:scripting/monoscript/fileName/HttpRequestExtensions.cs: 35b1178ed1fd55cb1029b0abb50d01fc -> 
  custom:scripting/monoscript/fileName/UserRoleClient.cs: 7cb9a24ca4555e83cb355dad138297b5 -> 
  custom:scripting/monoscript/fileName/EnvironmentIdentifier.cs: 39ee00a0ac13884055f18f6371bacd6d -> 
  custom:scripting/monoscript/fileName/EnvironmentsConstants.cs: 24e9760363ef695978ba684e5d610a82 -> 
  custom:scripting/monoscript/fileName/CircularDependencyException.cs: d18ff671dcc1259992ffc320a2699238 -> 
  custom:scripting/monoscript/fileName/IJobParallelForBatch.cs: adecca892a99db28fc24adbe7bd8588e -> 
  custom:scripting/monoscript/fileName/IReadOnlyObservable.Gen.cs: 90647cc400823b41df847a6cbfc29026 -> 
  custom:scripting/monoscript/fileName/ProjectBindRedirectPopupUI.cs: e3fb92bd3ee82c9407053c4d3860bb4f -> 
  custom:scripting/monoscript/fileName/Avx.cs: 869deae3083ccfe6b60b2585f9e67560 -> 790f25d56fba1e7a48c0a0766c0ad6a6
  custom:scripting/monoscript/fileName/ExternalUserId.cs: 838ec18be418bafff07b93f14174c00c -> 
  custom:scripting/monoscript/fileName/LinkFileGenerator.cs: 2f2c64524b5aa89c8b6b768e28de537b -> 2ed47bf5d52f4c1c29dec48f52ce1e5a
  custom:scripting/monoscript/fileName/EnvironmentAnalytics.cs: df86ce352df40dfa102b41458fb9f770 -> 
  custom:scripting/monoscript/fileName/ReadOnlyHttpResponse.cs: cb67b795f50400334c6da0e8ef76361d -> 
  custom:scripting/monoscript/fileName/Ssse3.cs: 869deae3083ccfe6b60b2585f9e67560 -> 790f25d56fba1e7a48c0a0766c0ad6a6
  custom:scripting/monoscript/fileName/ProductionTokenExchangeUrls.cs: d51f7b5f35d9e0171f3c69e63ce67736 -> 
  custom:scripting/monoscript/fileName/double2x4.gen.cs: a9aedae31eab942a01dd81f5ba23ebf4 -> 685c5fa921181be1c5c2624181389ad3
  custom:scripting/monoscript/fileName/IEditorGameServiceEnabler.cs: 9ba91e68464ed1031653bae083d9cbd8 -> 
  custom:scripting/monoscript/fileName/uint4.gen.cs: 51a7f5c759ac89d78a4704a138bbec45 -> 39973cd09553f87c6828ba478621c98d
  custom:scripting/monoscript/fileName/cellular2D.cs: 910f0614e94a5348f941ea0d56b2c568 -> 2eb29bf877494e27d7b8d68303a33727
  custom:scripting/monoscript/fileName/EnvironmentService.cs: 22bbc46856bf7062678eb8e6e54cf9a2 -> 
  custom:scripting/monoscript/fileName/DeserializationException.cs: 76d207fdb77fb9b4f630a482f86ccf1d -> 
  custom:scripting/monoscript/fileName/double2x3.gen.cs: ac0d6fc940b41f658b24853cf23739e5 -> 2fbeb18c538397a8260f5c41cab0741e
  custom:scripting/monoscript/fileName/JsonObject.cs: d338d25a2a0271e9ef24c000c3688ac4 -> b4314edf02dda425962de25e5c3df291
  custom:scripting/monoscript/fileName/HttpException.cs: f6827940c1f3397a3e9f5ed27d96f36c -> 
  custom:scripting/monoscript/fileName/IPackageRegistry.cs: 7ed9d4b5a0ae537ff629f057cfa10e76 -> 
  custom:scripting/precompiled-assembly-types:Mono.Cecil.Pdb: bc7bb29408e7956d980310bdeff8d6a2 -> 
  custom:scripting/monoscript/fileName/noise4D.cs: 910f0614e94a5348f941ea0d56b2c568 -> 2eb29bf877494e27d7b8d68303a33727
  custom:scripting/monoscript/fileName/FixedStringUtils.cs: 114eb023c5774372990da700f8c2456f -> 
  custom:scripting/monoscript/fileName/BurstILPostProcessor.cs: 2a5731aefd677289925bd5cd5c4ff889 -> caa97838ab13c1add4a98ae3f9820b7e
  custom:scripting/monoscript/fileName/IAnalyticsStandardEventComponent.cs: cf50b12809cbeb8dcfefaee612a9c090 -> 
  custom:scripting/monoscript/fileName/NativeBitArray.cs: 744f6e29d77560522710809b14557136 -> 
  custom:scripting/monoscript/fileName/ServiceProvider.Gen.cs: fb28411e62c1911933783faa92ae27e4 -> 
  custom:scripting/monoscript/fileName/EnvironmentServiceExtensions.cs: ac6a6c148393eb9a5f8fb75c98af0cdb -> 
  custom:scripting/monoscript/fileName/xxHash3.StreamingState.cs: 73af6f62e3ccfaecb2c43562b8c60a23 -> 
  custom:scripting/monoscript/fileName/IOrganizationHandler.cs: f8b346f72bb06934d5f47a4eb5bf2f52 -> 
  custom:scripting/monoscript/fileName/CollectionsExamples.cs: 5c3c7e50116fce8e4387bbf68d9603e4 -> 
  custom:scripting/monoscript/fileName/XmlLinkedField.cs: 58331cd1e1b9bc9099ae07f125c40794 -> 
  custom:scripting/monoscript/fileName/common.cs: 910f0614e94a5348f941ea0d56b2c568 -> 2eb29bf877494e27d7b8d68303a33727
  custom:scripting/monoscript/fileName/IRetryPolicy.cs: 39863b88ffafe612940e6739cfece6fc -> 
  custom:scripting/monoscript/fileName/InstallationId.cs: 5a83a3939f92e5bc55c8a90ccbe27d51 -> 
  custom:scripting/monoscript/fileName/uint2x2.gen.cs: 34db4f212de91eba69f70b6af2f41d23 -> ef58eafb69337704525106c30b2f9c86
  custom:scripting/monoscript/fileName/float3x3.gen.cs: 7de503ab17ef781383880adc785d106c -> 48f350102ac697de2455487383306e62
  custom:scripting/monoscript/fileName/BurstCompilerOptions.cs: 90c36f225bcaac40ff330fc8c75284d4 -> 462794c2cc7370a72a60909850bd4bd6
  custom:scripting/monoscript/fileName/float2.gen.cs: ccda4318c59b6be9ac0ec9d903bd32eb -> 6120954cdb3e1af6bb1e798ca56424e4
  custom:scripting/monoscript/fileName/bool3x3.gen.cs: 754b61059993a0b49e4b0f1336d4eca5 -> f3dd982fcc1d0b33ec635c43c306a1b8
  custom:scripting/monoscript/fileName/BurstDisassembler.Core.LLVMIR.info.cs: 924d9993bb4f5055a61b0166f627d3c3 -> b15d06942db1ac71042be253eef84e7f
  custom:scripting/monoscript/fileName/NEON_AArch64_dotprod.cs: 27dfd32aeb3aec362855d6a15ae66a4f -> 68ba95faf7f0f0403852fb6af2a2f956
  custom:scripting/monoscript/fileName/ServiceInstallationListener.cs: 4f550d886426ad05d9cb021f02f3b5c8 -> 
  custom:scripting/monoscript/fileName/NativeParallelHashSetExtensions.gen.cs: 63db070ab3fd6601a2653ee7ef6af335 -> 
  custom:scripting/monoscript/fileName/ConfigurationUtils.cs: e57894058b136700ef3ea680c0b15031 -> 
  custom:scripting/monoscript/fileName/BurstStringSearch.cs: 3c5d5bf3e7cd0a361303b76b832193e1 -> 69d0ecca394873c1593eee16bae2761c
  custom:scripting/monoscript/fileName/double4x2.gen.cs: 84122ae38bb713fba1bd132464694529 -> 530f8410a1ca9a96d8c16e723573cfae
  custom:scripting/monoscript/fileName/PackageConfig.cs: 6c65665380cc70d71f22e981e56d92cf -> 
  custom:scripting/monoscript/fileName/UnityOrganizationMemberV1.cs: 29203c4e087d3ba2203081bd2717405e -> 
  custom:scripting/monoscript/fileName/UnityServices.cs: 53288f4d4ff1211eb125ba005d646505 -> 
  custom:scripting/monoscript/fileName/ObjectController.cs: 044283c40ac33e17fa092d8d2e992738 -> 
  custom:scripting/monoscript/fileName/EditorGameServiceAnalyticsSender.cs: f578bf9cf78d5f56704a18cd36c88f9f -> 
  custom:scripting/monoscript/fileName/IAccessToken.cs: 359704d6f9862ce7f7142f3c9f3827a0 -> 
  custom:scripting/precompiled-assembly-types:Unity.Services.Core.Scheduler: c5a24b90c03f14c29ba6bebda52c3c14 -> 
  custom:scripting/monoscript/fileName/VisualElementHelper.cs: 0b84949c228ae121ca9bc47ce2ce3ccc -> 
  custom:scripting/monoscript/fileName/UnsafeText.cs: 252c4eef6eb1893b89e3a585d7b05a84 -> 
  custom:scripting/monoscript/fileName/IAnalyticsUserId.cs: c2cc7c28fd557b3f55cdf068b0502818 -> 
  custom:scripting/monoscript/fileName/UnityCreateEnvironmentRequest.cs: a9b0f13e8545f9920554463818374956 -> 
  custom:scripting/monoscript/fileName/PrimitiveVectorDrawer.cs: 29686ab5ff7580200bc34657b1e09832 -> 3e4cc385215599322653e09117c642ee
  custom:scripting/monoscript/fileName/ServiceFlagEndpoint.cs: 95ebbb4e72d70a377056cbf3d7a7020c -> 
  custom:scripting/monoscript/fileName/Sse4_1.cs: 869deae3083ccfe6b60b2585f9e67560 -> 790f25d56fba1e7a48c0a0766c0ad6a6
  custom:scripting/monoscript/fileName/EventBinding.Gen.cs: 90647cc400823b41df847a6cbfc29026 -> 
  custom:scripting/monoscript/fileName/CollectionHelper.cs: f2f5ea727aa85849eaae278bca48a36c -> 
  custom:scripting/monoscript/fileName/ICloudEnvironmentConfigurationProvider.cs: e191e2329b4561db479ad48b7fffb5d7 -> 
  custom:scripting/monoscript/fileName/ILPostProcessing.cs: 2c5fdb336ed93343a2a75af3484ca5a1 -> bf24e0d53d12752a069f04d5a4bfdf42
========================================================================
Received Prepare
Caller must complete domain reload
Begin MonoManager ReloadAssembly
Symbol file LoadedFromMemory is not a mono symbol file
- Loaded All Assemblies, in  0.771 seconds
Native extension for WindowsStandalone target not found
Mono: successfully reloaded assembly
- Finished resetting the current domain, in  2.412 seconds
Domain Reload Profiling: 3178ms
	BeginReloadAssembly (222ms)
		ExecutionOrderSort (0ms)
		DisableScriptedObjects (5ms)
		BackupInstance (0ms)
		ReleaseScriptingObjects (0ms)
		CreateAndSetChildDomain (73ms)
	RebuildCommonClasses (39ms)
	RebuildNativeTypeToScriptingClass (14ms)
	initialDomainReloadingComplete (40ms)
	LoadAllAssembliesAndSetupDomain (450ms)
		LoadAssemblies (505ms)
		RebuildTransferFunctionScriptingTraits (0ms)
		AnalyzeDomain (43ms)
			TypeCache.Refresh (11ms)
				TypeCache.ScanAssembly (0ms)
			ScanForSourceGeneratedMonoScriptInfo (0ms)
			ResolveRequiredComponents (28ms)
	FinalizeReload (2413ms)
		ReleaseScriptCaches (0ms)
		RebuildScriptCaches (0ms)
		SetupLoadedEditorAssemblies (1052ms)
			LogAssemblyErrors (0ms)
			InitializePlatformSupportModulesInManaged (10ms)
			SetLoadedEditorAssemblies (9ms)
			RefreshPlugins (0ms)
			BeforeProcessingInitializeOnLoad (173ms)
			ProcessInitializeOnLoadAttributes (682ms)
			ProcessInitializeOnLoadMethodAttributes (167ms)
			AfterProcessingInitializeOnLoad (11ms)
			EditorAssembliesLoaded (1ms)
		ExecutionOrderSort2 (0ms)
		AwakeInstancesAfterBackupRestoration (10ms)
Refreshing native plugins compatible for Editor in 6.80 ms, found 3 plugins.
Preloading 0 native plugins for Editor in 0.00 ms.
Unloading 6357 Unused Serialized files (Serialized files now loaded: 0)
Unloading 71 unused Assets / (10.3 MB). Loaded Objects now: 7007.
Memory consumption went from 321.1 MB to 310.8 MB.
Total: 15.677600 ms (FindLiveObjects: 0.892300 ms CreateObjectMapping: 0.365700 ms MarkObjects: 5.976400 ms  DeleteObjects: 8.441300 ms)

Prepare: number of updated asset objects reloaded= 0
AssetImportParameters requested are different than current active one (requested -> active):
  custom:scripting/monoscript/fileName/Common.cs: c99d37a639876d15830bc1b4d2b2c424 -> 6ffc11e45ee8ab7a7d4178988978e63b
  custom:scripting/monoscript/fileName/uint3x3.gen.cs: 46f89d8a7f81b6035a7e26991fbc72e8 -> b354ea0e62ee3ca695eba400f73bf8a2
  custom:scripting/monoscript/fileName/Deprecated.cs: 180098a5fc2065d0380e32e2b952eebe -> c490571978d72951839b06a2825608d2
  custom:scripting/monoscript/fileName/BurstDisassembler.Core.Wasm.info.cs: 924d9993bb4f5055a61b0166f627d3c3 -> b15d06942db1ac71042be253eef84e7f
  custom:scripting/monoscript/fileName/DependencyTreeExceptions.cs: 8d717c8797566529cf594f9aab3c0409 -> 
  custom:scripting/monoscript/fileName/IDiagnosticsComponentProvider.cs: dbeac349f8c5591a0ab13c5e6354061e -> 
  custom:scripting/monoscript/fileName/Factories.Gen.cs: c9550e2a227c017a16a3e473be870754 -> 
  custom:scripting/monoscript/fileName/CloudProjectId.cs: 61b53512fd04ee0daa00dda45457438b -> 
  custom:scripting/monoscript/fileName/FixedList.gen.cs: 61852e4544d489e0d5903eb98b98e308 -> 
  custom:scripting/monoscript/fileName/IServiceRegistry.cs: 27b0be3a7d5fbabc2f8cff0f28316b4a -> 
  custom:scripting/monoscript/fileName/JobsILPostProcessor.cs: 3f303034a10abbfb33aebc2c253ab939 -> 
  custom:scripting/monoscript/fileName/SerializableProjectConfiguration.cs: 8d2aa3b56842beb1ee3e05f5a4e2f3c4 -> 
  custom:scripting/monoscript/fileName/BurstInspectorGUI.cs: bb274962adeb3b63c0ef4f58eeb3acfe -> 3b3371d5330c1720f59a915caa210691
  custom:scripting/monoscript/fileName/affine_transform.cs: ea7249476585feff13aa54bd2ccb69b0 -> 
  custom:scripting/monoscript/fileName/Aliasing.cs: 68567cebb1d169ce4f21a31c20f47d47 -> fa54b7e36cebab64c6f4b438ce5bbbb0
  custom:scripting/monoscript/fileName/uint4x4.gen.cs: 4b02c6eee0f00ce1a388bc44dd5ccc7c -> 7732c53bd697b7eb03dd735297da0fc1
  custom:scripting/monoscript/fileName/IServiceComponent.cs: 56d2b4986149318278267c2a2e499b7e -> 
  custom:container-demuxer-ogg: 62fdf1f143b41e24485cea50d1cbac27 -> 
  custom:scripting/monoscript/fileName/CommonErrorCodes.cs: 75f302fd69f29841b35f2306c97082ed -> 
  custom:scripting/monoscript/fileName/v64.cs: b639be1f4e5230c67c23ecfceaa8a8e2 -> 73e2a46ccd31f5cae0a785e2a9658313
  custom:scripting/monoscript/fileName/IChannelTokenProvider.cs: d41d74d962184eab5928b0b3bdda1ee9 -> 
  custom:scripting/monoscript/fileName/EditorGameServiceRegistry.cs: 0265fd85a62bd33c32f256257ebc576f -> 
  custom:scripting/monoscript/fileName/AnimatorControl.cs: d0195373254ff4a69e1025a91456aac0 -> 
  custom:scripting/monoscript/fileName/BurstDisassembler.Core.x86.cs: 924d9993bb4f5055a61b0166f627d3c3 -> b15d06942db1ac71042be253eef84e7f
  custom:scripting/monoscript/fileName/ProgressBar.Gen.cs: 09dcf9975c3de3bc94763c35db49d364 -> 
  custom:scripting/monoscript/fileName/ResponseHandler.cs: d3309722a6b35e47fbfcd01d3512a138 -> 
  custom:scripting/monoscript/fileName/LockedServiceRegistry.cs: ea77a1a45ffb4a9bcd250cb8233d16f9 -> 
  custom:scripting/monoscript/fileName/BurstDisassembler.Core.LLVMIR.cs: 924d9993bb4f5055a61b0166f627d3c3 -> b15d06942db1ac71042be253eef84e7f
  custom:scripting/monoscript/fileName/CoreLogger.cs: 1639b74467b5a585128e7c7cefe73635 -> 
  custom:scripting/monoscript/fileName/ExternalUserIdProperty.cs: e9524414c13dc2d0db279d48f3b164ab -> 
  custom:scripting/monoscript/fileName/DisabledMetrics.cs: bbb9bc05cfe10f1818b0676306a0b1b1 -> 
  custom:scripting/monoscript/fileName/SimdDebugViews.cs: 2a56730788f7babcb1e54d28fd040417 -> ee065a215655effb5244eeef3e220fd7
  custom:scripting/monoscript/fileName/VisibilityPropertyDrawer.cs: 70b7b4d25eb9ea5fda3178a1b5e85242 -> 
  custom:scripting/monoscript/fileName/DisabledMetricsFactory.cs: 358d9e7c090aa1eaa30e6a5f02610459 -> 
  custom:scripting/monoscript/fileName/SettingsCommonHeaderUiHelper.cs: 394582b395d6aebbb1e6e49abf6a1645 -> 
  custom:scripting/monoscript/fileName/IEditorAnalyticsEventRegistrant.cs: c4a0f7089b5b21ceafb7834c915d762f -> 
  custom:scripting/monoscript/fileName/BurstDisassembler.Core.ARM64.cs: 924d9993bb4f5055a61b0166f627d3c3 -> b15d06942db1ac71042be253eef84e7f
  custom:scripting/monoscript/fileName/IJsonSerializer.cs: 952e0b7cbb25051b8e0e85eda2a653c8 -> 
  custom:scripting/precompiled-assembly-types:Unity.Services.Core.Internal: c96c928c37d481d9497b4d4112bb56c7 -> 
  custom:scripting/monoscript/fileName/HttpClientResponse.cs: 9313baa475ddca44cec07c4995e4adab -> 
  custom:scripting/monoscript/fileName/XmlLinkedEvent.cs: efe4e7e159b94963c650fb293df0f9ff -> 
  custom:scripting/precompiled-assembly-types:Unity.Burst.Editor: 9700c786cdfeaf9f4017c0c1ac262b4c -> 1bb453082d9d949b60d566d3187c97d1
  custom:scripting/monoscript/fileName/AsyncOpRetry.cs: 7d4b426ab21943de744ee7f413070273 -> 
  custom:scripting/monoscript/fileName/Bmi1.cs: 869deae3083ccfe6b60b2585f9e67560 -> 790f25d56fba1e7a48c0a0766c0ad6a6
  custom:scripting/monoscript/fileName/IUserRoleRequest.cs: ccc5b229323b6e9c080254df6d4b51cb -> 
  custom:scripting/monoscript/fileName/DependencyTreeExtensions.cs: 63e3c71f0d430a351e6159f69f0a0682 -> 
  custom:scripting/monoscript/fileName/UnityThreadUtils.cs: 6f10d79f183f36877232e308ffa4d195 -> 
  custom:scripting/monoscript/fileName/Notifications.Gen.cs: 0b77852ac67d3ab84f489a2ddbdf8168 -> 
  custom:scripting/precompiled-assembly-types:Unity.Services.Core.Components: b1235f9078edc76fe980fa236b46b6b1 -> 
  custom:scripting/monoscript/fileName/EnvironmentsApi.cs: d5d1f45bf03abd7dd2f469acfd3b5bcb -> 
  custom:scripting/monoscript/fileName/BurstDisassembler.Core.cs: b3b080d760b6a18b7cf0870b47190ba9 -> e5f812d5efcd2a5c78433604ae4d6b38
  custom:scripting/monoscript/fileName/EnvironmentsOptionsExtensions.cs: 1e2776231b4e06a0e9b293a3623d643e -> 
  custom:scripting/monoscript/fileName/IServerEnvironmentId.cs: fff64b157cd649d3d948016718fba14e -> 
  custom:scripting/monoscript/fileName/ProjectStateRequest.cs: 6ba5b48af1466d2a4dbb6e908352d7c6 -> 
  custom:scripting/monoscript/fileName/ProjectBindRedirectPopupWindow.cs: 03988f1b5263bdfb55c00f001c224465 -> 
  custom:scripting/monoscript/fileName/bool4.gen.cs: 89d5db5b25176f8ce2b31291a8fcf567 -> ca7c0171e1585aef1c2900b66db0977a
  custom:scripting/monoscript/fileName/IEnvironmentSaveSystem.cs: 8319bf770542e6764e5512ea06d2b015 -> 
  custom:scripting/monoscript/fileName/OrganizationProvider.cs: f2089b4351294d4815b134a51aba3d17 -> 
  custom:scripting/monoscript/fileName/UnsafeUtilityEx.cs: 51fdf80e1733ea661389b0969168e4eb -> 
  custom:scripting/monoscript/fileName/BaseApiClient.cs: 8db05afd887e7e24cdb4782d155e924b -> 
  custom:scripting/monoscript/fileName/TypeAlreadyRegisteredException.Gen.cs: f78f490406edcce398401642789c4f0d -> 
  custom:scripting/monoscript/fileName/IAsyncOperationAwaiter.cs: 4e390262389eabe5476a62852a905252 -> 
  custom:scripting/monoscript/fileName/ProjectStateHelper.cs: a377430869822a008fcaab13302eb7b2 -> 
  custom:scripting/monoscript/fileName/UnityGetUserGuestProjects200Response.cs: 101aa8e271472b02f3ae37c6ca9da3cb -> 
  custom:scripting/monoscript/fileName/BurstLoader.cs: 36ef27b2f68a2283d382cc41e77edbfa -> ff77f8ae1ba38c1e7af1923752743ddf
  custom:scripting/monoscript/fileName/float4x3.gen.cs: 5e75d4a49b27c7bfdc5d24ca328726c6 -> 82da2e74a1c9948cc673acd7425c23e5
  custom:scripting/monoscript/fileName/float3x4.gen.cs: e028949e7cd389a54d6b8ef7c0e4a804 -> f425eda36f0a9a6a9785ce693ab31c65
  custom:scripting/monoscript/fileName/math_unity_conversion.cs: a14c20536b1fc0611d8629220aec8be2 -> 717272b42fdbca1935830b3071b2da3c
  custom:scripting/monoscript/fileName/UnityWebRequestClient.cs: 171ccf79c76240837e46a8b79f973b6e -> 
  custom:framework-win-MediaFoundation: 216162199b28c13a410421893ffa2e32 -> 
  custom:scripting/monoscript/fileName/AbstractRuntimeServices.Gen.cs: 90647cc400823b41df847a6cbfc29026 -> 
  custom:scripting/monoscript/fileName/EnvironmentInfo.cs: 78a754ae7b45de5c0f5a2d3aef9c92f6 -> 
  custom:scripting/monoscript/fileName/BiperworksRebinder.cs: 61b04674de1e8bfd471eb2a0a6898f66 -> 
  custom:scripting/monoscript/fileName/MemoryConfigurationLoader.cs: e1621a8e05504bfbe89a438b0282bf97 -> 
  custom:scripting/precompiled-assembly-types:Unity.Collections.DocCodeSamples: 03aa084d3d803b6434d3a19bd4efa989 -> 
  custom:scripting/monoscript/fileName/NoAliasAttribute.cs: f143c4ee756cdb81705ae157ea796156 -> 47e40919f04b49dc8701e6216f1351d4
  custom:scripting/monoscript/fileName/ButtonSpriteChange.cs: f81566204edf300bef5d8ea1b1176cc1 -> 
  custom:scripting/monoscript/fileName/UnsafeParallelHashSetExtensions.gen.cs: 08ce05b79144f37e3fa725c81fe15267 -> 
  custom:scripting/monoscript/fileName/UTF8ArrayUnsafeUtility.cs: 98dd75294b6f494d8648143302130ee6 -> 
  custom:scripting/monoscript/fileName/StagingTokenExchangeUrls.cs: 7ddebca8557e1d6e23849e5e07df2296 -> 
  custom:scripting/monoscript/fileName/DeserializationSettings.cs: 1061b12039666d7d981cfe68ebb1982d -> 
  custom:scripting/monoscript/fileName/bool3x2.gen.cs: 7f2024bb8e107c3b85f93e6847f677c0 -> 6ad67e842e9f001f4905675e041c0394
  custom:scripting/monoscript/fileName/IProjectConfiguration.cs: 9794b060b4360e9cc39456a13bf716cc -> 
  custom:scripting/monoscript/fileName/EarlyInitHelpers.cs: 83f2ef803587502aa43a764bfaff3766 -> 
  custom:scripting/monoscript/fileName/IDiagnosticsFactory.cs: 8a3a37fd862b7581b4621716ed14b18e -> 
  custom:scripting/monoscript/fileName/half2.gen.cs: 7816131b273dfbe62c7a27c74161c262 -> a6f90a50ab057fcfbb93f80dff9467ec
  custom:scripting/monoscript/fileName/IServiceFlagRequest.cs: b3a0a6e65e5600f2006d43595e9e07b1 -> 
  custom:scripting/monoscript/fileName/FixedStringFormat.gen.cs: bee80dd64417b695a3ab4edd137d6566 -> 
  custom:scripting/monoscript/fileName/ConfigurationEntry.cs: c1ed8586c7c9df05d945744b24303784 -> 
  custom:scripting/monoscript/fileName/v128.cs: 117d41d4706f1df0b65a9e2453bf6a48 -> e021cba7e9c369437e29248cab7adb92
  custom:scripting/monoscript/fileName/FileSystem.cs: ab92d4d8629b2af54c3a35102bd12cc4 -> 
  custom:scripting/monoscript/fileName/XmlLinkedMember.cs: 83ebbc44b07d4de0b62121c7811a18b1 -> 
  custom:scripting/precompiled-assembly-types:Unity.Services.Core.Device: 63b48da9c583ff24a0dde69e3097501c -> 
  custom:scripting/monoscript/fileName/Unicode.cs: f97bf556b0d99c0ed9d5ebf00a173353 -> 
  custom:scripting/monoscript/fileName/SharedStatic.cs: 74550ff9370ca87319b80787c2203d8d -> f05c0e41a9966bdff75df2ec1c0154e3
  custom:scripting/monoscript/fileName/JsonWebToken.cs: 576840f242d675d41e4a3e0094ff62a5 -> 
  custom:scripting/monoscript/fileName/IEditorGameServiceIdentifier.cs: a0ceaf826ce6fd5a1bb279e1579a965f -> 
  custom:scripting/monoscript/fileName/OfflineUiHelper.cs: 74f5179e6468b11d72cd60998e0c725b -> 
  custom:scripting/monoscript/fileName/DoubleObjectController.cs: 761223e234bd9a8b8163cedfa92ac097 -> 
  custom:scripting/monoscript/fileName/Sse3.cs: 869deae3083ccfe6b60b2585f9e67560 -> 790f25d56fba1e7a48c0a0766c0ad6a6
  custom:scripting/monoscript/fileName/noise3Dgrad.cs: 910f0614e94a5348f941ea0d56b2c568 -> 2eb29bf877494e27d7b8d68303a33727
  custom:scripting/monoscript/fileName/BurstDisassembler.Core.ARM64.info.cs: 924d9993bb4f5055a61b0166f627d3c3 -> b15d06942db1ac71042be253eef84e7f
  custom:scripting/monoscript/fileName/bool4x2.gen.cs: 586d6e84a82661c406c0747e29931ce1 -> 5e92d30f937bc7e4e4a07b2b81c06b27
  custom:scripting/monoscript/fileName/AsyncOperationAwaiter.cs: ddd9d932eca2ff6dc550c174a68fdc5b -> 
  custom:scripting/monoscript/fileName/Plane.cs: c32fcb4d635f10949ba9a2b53f7d21ec -> 69547098044c0683a5ff9d9b8674a0ba
  custom:scripting/monoscript/fileName/UnsafeAppendBuffer.cs: 5a9572fb3414d7d386993b9deda40896 -> 
  custom:scripting/monoscript/fileName/UnityServicesInitializer.cs: fa9a608355e48120534d684af5f04612 -> 
  custom:scripting/monoscript/fileName/ActionSchedulerCleaner.cs: 1750f9737ba65c8b5f441e824f90784f -> 
  custom:scripting/monoscript/fileName/MinMaxAABB.cs: 99b6b3f339a5e250751ae4f780607d7a -> 87e440667b74c17b186d7505988d93e6
  custom:scripting/monoscript/fileName/ProjectConfiguration.cs: b6a00bb7bd3df2a451321f73e7cb7141 -> 
  custom:scripting/monoscript/fileName/NativeParallelMultiHashMap.cs: 1e38321ac54bf0ebd0ddc433f96b1d0e -> 
  custom:scripting/monoscript/fileName/double2x2.gen.cs: 1175e86c851890dc199d0e88708ffccb -> 1b24b88380b01d73274245c8a3f891ca
  custom:scripting/monoscript/fileName/UnsafeBitArray.cs: be9a302f17ebba9c8bfe6d9fc79836b3 -> 
  custom:scripting/monoscript/fileName/v256.cs: cc278cab80741b277f80e482a2e6740b -> 47c636eb6f790c9afbde51106c5c5b53
  custom:scripting/monoscript/fileName/Sync.Gen.cs: ac834b133bcd24c6292144f8ec2fc479 -> 
  custom:scripting/monoscript/fileName/EnvironmentConfigProvider.cs: cadac2235852654a9596b0eac1628eac -> 
  custom:scripting/monoscript/fileName/Csr.cs: 869deae3083ccfe6b60b2585f9e67560 -> 790f25d56fba1e7a48c0a0766c0ad6a6
  custom:scripting/precompiled-assembly-types:Mono.Cecil.Rocks: d98f994105b32bbc8f98a0bab029ed34 -> 
  custom:scripting/monoscript/fileName/NewtonsoftSerializer.cs: 455e87e74f7c4ce7bdb201550b0ccccf -> 
  custom:scripting/monoscript/fileName/AccessTokenErrorUiHelper.cs: 398831acfad9119e6105671c7f2d98b3 -> 
  custom:scripting/monoscript/fileName/ServiceUrlBuilder.cs: 75f301a24c4e4d38116d1a1c11631963 -> 
  custom:scripting/monoscript/fileName/LockedPackageRegistry.cs: 99e3472ea654b46f01a9dea3a90719dd -> 
  custom:scripting/monoscript/fileName/HttpResponse.cs: fe56c84be580f48ba5f6047136e2cf67 -> 
  custom:scripting/monoscript/fileName/ProjectConfigurationBuildInjectorWithPlayerProcessor.cs: bfe4c2bc0cd0ee036e60e1bfa30dda8a -> 
  custom:scripting/monoscript/fileName/GenericContext.cs: 382a922cd4d3f0ca6cf18c02fb0e5430 -> 91513e0bd2facda2d12405e8de8d8a9b
  custom:scripting/monoscript/fileName/IServiceUrlBuilder.cs: 13be638527219a0b32af6fd5c7433f19 -> 
  custom:scripting/monoscript/fileName/classicnoise4D.cs: 910f0614e94a5348f941ea0d56b2c568 -> 2eb29bf877494e27d7b8d68303a33727
  custom:scripting/monoscript/fileName/int4x3.gen.cs: 67f76716aed15a7705ce52ae92c6a128 -> 8504016f71ab8b36158b7cb8a5461a8b
  custom:scripting/monoscript/fileName/IEnvironmentAnalytics.cs: c2ab3518cf2897a2ac4cf87258f13731 -> 
  custom:scripting/monoscript/fileName/classicnoise2D.cs: 910f0614e94a5348f941ea0d56b2c568 -> 2eb29bf877494e27d7b8d68303a33727
  custom:scripting/monoscript/fileName/NEON_AArch64.cs: 27dfd32aeb3aec362855d6a15ae66a4f -> 68ba95faf7f0f0403852fb6af2a2f956
  custom:scripting/precompiled-assembly-types:Unity.Collections.BurstCompatibilityGen: d26056d813c945132a21ff9f8750c98e -> 
  custom:scripting/precompiled-assembly-types:Unity.RenderPipelines.Core.Editor: bb05a4b341bab765164189ba57a3b64d -> f8860ff5929cb85b004a64116af8e0c7
  custom:scripting/monoscript/fileName/JobReflectionDataPostProcessor.cs: e1f319111c11d6198fa53d79b59ba6d0 -> 
  custom:scripting/monoscript/fileName/Hint.cs: 73569c0368c38045b2f569420e45a0a1 -> 35c736c413c7f058326ce656dfcde31e
  custom:scripting/monoscript/fileName/BurstRuntime.cs: da2dbf1247f62950b565aeade2339490 -> dd1cc6bb42ddae27b5305860068dfb8c
  custom:scripting/monoscript/fileName/MinimumBinaryHeap.cs: 58e2f67451a6dd12649c5819616167df -> 
  custom:scripting/monoscript/fileName/xxHash3.AVX2.cs: bbc99b1bfd2f994ebd53a189bfb34bc9 -> 
  custom:scripting/monoscript/fileName/ModelBinding.Gen.cs: 90647cc400823b41df847a6cbfc29026 -> 
  custom:scripting/monoscript/fileName/matrix.gen.cs: 1fc7e9a9978c6bc6327a2ef3562b3b82 -> 8040951fec6b586df3a34908a47f7536
  custom:scripting/monoscript/fileName/DependencyNotFoundException.Gen.cs: b85b8fa51199029c7dffa67f92fbcb8c -> 
  custom:scripting/monoscript/fileName/IInitializablePackageV2.cs: aa06fccc5712784ca17e5e7b41810911 -> 
  custom:scripting/monoscript/fileName/PostNormalizedVectorDrawer.cs: bcc5a130e288cb1ea7e6214244bd90aa -> 1e9cc5a1d5ea64a4691d9edff2f31467
  custom:scripting/monoscript/fileName/UnsafeStream.cs: 256399a9cf220f56a541766f1fe0b55f -> 
  custom:scripting/monoscript/fileName/int2x4.gen.cs: 19df88eae659245962107924a4f8beb4 -> 5edaa4c8e18b723d836f4e66d7a2ad24
  custom:scripting/monoscript/fileName/AdminApiHeaders.Gen.cs: 90647cc400823b41df847a6cbfc29026 -> 
  custom:scripting/monoscript/fileName/UnityThreadUtilsInternal.cs: db907031b91c05c00109dd0308888529 -> 
  custom:scripting/monoscript/fileName/double2.gen.cs: 6d6f846a6947f4edc6c86aae983cab7a -> 9fcc709faf542a3c28101e289489d3c3
  custom:scripting/monoscript/fileName/HttpClient.cs: 6f589aa53e23fc30613c9de6ca38fe21 -> 
  custom:scripting/monoscript/fileName/bool2x2.gen.cs: 9f5ba9e667296230e5a7dd8098d86f1e -> 4649c574bdda23c59b5d49d1b662bc61
  custom:scripting/monoscript/fileName/uint3x2.gen.cs: cb5adb59636d29fe64c2a59690629fe9 -> e9ed99b7eae876425b9236af5d545e3a
  custom:scripting/monoscript/fileName/UnityPatchProjectV1Request.cs: c6a39576d362d5719b8c0057b54f465b -> 
  custom:scripting/precompiled-assembly-types:Unity.Mathematics: b00366944e6a3b525e034d31ff80169e -> eda48956a0bece48f802264722748d9b
  custom:scripting/monoscript/fileName/ServicesCreationException.cs: 40142800771fcc1f5855193d741c129e -> 
  custom:scripting/monoscript/fileName/HeapString.gen.cs: 2f8bea3137363b1eadd89d8db8473288 -> 
  custom:scripting/monoscript/fileName/IEnvironmentFetcher.cs: 4324c744baa655843f8a2db18e322b79 -> 
  custom:scripting/monoscript/fileName/ITokenExchangeUrls.cs: f529e59149e9ccc31fc5b827b34c33db -> 
  custom:scripting/monoscript/fileName/UnsafeParallelHashSet.cs: 5e2ab9cfe81e04de31d18dbafae66b8c -> 
  custom:scripting/monoscript/fileName/uint3.gen.cs: 07250d494d70da63323c03829a109a7b -> 2439c557987b3f1dafd36143ddfb8c40
  custom:scripting/precompiled-assembly-types:Unity.Services.Core.Threading: ca5820d3037e7034a063518fa47775e2 -> 
  custom:scripting/monoscript/fileName/double4x4.gen.cs: c712f0479a2da80505c5f34004582140 -> d67599d4a9300cb241e4695cd70324ae
  custom:scripting/monoscript/fileName/ReadOnlyHttpRequest.cs: 8ed1e96527aeaf3049f26baaeff0902d -> 
  custom:scripting/monoscript/fileName/UnsafeParallelHashMap.cs: 8c2ef7a027d6725f567219b8c50f247e -> 
  custom:scripting/monoscript/fileName/BurstDisassembler.Core.Wasm.cs: 924d9993bb4f5055a61b0166f627d3c3 -> b15d06942db1ac71042be253eef84e7f
  custom:container-muxer-webm: aa71ff27fc2769a1b78a27578f13a17b -> 
  custom:scripting/monoscript/fileName/LabeledPopup.cs: aaac60160bcf5911cfd22427e122285e -> 87f082da9aa2abffd22a5b3019d4e188
  custom:scripting/monoscript/fileName/VisibilityAttribute.cs: 49e798b1c498546f09244503349891b2 -> 
  custom:scripting/monoscript/fileName/ActionScheduler.cs: 4b3a1bee28d6ab276113779464cd5e1f -> 
  custom:scripting/monoscript/fileName/BurstDisassembler.cs: 5af3bf689b9a2f927160aa1f9ee98cdd -> d51fb062bede2b9ca5d97ccc2e501c19
  custom:video-decoder-webm-vp8: 9c59270c3fd7afecdb556c50c9e8de78 -> 
  custom:scripting/monoscript/fileName/EnvironmentSettingsProvider.cs: 237263cbc2f115c0b90b2c3fc83a1110 -> 
  custom:scripting/monoscript/fileName/UnityUpdateOrganizationRequest.cs: c81a99780bba7daac8cc2c5dac469fe1 -> 
  custom:scripting/monoscript/fileName/float3.gen.cs: d2a3af208755cfe0205a5add4cbf782b -> 61e461104f30d07064c299c5ac2c9a3e
  custom:scripting/monoscript/fileName/BurstCompileTarget.cs: 47adecc05bc5bde9cd2b85670fa94f8b -> 5a1d233d747b0d562e7d5017bb80886e
  custom:scripting/precompiled-assembly-types:Unity.Services.Core.Editor: 2ce628c64b79eaab06a757513fdb9c3f -> 
  custom:scripting/monoscript/fileName/UnityAdsIdentifier.cs: 6666e4d931c1a681dcee861ce8dc56a2 -> 
  custom:scripting/monoscript/fileName/RetryPolicyConfig.cs: 533d36c1df5475ce177f07fcbfd5c545 -> 
  custom:scripting/monoscript/fileName/Constant.cs: 56e49c7e9d6abbdcb72cf45bc4184613 -> 9503cddf79e2a3fdeab51cc0257c4da1
  custom:scripting/monoscript/fileName/EnvironmentValidator.cs: 08b5a9dc48dd22c719e1975ef1db1683 -> 
  custom:scripting/monoscript/fileName/NEON_ctor.cs: 27dfd32aeb3aec362855d6a15ae66a4f -> 68ba95faf7f0f0403852fb6af2a2f956
  custom:scripting/monoscript/fileName/JobsMenu.cs: 2df7b5d475c31ebab4767437c73f47f4 -> 
  custom:scripting/monoscript/fileName/FixedStringFormatMethods.gen.cs: fcdca1abcdc2fd593bd0d11b27b9b2c5 -> 
  custom:scripting/monoscript/fileName/ProjectConfigurationBuilder.cs: 3a77bc00f860533701242ca98886ca86 -> 
  custom:scripting/monoscript/fileName/IAccessTokens.cs: 3e3094814f4dba04dfbc3053655e6598 -> 
  custom:scripting/monoscript/fileName/UserRoleRequestUiHelper.cs: a99a899edbebc06ce30ec51f79ff566a -> 
  custom:scripting/monoscript/fileName/int3x3.gen.cs: 8da9d8d1067461c55dbf4fa0f6b692cf -> dc1405f0f1704a2ec1efb4946b5d5f85
  custom:scripting/monoscript/fileName/UtcTimeProvider.cs: 34e00235b689057dfe7c5f53347158ea -> 
  custom:scripting/monoscript/fileName/int4x4.gen.cs: 0e76084ebee4c8312f336ff84d58a04c -> e1c5029dddb71a1513ebdf470db7528e
  custom:scripting/monoscript/fileName/RewindableAllocator.cs: ff203a8232e03cdb6b2db057c0882a0f -> 
  custom:SearchIndexIgnoredProperties: e643bd26f0fe6173181afceb89e7c659 -> 
  custom:scripting/monoscript/fileName/bool4x3.gen.cs: fe90c06e5cec5b26385f16e64919351e -> 3b9b4adbcec8eec926ee3ca5bd1a9e49
  custom:scripting/monoscript/fileName/SystemEnvironmentPathUtils.Gen.cs: 9f60a7d4b8edfd5e67c66c89eee984df -> 
  custom:AudioImporter_EditorPlatform: d09bf68614088b80899f8185d706f6e7 -> 
  custom:scripting/monoscript/fileName/EnvironmentsApiInternal.cs: ddda38a23193b92419a4176f3ffd04a7 -> 
  custom:scripting/monoscript/fileName/EditorGameServiceAnalyticData.cs: 0fc6f3bf04cc7c89fce9a2c7c7ab285b -> 
  custom:scripting/monoscript/fileName/ConstructorNotFoundException.Gen.cs: d5eeea08ebee99ae8f097d0f6c2b88b0 -> 
  custom:scripting/monoscript/fileName/EnvironmentServiceRegistry.cs: 87c6dee4ea55850e884c48687d120061 -> 
  custom:scripting/monoscript/fileName/AccessTokensSingleton.cs: ed21a5edcf5821a4e4c3f640d88a8890 -> 
  custom:scripting/monoscript/fileName/IoUtils.cs: 407719a7637f4a4931cf4ba6f0c431e9 -> 
  custom:scripting/monoscript/fileName/IgnoreWarningAttribute.cs: 0d7229169d4125415775d3108e0f5f3f -> 95b6772ff35299aa9927da5e6696b2f1
  custom:scripting/monoscript/fileName/FixedString.gen.cs: 546503330a4423d9e22205762e6dc907 -> 
  custom:scripting/monoscript/fileName/XmlLinkedMethod.cs: 0832a872e8f410f9dbd4e4797775d14c -> 
  custom:scripting/monoscript/fileName/uint4x3.gen.cs: 5c842eaf04659601d64e86e873d2dc4b -> b01c5cd7a56bd5c67682617427bf7881
  custom:scripting/monoscript/fileName/ITimeProvider.cs: ddd25bd8e3c8be311aae000881753524 -> 
  custom:scripting/monoscript/fileName/MissingComponent.cs: 6fcd30b84d1ca630662778f50cedadd3 -> 
  custom:scripting/monoscript/fileName/Responses.cs: cf8e91b141cc85b29c745e415fc1f688 -> 
  custom:scripting/monoscript/fileName/Transient.Gen.cs: fb508b42c100a2c07b866a44f9ab3ed0 -> 
  custom:scripting/monoscript/fileName/NativeList.cs: 3e39181d220491b697fd73718c9e6b89 -> 
  custom:scripting/monoscript/fileName/IInstallationId.cs: f04e3188def2f4af24969a3d446782a7 -> 
  custom:scripting/monoscript/fileName/BurstCompileAttribute.cs: d6b4f38d813b7cc3ab63dc8ec73aa58a -> f1834e5146c37c3c879fe10d3c8c9e49
  custom:scripting/monoscript/fileName/bool3.gen.cs: f73cc99fcfd3d7b311d94017869f72e0 -> 5af2629b3ff9dbb3bbfcc70064a35529
  custom:scripting/monoscript/fileName/uint4x2.gen.cs: e8b292c670996f99dc647f630b2d028d -> b7591412c0d582e5dffe67f85a90dd0a
  custom:scripting/precompiled-assembly-types:Mono.Cecil.Mdb: dfddc2d5e9570038a3ea8da067257c97 -> 
  custom:scripting/monoscript/fileName/float4.gen.cs: a5929fc9c81f37a217f61110104af506 -> b782c632ec38515e69077afe722e950b
  custom:scripting/monoscript/fileName/uint3x4.gen.cs: 810549df666bfc264109dae029c3ad17 -> 85b37160b72ca5d09aa390a0ed4ac5d3
  custom:scripting/monoscript/fileName/InitializationOptions.cs: a3b098c01b711d197eb5be831c1fe3cb -> 
  custom:scripting/monoscript/fileName/BurstCompatibleAttribute.cs: 5516bac227e59cc058e743022f755993 -> 
  custom:scripting/monoscript/fileName/ResponseDeserializationException.cs: ee4bcd8feef77e51dd56d7612403078e -> 
  custom:scripting/monoscript/fileName/IEnvironments.cs: c0584c08a0bd557b383eebd7f6ddb36a -> 
  custom:scripting/monoscript/fileName/UnsafeAtomicCounter.cs: 9e2f4dbe854338916842c8ff7fbe03de -> 
  custom:scripting/monoscript/fileName/DefaultApiRequests.cs: 0c40f474d191c79755786a315c4d3837 -> 
  custom:scripting/monoscript/fileName/ButtonByButtonController.cs: bdd6f7704876e7ac5d67b606215bf64e -> 
  custom:scripting/monoscript/fileName/FixedStringMethods.cs: fcdca1abcdc2fd593bd0d11b27b9b2c5 -> 
  custom:scripting/monoscript/fileName/PlatformSupportUiHelper.cs: c2fb091feeb92fc6d04201e72415cd6f -> 
  custom:scripting/monoscript/fileName/IConfigurationProvider.cs: af9003c2ff2e581cf6d2023a9420f4ca -> 
  custom:scripting/monoscript/fileName/IMetricsFactory.cs: fde5d2b8b6a1babbe7e5508a35a60c95 -> 
  custom:scripting/monoscript/fileName/ChannelToken.cs: 749f097d0aecdba9e5864aa66e7c548d -> 
  custom:scripting/monoscript/fileName/ProjectBindRedirectUiConstants.cs: 1d3bd9a52471c7a484b82396440177cc -> 
  custom:scripting/monoscript/fileName/UnsafeNotBurstCompatible.cs: 9920b2dcf54d07855dc87b05b9a22299 -> 
  custom:scripting/monoscript/fileName/HttpServiceConfig.cs: a19e8b39679e0da2413fb1719624f1f2 -> 
  custom:scripting/monoscript/fileName/EditorGameServiceFlagEnabler.cs: ed4b01161596daf6c007c5cb985797df -> 
  custom:scripting/monoscript/fileName/EditorValueTracker.Gen.cs: 90647cc400823b41df847a6cbfc29026 -> 
  custom:scripting/monoscript/fileName/ProjectConfigurationBuilderHelper.cs: f79e2dec68c2a8a55186a3fd4274546b -> 
  custom:scripting/monoscript/fileName/IUnityThreadUtils.cs: 09e8ec6b5955782b75f75b287fbd41f1 -> 
  custom:scripting/monoscript/fileName/Sse.cs: 869deae3083ccfe6b60b2585f9e67560 -> 790f25d56fba1e7a48c0a0766c0ad6a6
  custom:scripting/monoscript/fileName/IConfigurationLoader.cs: 2906069c8520611bdd1356369b0a29f4 -> 
  custom:scripting/monoscript/fileName/FixedStringInternalMethods.cs: fcdca1abcdc2fd593bd0d11b27b9b2c5 -> 
  custom:scripting/monoscript/fileName/UnityListProjects200Response.cs: 428e859b4396ae3112aa4ecacae32fbf -> 
  custom:scripting/monoscript/fileName/CorePackageInitializer.cs: 829d217bce271cb9c1fa63d564b476ec -> 
  custom:scripting/monoscript/fileName/uint2.gen.cs: 16c687047be4a3d9d18671b7f1514a8d -> f442e48493395c3c057fa324c1ed7700
  custom:scripting/monoscript/fileName/AssemblyResolver.cs: 5d80bf0419ced3ef86f9dc251f8f6957 -> d02bbd84bf24106c236ab13c6c3d719f
  custom:scripting/monoscript/fileName/EnvironmentNotFoundException.cs: 8f8ecf9219a7a93736afa67d923d561a -> 
  custom:scripting/precompiled-assembly-types:Unity.Collections: 4a46ba792d71a8ef631019192135d028 -> 
  custom:scripting/monoscript/fileName/cellular2x2x2.cs: 910f0614e94a5348f941ea0d56b2c568 -> 2eb29bf877494e27d7b8d68303a33727
  custom:scripting/monoscript/fileName/matrix.cs: 3c89deedfaaffcc017fba2cf913f12ee -> 17bd875ecbf69296bc7f1415237b5bf7
  custom:scripting/monoscript/fileName/DependencyTreeInitializeOrderSorter.cs: 398a0f081d411379f31bc2eb52bbbd21 -> 
  custom:scripting/monoscript/fileName/cellular3D.cs: 910f0614e94a5348f941ea0d56b2c568 -> 2eb29bf877494e27d7b8d68303a33727
  custom:scripting/monoscript/fileName/UnityGetUserPermissions200Response.cs: 7fdf29503cc5301312d984f2af06eb45 -> 
  custom:scripting/monoscript/fileName/IJobParallelForFilter.cs: df20d5af76497ee9382afe3d36f1f1f4 -> 
  custom:scripting/monoscript/fileName/bool3x4.gen.cs: 42c7ba8bd569aafe7a1ccd38b69ca362 -> dd64119ecce8747c9d345fc62ed63bff
  custom:scripting/monoscript/fileName/NEON.cs: 27dfd32aeb3aec362855d6a15ae66a4f -> 68ba95faf7f0f0403852fb6af2a2f956
  custom:audio-decoder-ogg-vorbis: bf7c407c2cedff20999df2af8eb42d56 -> 
  custom:scripting/monoscript/fileName/NativeText.gen.cs: 963d74023cd13b0e64909bb76f1d047a -> 
  custom:scripting/monoscript/fileName/int2x3.gen.cs: 19a71af308909120a7ea6452646e4208 -> 377af658550da76bc0efa7c5a755eb90
  custom:scripting/monoscript/fileName/ConcurrentMask.cs: d56a0fef284c9e5059f89974aedb695c -> 
  custom:scripting/monoscript/fileName/CloudEnvironmentConfigProvider.Gen.cs: 5a0c9bc3528e508605862cace6052ab9 -> 
  custom:scripting/monoscript/fileName/ScheduledInvocationComparer.cs: 83106d0c8c6b049feeaa7bc89351f333 -> 
  custom:scripting/monoscript/fileName/NativeReference.cs: 707aa775b4e3cc858cb239cb84a29e93 -> 
  custom:scripting/monoscript/fileName/DefaultApi.cs: 1d4ada5f7be42c3459105e8a4ff7befa -> 
  custom:scripting/monoscript/fileName/UnityServicesBuilder.cs: 2c873918180573f10abfeda6ebefa0f9 -> 
  custom:scripting/monoscript/fileName/ServiceRegistry.cs: 9f2f77edf09fc4d5ffdc5ae250d852d2 -> 
  custom:scripting/monoscript/fileName/EnvironmentAnalyticsSender.cs: 8bcdd72c4f4f7ba6fed9617ecb7e992f -> 
  custom:scripting/monoscript/fileName/Popcnt.cs: 869deae3083ccfe6b60b2585f9e67560 -> 790f25d56fba1e7a48c0a0766c0ad6a6
  custom:scripting/monoscript/fileName/ScheduledInvocation.cs: 6dd46403260fc3e01309ae7e636c0e8a -> 
  custom:scripting/monoscript/fileName/UnityProjectNotLinkedException.cs: fffb6126e50500c8c570125732d06308 -> 
  custom:scripting/monoscript/fileName/ServicesInitializationException.cs: 905c414eaf6bb9e99e87b7be57e80385 -> 
  custom:scripting/monoscript/fileName/CoreRegistry.cs: f8cefd7d8b5109f3c61c0ba5ed06a2ed -> 
  custom:scripting/monoscript/fileName/Configuration.cs: 4d19c1da7f614cc93468a9d05d08dc7d -> 
  custom:scripting/monoscript/fileName/InvalidJwtException.cs: 44c6d327479bc7179514ecd464e65b5b -> 
  custom:scripting/monoscript/fileName/NativeNotBurstCompatible.cs: 8e8b404b4fa69e1b7cea25947e47b9bd -> 
  custom:scripting/monoscript/fileName/IProjectStateRequest.cs: 27b27df4e3b68078a5908d7df6fce95f -> 
  custom:scripting/monoscript/fileName/ILPostProcessingLegacy.cs: d9910f2de3f51974efe13df8267dc87d -> 1474151453fb056da8fe50e6cda891db
  custom:scripting/monoscript/fileName/CLILeakDetectionSwitcher.cs: 57bd385706945886454b568fb0644a83 -> 
  custom:scripting/monoscript/fileName/XmlLinkedType.cs: 879123e42892f87010bef78e341312d0 -> 
  custom:scripting/monoscript/fileName/EditorGameServiceDashboardHelper.cs: ea8538090dcae2327f4c15e2ca056258 -> 
  custom:scripting/monoscript/fileName/UnsafeRingQueue.cs: beeb81b22bb86e018042f1eea3e37e38 -> 
  custom:scripting/monoscript/fileName/ApplyRevertChangeTracker.Gen.cs: 90647cc400823b41df847a6cbfc29026 -> 
  custom:scripting/monoscript/fileName/CollectionExtensions.Gen.cs: aff9dee80b4292d09c09f3acd69a3289 -> 
  custom:scripting/monoscript/fileName/IComponentRegistry.cs: 31dc7d917392108590a76b6f7b8e718f -> 
  custom:scripting/monoscript/fileName/IEditorGameService.cs: faa7656610bf6f8463e95c403d6c6e6c -> 
  custom:scripting/monoscript/fileName/int3x4.gen.cs: a41355fd8e3f2df0223626fb4f0b3908 -> 8460bfcadb3ac350c26daa6b9595294c
  custom:scripting/monoscript/fileName/NativeParallelHashMapExtensions.cs: 462869b482cb0a426c099c8676c75416 -> 
  custom:scripting/monoscript/fileName/psrdnoise2D.cs: 910f0614e94a5348f941ea0d56b2c568 -> 2eb29bf877494e27d7b8d68303a33727
  custom:scripting/monoscript/fileName/EnvironmentSettings.cs: e2b98ee836b42374bfa16506e47055ce -> 
  custom:scripting/monoscript/fileName/F16C.cs: 869deae3083ccfe6b60b2585f9e67560 -> 790f25d56fba1e7a48c0a0766c0ad6a6
  custom:scripting/monoscript/fileName/BiperworksPrefabReplace.cs: 3feb3c89b6276f76667f74d9e5c161ed -> 
  custom:scripting/precompiled-assembly-types:Unity.Collections.LowLevel.ILSupport: fc98657c35e94db2b30cdf006548cc51 -> 
  custom:scripting/monoscript/fileName/IChannel.cs: db8ed6536767d05dc3fe7251f4a4dcd3 -> 
  custom:scripting/monoscript/fileName/IAsyncOperation.cs: f56289e88c7dcb628d7e5619c74e7538 -> 
  custom:scripting/monoscript/fileName/XmlLinkerModel.cs: d4c2817476b9b278a7b7808d61032596 -> 
  custom:scripting/monoscript/fileName/QuaternionDrawer.cs: 3e16f8b999b15ff8f3cb65c56d92372c -> 11323f18a038f5e869f0b55e53c54a31
  custom:scripting/monoscript/fileName/Memory.cs: 24fa5e8e684139a9a6b2bb764c620a28 -> 
  custom:scripting/monoscript/fileName/UnsafeList.cs: d4153fc6c06f3c788b1e8373e28421fd -> 
  custom:scripting/monoscript/fileName/Metrics.cs: ff969a3864869c6435b83c963d65cf34 -> 
  custom:scripting/monoscript/fileName/BurstAssemblyDisable.cs: 05c2ec5d4cb82dde153fd26804b0759c -> b6ce5635cda12e16b9d3052a32a53ef4
  custom:scripting/monoscript/fileName/IVivoxTokenProviderInternal.cs: 8f6eac73831e2d88349c636e0c8277cf -> 
  custom:audio-encoder-webm-vorbis: bf7c407c2cedff20999df2af8eb42d56 -> 
  custom:scripting/monoscript/fileName/BurstString.Float.cs: 2be5f73de1c4aa5655ffe1179ecab0e5 -> f7cf2d4ac32cd23a2133a777bc8e9bdf
  custom:scripting/monoscript/fileName/UnityWebRequestUtils.cs: f709ddaaeb44d62e1a53fe224983d54c -> 
  custom:scripting/precompiled-assembly-types:Assembly-CSharp-Editor: 55be5156d4d9bf13a4a71e730e6bff5f -> e6dd162cf99c2a2b175dc18b4efe7df7
  custom:scripting/monoscript/fileName/DependencyTree.cs: 0bd2915409b5c0af8089da1663502e47 -> 
  custom:scripting/monoscript/fileName/BiperworksMissingChecker.cs: 59ef92542e37bf12350114bc93e856ab -> 
  custom:scripting/monoscript/fileName/AsyncOperation.cs: f23cc551eab7049146420a4196093425 -> 90647cc400823b41df847a6cbfc29026
  custom:scripting/monoscript/fileName/LongTextArea.cs: dfdcf6f0be8f7d5d7c8ee22ae4b70ab5 -> 4c687402ecd5f2af3a470023aff89eca
  custom:scripting/monoscript/fileName/UnityAddressV1.cs: 4d4ba30b341c7e72810f3c36b5914fa5 -> 
  custom:scripting/monoscript/fileName/IGatewayTokens.cs: af8d58613a9fd459a444ee8b327072b0 -> 
  custom:scripting/monoscript/fileName/xxHash3.cs: d876f695d67b3d527466020445c50eb8 -> 
  custom:scripting/monoscript/fileName/IInitializablePackage.cs: 7a2afaa327b6f2c8c3b73c00855d936d -> 
  custom:scripting/monoscript/fileName/Attributes.cs: d94dab8e1cad1d516625e289629ba937 -> 9d3861389974f0823e7e341aa6c23dae
  custom:scripting/monoscript/fileName/AnalyticsOptionsExtensions.cs: 61b53e23187fa8065622d09b0f304596 -> 
  custom:scripting/monoscript/fileName/DebugView.cs: 0cdf409b5aa8d4c25876d72b5c6a3b60 -> 
  custom:scripting/precompiled-assembly-types:Assembly-CSharp: 26e38508980b51b33a5cd8f4dad7d861 -> 843220b89751c6f5d77aed2d23b72b60
  custom:scripting/monoscript/fileName/EnvironmentSelector.cs: ac21f39d65ed579595edcbd2c9853105 -> 
  custom:scripting/monoscript/fileName/JsonHelpers.cs: 8837ad713480b6b5528a3b03a0d76fa1 -> 
  custom:scripting/monoscript/fileName/DefaultCdnConfiguredEndpoint.cs: 624837102d8bef2a2323b0b82727af95 -> 
  custom:scripting/monoscript/fileName/BurstString.cs: 2be5f73de1c4aa5655ffe1179ecab0e5 -> f7cf2d4ac32cd23a2133a777bc8e9bdf
  custom:scripting/monoscript/fileName/Scope.Gen.cs: 409412ebac5387d01283cada94af8d59 -> 
  custom:scripting/monoscript/fileName/ListExtensions.cs: 0f96dfdcfd19dc46bb3b974629f04481 -> 
  custom:scripting/monoscript/fileName/SliderToggleUiHelper.cs: 297bb968c6a98e033483e5885bc5e941 -> 
  custom:scripting/monoscript/fileName/WeaponMaterialChanger.cs: c6cf6042231fc24bb630676005510585 -> 
  custom:scripting/monoscript/fileName/IFileSystem.cs: d0a5668d9c43d0a16eec8fa2a37aa20c -> 
  custom:scripting/monoscript/fileName/IJobBurstSchedulable.cs: b6e06c07f5c6bc961caf27d1af5dcc7a -> 
  custom:scripting/precompiled-assembly-types:Unity.Collections.Editor: 17a2c29eb18a6d0bac0ad4051a669537 -> 
  custom:scripting/monoscript/fileName/BurstCompiler.cs: 25961ab6b2aa72f0ea3a28043bd3e34e -> 7b21670e31210e9f8a136d10cb1b9317
  custom:scripting/monoscript/fileName/IService.cs: afa2330a6d32be2e7a659227e3bf813e -> 
  custom:scripting/monoscript/fileName/double4.gen.cs: b43680ff2b317f0fe763ec2a9290cc4d -> c861322ff5ab8c01e3e4b508791cf124
  custom:scripting/monoscript/fileName/rigid_transform.cs: d545dec909ae361cd40bcedcc9499d93 -> 36bbdd985ffacdf5ee0745cfd3a1f08d
  custom:scripting/monoscript/fileName/CollectionsAllocationExamples.cs: 72ea6f1c8990c690aca4410bcc8d43b6 -> 
  custom:scripting/monoscript/fileName/CoreRegistration.cs: afa90de4a402b0848ad8b60755b1ca20 -> 
  custom:scripting/monoscript/fileName/ServicesInitialization.cs: 5bc34492fe95212cc8524c8c7be8ec36 -> 
  custom:scripting/monoscript/fileName/CameraController_AnimationReset.cs: 17bef6419ebea7b605e5c34da435370d -> 
  custom:scripting/monoscript/fileName/PropertyAttributes.cs: 06c93b729a6fbfd605aedc09fb6acd2e -> f9be6ff8022c2b7e9364b782f234d192
  custom:scripting/monoscript/fileName/IVivox.cs: 6d92ea4b822d1fa7e4b8787c59760673 -> 
  custom:scripting/monoscript/fileName/UnityCreateAddressRequest.cs: 231eb736f0a651a8ee21e6aa579173ae -> 
  custom:scripting/monoscript/fileName/UnityListOrganizationFavoriteProjects200Response.cs: 2acfbc626d621e368ef9190462157b7a -> 
  custom:scripting/monoscript/fileName/BurstAotCompiler.cs: 999e0496849ba059c880640ab57448ab -> a41b7d0d053e0898c09eec7c4f1c3c21
  custom:scripting/monoscript/fileName/IPlayerId.cs: 8ec284f91dceb8f1818908be17c609b0 -> 
  custom:scripting/monoscript/fileName/int2.gen.cs: 7d7139da21249719b860c4fd6fa5b14f -> ba08380188673eb89fbe6c63125635e5
  custom:scripting/monoscript/fileName/Avx2.cs: 869deae3083ccfe6b60b2585f9e67560 -> 790f25d56fba1e7a48c0a0766c0ad6a6
  custom:scripting/monoscript/fileName/EngineStateHelper.cs: ebfe492ca39645883d66825c2e77f1d0 -> 
  custom:scripting/monoscript/fileName/EnvironmentProvider.cs: e6441984086d3ec4f02dd82b6dec6df1 -> 
  custom:scripting/monoscript/fileName/PackageInitializationInfo.cs: 82c881c6d5f9d1b5f2eba332919bcd1c -> 
  custom:scripting/monoscript/fileName/int4.gen.cs: 6fd7c2be80cf8c29505f41dfd239b1ae -> 6202c51352f8408238811f81cf17884b
  custom:scripting/monoscript/fileName/DisabledDiagnostics.cs: dca147f0ee6a8cbd3c40d0fb15b26062 -> 
  custom:scripting/monoscript/fileName/JsonHelper.cs: 0b5759f67f92e2eb09febb2082aca955 -> 
  custom:scripting/monoscript/fileName/noise3D.cs: 910f0614e94a5348f941ea0d56b2c568 -> 2eb29bf877494e27d7b8d68303a33727
  custom:scripting/monoscript/fileName/MetricsFactory.cs: ff8596a1ccea2041a0c0cfe2841c8f74 -> 
  custom:scripting/precompiled-assembly-types:Unity.Services.Core: 6658084c01118ae8f1ea78527e00c6d1 -> 
  custom:scripting/monoscript/fileName/float4x2.gen.cs: 05588d3fca2e28a31b6264c026dcf338 -> a70cf4e9d29e9357ba0e68d3ee43ce34
  custom:scripting/monoscript/fileName/EnvironmentsClient.cs: 9c80a43488077f46562fa053df484911 -> 
  custom:scripting/monoscript/fileName/ReadOnlyObservableCollection.Gen.cs: 90647cc400823b41df847a6cbfc29026 -> 
  custom:scripting/monoscript/fileName/Environments.cs: 8b1687fd15649a52827b18b8b452a28f -> 
  custom:scripting/monoscript/fileName/Bmi2.cs: 869deae3083ccfe6b60b2585f9e67560 -> 790f25d56fba1e7a48c0a0766c0ad6a6
  custom:scripting/monoscript/fileName/UnityAnalyticsIdentifier.cs: 40be8e11923159cf7c61c72c1a1b26dd -> 
  custom:video-codec-MediaFoundation-h265: 746d11721c4dcdbdad8f713fa42b33f4 -> 
  custom:scripting/monoscript/fileName/AsyncOperationBase.cs: adfca800027e0922d59797ee493a2672 -> 
  custom:scripting/monoscript/fileName/UnsafeScratchAllocator.cs: 4face5614d3825fa48ae79289f69aa1b -> 
  custom:scripting/monoscript/fileName/half3.gen.cs: 5d046df99f0d37f450cb3ea068ad7762 -> 935b3c49f9c5126f28352e4a48406e0a
  custom:scripting/monoscript/fileName/UnityUserOrganizationsV1OrganizationsInner.cs: 440e6e939c241944b318429e561d5df2 -> 
  custom:scripting/monoscript/fileName/PathUtils.Gen.cs: 5ddc0068a1cf521fafc42781cf03a3a9 -> 
  custom:scripting/monoscript/fileName/IEditorGameServiceRegistry.cs: 4894c70fd515017ae46efb4f44f8b3e2 -> 
  custom:scripting/monoscript/fileName/RequestFailedException.cs: a9eaec06c59248353e0ced5cdc95723f -> 
  custom:scripting/monoscript/fileName/BurstCompatibilityTests.cs: 7d7c24becd314d1054104dfc27a7e1e1 -> 
  custom:scripting/monoscript/fileName/XmlLinkedModelsExtensions.cs: 9e8a2b9216079ba87ebfd084960b4ac0 -> 
  custom:scripting/monoscript/fileName/EditorGameServiceRemoteConfiguration.cs: 0cdf409b5aa8d4c25876d72b5c6a3b60 -> 
  custom:scripting/monoscript/fileName/UnityUploadIconV1201Response.cs: a7cab146027c2f1549f57a603ca22560 -> 
  custom:scripting/monoscript/fileName/uint2x4.gen.cs: 3caae4a623bddfadce4b73c36541ab39 -> 817d68c720fa6aa9b67a61d7c1b206d0
  custom:scripting/monoscript/fileName/DisabledDiagnosticsFactory.cs: 92ef54fd2e9d3765db37c6ce29121dc7 -> 
  custom:scripting/monoscript/fileName/BitField.cs: 435cec31f980ea5ce1d1e89b13684a57 -> 
  custom:video-decoder-ogg-theora: a1e56fd34408186e4bbccfd4996cb3dc -> 
  custom:scripting/monoscript/fileName/EnvironmentSaveSystem.cs: 931610e413c03621f898c65e36f44fc6 -> 
  custom:scripting/monoscript/fileName/NativeQueue.cs: 0e981ce8b9429d0fa5b8752248b5a6fd -> 
  custom:scripting/monoscript/fileName/ComponentRegistry.cs: 2fefa8b1f349de188d35295b3042e694 -> 
  custom:scripting/monoscript/fileName/CecilExtensionMethods.cs: 017bd73f50ff4a917914ebf884a3c046 -> 
  custom:scripting/monoscript/fileName/EnvironmentsClientFactory.cs: 325dec75592389c16ac743f438f24960 -> 
  custom:scripting/monoscript/fileName/ConfigurationCollectionHelper.cs: cb4dac2b34c76624ca64d0ad91214a93 -> 
  custom:scripting/monoscript/fileName/NativeArrayExtensions.cs: 480ae80e25a67512135651e8db7b75bc -> 
  custom:scripting/monoscript/fileName/DictionaryExtensions.cs: d37b3043b5339f13af7295850374111a -> 
  custom:scripting/monoscript/fileName/AsyncOperationExtensions.cs: 1fabcad386c6a3966bbd7925c1ec32e2 -> 
  custom:scripting/monoscript/fileName/ProjectUnlinkBuildWarning.cs: c52465de41a758f7a3babb293254b52b -> 
  custom:scripting/monoscript/fileName/IProjectStateHelper.cs: 3adea7eb7ff850864d22d07f530e0111 -> 
  custom:scripting/monoscript/fileName/ICloudProjectId.cs: 60ddc28b5a3880441601b503b311a533 -> 
  custom:scripting/monoscript/fileName/svd.cs: 348beec2ecc2e2db545a80433e4107e2 -> 
  custom:scripting/monoscript/fileName/ICopyable.Gen.cs: 90647cc400823b41df847a6cbfc29026 -> 
  custom:scripting/monoscript/fileName/ThreadingUtility.cs: 04b3b0b0336f4a10f1d8aa16ba8bb5cf -> 
  custom:scripting/monoscript/fileName/IHttpClient.cs: 88481d25a1f892f1dc32d0efcddba205 -> 
  custom:scripting/monoscript/fileName/bool4x4.gen.cs: 50a6831c58ef3836ae8715535acd4a4c -> 832d1ba72f52e457d65ecd6ca1ba2b2e
  custom:scripting/precompiled-assembly-types:Unity.Services.Core.Networking: 61bebe50ea392373ad9b763369998b02 -> 
  custom:scripting/precompiled-assembly-types:Unity.Services.Core.Telemetry: 93d339c2f6637582a5436fa1367ea7d7 -> 
  custom:scripting/monoscript/fileName/IMetrics.cs: cc4d6b26e54335130aeffb94ca489467 -> 
  custom:scripting/monoscript/fileName/IEnvironmentService.cs: d28a6fb640eb356196b9c1017c7a0d37 -> 
  custom:scripting/monoscript/fileName/StreamingAssetsConfigurationLoader.cs: 2f115cec9bfe6872856ee4ad61eb2c3f -> 
  custom:scripting/monoscript/fileName/double3x3.gen.cs: a1e2af8139fc0e717165cdc2c522e14d -> cf2bca4cc9e8b93d47929417a1a999f7
  custom:scripting/monoscript/fileName/NEON_AArch64_crypto.cs: 27dfd32aeb3aec362855d6a15ae66a4f -> 68ba95faf7f0f0403852fb6af2a2f956
  custom:scripting/monoscript/fileName/EnvironmentChangedParameters.cs: 0ad6f60cc0b0e0ea02aed10221f7c8a8 -> 
  custom:scripting/monoscript/fileName/ObjectToggle.cs: e65399e714ef4a652d2c5593ec47887b -> 
  custom:scripting/monoscript/fileName/double3x2.gen.cs: 46c3fc0f20bf244200b61fe88bd5c16a -> 87fbe5b4a5a90e3c915d83933bb7a691
  custom:scripting/monoscript/fileName/CoreDiagnostics.cs: 041dd565425b56b2b823902ba53cfe54 -> 
  custom:scripting/monoscript/fileName/ProjectBindRedirectContentUI.cs: ea393b5b63051e326686665efb7ed1d2 -> 
  custom:scripting/monoscript/fileName/HashExceptions.cs: 0c04f84e29310842caf31699037c2a6f -> 
  custom:scripting/monoscript/fileName/Il2CppEagerStaticClassConstructionAttribute.cs: bfb9943dc4234f8038240348dd8c0237 -> 5ae90a36296d2fe83dd98e9361e907e8
  custom:scripting/monoscript/fileName/IActionScheduler.cs: e5388884c9a263c0b7f149f53626af31 -> 
  custom:scripting/monoscript/fileName/DiagnosticsFactory.cs: 3828493052568497f2ccdc68dea8b14c -> 
  custom:scripting/monoscript/fileName/UnityUserOrganizationsV1.cs: 73dafadd41de13ace6058db610522dcd -> 
  custom:scripting/monoscript/fileName/XmlLinkedProperty.cs: 29784440eed3b7889f0bfe76633cc000 -> 
  custom:scripting/monoscript/fileName/TaskAsyncOperation.cs: deaa3dfd455420a1f0dece4fa000e9b1 -> 
  custom:scripting/monoscript/fileName/Singleton.Gen.cs: 66c389d1e92bc70efd18b5d3b46f6bca -> 
  custom:scripting/precompiled-assembly-types:Unity.Services.Core.Environments.Internal: a94ac62d8b6ab44e5914a671ad4dd355 -> 
  custom:scripting/monoscript/fileName/OrganizationHandler.cs: 8e4686813d139f7c9962131a6d917980 -> 
  custom:scripting/monoscript/fileName/cellular2x2.cs: 910f0614e94a5348f941ea0d56b2c568 -> 2eb29bf877494e27d7b8d68303a33727
  custom:scripting/monoscript/fileName/half.cs: d66ca18b1c3237e0e12e183e1878dc38 -> cf3f2b0bcee127ccdac6d87167bcc406
  custom:scripting/monoscript/fileName/NativeSort.cs: 928f4174a21486fd6ff139d2de03d8ce -> 
  custom:scripting/monoscript/fileName/UnityTransferProjectRequest.cs: 160aa9e78d67107dbad79b2602ea5baf -> 
  custom:scripting/monoscript/fileName/RegisterGenericJobTypeAttribute.cs: 1d60c181f5a8e659e1317e2ca71a691e -> 
  custom:scripting/monoscript/fileName/ConfigurationBuilder.cs: bd1d62f2bf3afb62754531eee8a4e204 -> 
  custom:scripting/monoscript/fileName/EnvironmentView.cs: eacb7d766ee45d9a07ea107dc0c80ac6 -> 
  custom:scripting/monoscript/fileName/AccessTokens.cs: 7f3bd47a4ee3b608248d36969879b607 -> 
  custom:scripting/monoscript/fileName/IUserRoleClient.cs: d3496f158bb376dd3e2c64e54c7c3a7e -> 
  custom:scripting/precompiled-assembly-types:Newtonsoft.Json: a784019f7e79cf0f65e748d41d4ceb44 -> 
  custom:scripting/monoscript/fileName/HttpOptions.cs: 99f08410c8743651b2a8fdf6d32f10c4 -> 
  custom:scripting/precompiled-assembly-types:Unity.Services.Core.Configuration.Editor: 9ec415489f81483910eef61e419cb1d9 -> 
  custom:scripting/monoscript/fileName/UnityOrganizationWithAddressV1.cs: 0255bc6178742cff2a423de9eb51e6a2 -> 
  custom:scripting/monoscript/fileName/IJobParallelForBurstSchedulable.cs: 62a263188bc9cf02c532293c26fa74bb -> 
  custom:CustomObjectIndexerAttribute: 72b91833f83ae208fae7752999fa3104 -> 
  custom:scripting/monoscript/fileName/classicnoise3D.cs: 910f0614e94a5348f941ea0d56b2c568 -> 2eb29bf877494e27d7b8d68303a33727
  custom:scripting/monoscript/fileName/NEON_AArch64_rdma.cs: 27dfd32aeb3aec362855d6a15ae66a4f -> 68ba95faf7f0f0403852fb6af2a2f956
  custom:scripting/monoscript/fileName/ThreadHelper.cs: 1d011737e8133fca1a700a78b9269e43 -> 
  custom:scripting/monoscript/fileName/UserError.cs: e8271dc4b82776e36e2aa534dcd90f5e -> 
  custom:scripting/monoscript/fileName/FunctionPointerInvokeTransform.cs: 78ee86208e709b5fd706a0c77fd5004f -> 87582112a32f635e413c776846ec78de
  custom:scripting/monoscript/fileName/ServicesBehaviour.cs: fc86e18139c2e2cab6df5bf113811eb1 -> 
  custom:scripting/monoscript/fileName/UnityCreateOrganizationRequest.cs: 4cf5c8730ffaa3c5888d236ebc6475fc -> 
  custom:scripting/monoscript/fileName/float2x2.gen.cs: 43554c150c14083eb2313acaa2e78aeb -> f203c6ed52cbda2033cd1859a76ab02f
  custom:scripting/monoscript/fileName/EditorGameServiceSettingsProvider.cs: 2cb6ae4d961883e67f3e282b18d40d94 -> 
  custom:scripting/monoscript/fileName/CecilExtensions.cs: 092e8a73dda2df206baaf95a0d738493 -> 300205ae85edbb88d6c0c35c47681451
  custom:scripting/precompiled-assembly-types:Unity.Services.Core.Configuration: f7859697b434adc89f377c95a9589d8a -> 
  custom:container-demuxer-webm: 4f35f7cbe854078d1ac9338744f61a02 -> 
  custom:scripting/monoscript/fileName/CoreRegistryInitializer.cs: e34ea8cde280e241aa2682bcb33aae4f -> 
  custom:scripting/monoscript/fileName/IEnvironmentProvider.cs: 3109b26c8523241ba567e094603484cc -> 
  custom:scripting/monoscript/fileName/IdentityIOneOf.cs: 29de1876e6381d1376e3875f63eb04e7 -> 
  custom:scripting/monoscript/fileName/BurstDisassembler.Core.x86.info.cs: 924d9993bb4f5055a61b0166f627d3c3 -> b15d06942db1ac71042be253eef84e7f
  custom:scripting/monoscript/fileName/bool2x4.gen.cs: 43766066d40cfe4ff0038faa3bf06406 -> 0202187d1d97b3838c3acec749a94370
  custom:scripting/monoscript/fileName/FixedStringParseMethods.cs: fcdca1abcdc2fd593bd0d11b27b9b2c5 -> 
  custom:scripting/monoscript/fileName/JsonObjectConverter.cs: 38bbb4aa4e7eb125ad2bec69e448a02f -> 
  custom:scripting/monoscript/fileName/UnityWebRequestHelpers.cs: 0394add6a9f301a01222078b29ac0b18 -> 
  custom:scripting/monoscript/fileName/uint2x3.gen.cs: a0bafa71da357e9ffdf41329e0e0b8ab -> dc149d5147f76ef2e3b7b3e87df71cde
  custom:scripting/monoscript/fileName/LockedComponentRegistry.cs: ff7d4cf11049af0d186f2bffab21c5d3 -> 
  custom:scripting/monoscript/fileName/IServiceFactory.Gen.cs: 5696ff4e8140aef57b36c4052f3bfc23 -> 
  custom:scripting/monoscript/fileName/IUserRoleHandler.cs: 33c258d1966d18e84a25c5d4701ea0a4 -> 
  custom:scripting/monoscript/fileName/LoggedOutUiHelper.cs: ded703f4d077a86b901d24f648f694ca -> 
  custom:scripting/monoscript/fileName/MatrixDrawer.cs: 8db100ecc54d49584518b132374bd945 -> 54f407ec7134aa445531b0da7f5e0ded
  custom:scripting/monoscript/fileName/IDeserializable.cs: 16d3138d206e866a34233b134f1222b0 -> 
  custom:scripting/monoscript/fileName/float2x4.gen.cs: 14bf825e2338394967d25657f23195c2 -> 8f6e3792d53a47d3e0816efd26cbabde
  custom:scripting/monoscript/fileName/CollectionBinding.Gen.cs: 90647cc400823b41df847a6cbfc29026 -> 
  custom:scripting/monoscript/fileName/Diagnostics.cs: 310215ddbef3d1759d3801a8f9ab01fa -> 
  custom:scripting/precompiled-assembly-types:Unity.RenderPipelines.Universal.Runtime: b4da6d942b71b4e6ce89ba3d2d2d75bb -> c5166759b6a57e85ad306d514ccfa90f
  custom:scripting/monoscript/fileName/ExceptionHelper.cs: 074ec3a4464566a6e9a1f4db3dfb905f -> 
  custom:scripting/monoscript/fileName/MergedObservableCollection.Gen.cs: 90647cc400823b41df847a6cbfc29026 -> 
  custom:scripting/monoscript/fileName/StatusCodePolicyConfig.cs: a90864f22acd00607534d01b8dae197f -> 
  custom:scripting/monoscript/fileName/ProjectBindRedirectProjectSettingsUi.cs: 07a51e74c57a4053931e01d14a91288e -> 
  custom:scripting/precompiled-assembly-types:Unity.Services.Core.Environments: b07b1f8809421d1b72991502cdcbc5ac -> 
  custom:scripting/monoscript/fileName/IProjectInfo.cs: 2c81b6190195adf1450efd9b8f54de95 -> 
  custom:scripting/monoscript/fileName/StreamingAssetsUtils.cs: 4a501e19e96ab989552681f7cfe95d3b -> 
  custom:scripting/monoscript/fileName/PackageInfoNameComparer.cs: ea0f38f3a3ddb0faa351ccba3098624f -> 
  custom:scripting/monoscript/fileName/UnityWebRequestHelper.cs: 2e5cbc5c38937ccdc5de3700aaa6f529 -> 
  custom:scripting/precompiled-assembly-types:Unity.Services.Core.Analytics: 7e90522691a1ed8cc152d6a40d3f03b4 -> 
  custom:scripting/precompiled-assembly-types:Mono.Cecil: ccd3eb1a29ea76869e665d6c237ddc80 -> 
  custom:scripting/monoscript/fileName/RetryPolicy.cs: e04bb42ac963f6250bc780a051aeca72 -> 
  custom:scripting/monoscript/fileName/IAnalyticsSender.cs: 27ac0f3c61390701fdd3b82b17bedf22 -> 
  custom:scripting/monoscript/fileName/UserRoleHandler.cs: a42f5e4f9979e28831240d76ea709864 -> 
  custom:scripting/monoscript/fileName/AllocatorManager.cs: 38c7b2bd1aa48880a7078890d02430db -> 
  custom:scripting/monoscript/fileName/int2x2.gen.cs: b89550457ed493745cf779e29d833419 -> 63739a46f5092b211c341383068e9d3a
  custom:scripting/monoscript/fileName/IEnvironmentValidator.cs: bdc1089a446560e3518f7ac97786d874 -> 
  custom:scripting/monoscript/fileName/FixedStringAppendMethods.cs: fcdca1abcdc2fd593bd0d11b27b9b2c5 -> 
  custom:scripting/monoscript/fileName/UnityUserGuestProjectV1.cs: 58ac7a8966d050da82ebd9946d7ad9a7 -> 
  custom:scripting/monoscript/fileName/SafeStringArrayHelper.cs: 38e2cda5fcac6d8044d6ce3723202ea5 -> c8d46796c0d02dc9724140077fd6c374
  custom:scripting/monoscript/fileName/ButtonGenerator.cs: 3d3f3475b43f68b35746396a6141d4a1 -> 
  custom:scripting/monoscript/fileName/IsolatedJsonConvert.cs: d399be4ef15efaacaf7758f4b29d410e -> 
  custom:scripting/monoscript/fileName/MappedObservableCollection.Gen.cs: 90647cc400823b41df847a6cbfc29026 -> 
  custom:scripting/monoscript/fileName/IUserIdentifierProvider.cs: dc5eeac839d4cf332ea648a7fdcd39d6 -> 
  custom:scripting/monoscript/fileName/UnityGetOrganizationMembers200Response.cs: 2a3745ba3cf60a91cc07f675b5cfe7f0 -> 
  custom:scripting/monoscript/fileName/FunctionPointer.cs: ea3b19baafd3ebcb60e92f687402237d -> b278ab85034025b7289bef45e0874487
  custom:scripting/precompiled-assembly-types:Unity.Collections.CodeGen: 4967d61b017ec6c1e88a9e176f1d3f19 -> 
  custom:scripting/monoscript/fileName/bool2x3.gen.cs: a73639df76ec913064f3ac91f58b98c5 -> c45708c9bd53a8b7f658164314a10c61
  custom:scripting/monoscript/fileName/CloudEnvironmentConfigProvider.cs: 0d9357504beb82cf1f27ae6c7b6ddec2 -> 
  custom:scripting/monoscript/fileName/IServerAccessToken.cs: 5dfd5eddfcd0cafe1db05f4c334820f7 -> 
  custom:scripting/monoscript/fileName/Sse2.cs: 869deae3083ccfe6b60b2585f9e67560 -> 790f25d56fba1e7a48c0a0766c0ad6a6
  custom:scripting/monoscript/fileName/math.cs: 84897ebc80325b58465d1a856e47c89e -> 3e1f77dfafdda862ef1fdae58189cdb5
  custom:scripting/monoscript/fileName/ProjectInfo.cs: d289d5cd3d7bbcf9a82d73b4aa756d36 -> 
  custom:scripting/monoscript/fileName/double4x3.gen.cs: d5e192211e239db73c016b47e641c333 -> 0f480b77cbe2235a6a07fec4a8104303
  custom:scripting/monoscript/fileName/UnityCreateProjectRequest.cs: 553b660d315929e3419e6a209f9bb6ab -> 
  custom:scripting/monoscript/fileName/BurstPlatformAotSettings.cs: d9c4daff02e435a41bbec9b06ebbdaea -> e55a3d6d232eb892da58dcc30668a0b8
  custom:scripting/monoscript/fileName/BurstMath.cs: a8e238815417f3af4bbd45bfd740da03 -> d94624ee519cab4bff493f67794b1527
  custom:scripting/monoscript/fileName/BurstReflection.cs: afa533733f4dc5137f95c85cb30225b4 -> a904f9b2bf9ba0accae4702e11f47640
  custom:scripting/monoscript/fileName/CameraWalk.cs: 166d4ad3d917a982ce875f5f0a68b26e -> 
  custom:scripting/monoscript/fileName/int3.gen.cs: 9e9f576d507fb3936c89b523e378eb23 -> f3e7aece5ea81aaaacfae8f3b0dbf645
  custom:scripting/monoscript/fileName/UnityEnvironmentV1.cs: 1eea8ffdfb5010d89d3ba557b2d50eab -> 
  custom:scripting/monoscript/fileName/quaternion.cs: 7189ca19bff9611f6da0aa0a9c59bf0b -> 0762c6482396ed4f34408952c0956647
  custom:scripting/monoscript/fileName/ServiceCollection.Gen.cs: ee70a277f1bc1e6641d018ca44380804 -> 
  custom:scripting/monoscript/fileName/float4x4.gen.cs: cccf3207dd639016e8d0fc5b940ce646 -> a5bb36679a244217e37dd9fb5d3d2ed4
  custom:scripting/monoscript/fileName/double3x4.gen.cs: d966fefecbb21e1878e781b6e6eb9bc1 -> d3f6959e28d6480d7d5313a2c890e5a1
  custom:scripting/monoscript/fileName/GatewayTokens.cs: 53270745929a7034c3268a07c13af48c -> 
  custom:scripting/monoscript/fileName/BurstMenu.cs: 814d22383aeaf354b3d01e8753d80cd7 -> ba8f72dcdc01403dc080f70f4b855f19
  custom:scripting/monoscript/fileName/half4.gen.cs: 0f1fcad15aa401d00bc4590770c4f62b -> abea9356568c8480c38dd790db58969d
  custom:scripting/monoscript/fileName/UnsafeParallelMultiHashMap.cs: 0ecf0b5b4a9207402e80b603ad9a119c -> 
  custom:scripting/monoscript/fileName/NativeStream.cs: f901789de80a9ec3530751f3f60eb2f8 -> 
  custom:scripting/precompiled-assembly-types:Unity.Services.Core.Registration: 6ff2c253681b1c95fc4436f661813f21 -> 
  custom:scripting/monoscript/fileName/MethodNotFoundException.Gen.cs: 0dccde8d1181b58956dff819eeec312c -> 
  custom:scripting/monoscript/fileName/MaterialChanger.cs: b35a24e49591189d3950389006c7db39 -> 
  custom:scripting/monoscript/fileName/noise2D.cs: 910f0614e94a5348f941ea0d56b2c568 -> 2eb29bf877494e27d7b8d68303a33727
  custom:scripting/monoscript/fileName/BurstEditorOptions.cs: 49a29b1cc3aae7ee8ad61a5c191ad2a8 -> 9c5afa3a809e97579143a619b525af7f
  custom:scripting/monoscript/fileName/IProjectEditorDrawerFactory.cs: 18c5020e4a357b0471f706a6144cefa8 -> 
  custom:scripting/monoscript/fileName/bool2.gen.cs: 861fe78322050118fc595dc4284cae94 -> 26e96b66e2dc8fbd46eb4ce6284c510a
  custom:scripting/monoscript/fileName/CorePackageRegistry.cs: 3f8b8a1a754bcbf32e1631fc6067b47f -> 
  custom:scripting/monoscript/fileName/UnityOrganizationV1.cs: 202fa32fa70a6d9b0b74b5c00b1b741c -> 
  custom:scripting/monoscript/fileName/IQosResults.cs: b6881487c0f26ab46e2124c1d0e04307 -> 
  custom:scripting/monoscript/fileName/IAccessTokenObserver.cs: b63bda9cbc64f15f0d3427f52571574c -> 
  custom:scripting/monoscript/fileName/IExternalUserId.cs: e86cbc4ee2ec705a01d2d8184f1aa316 -> 
  custom:scripting/monoscript/fileName/NativeParallelHashMap.cs: 0ecf0b5b4a9207402e80b603ad9a119c -> 
  custom:scripting/monoscript/fileName/AssetUtils.cs: f2faf7ad4b4b5b06d49e576afa8ccb42 -> 
  custom:scripting/monoscript/fileName/ServicesInitializationEditor.cs: 9a8da73184df77ef11e2b6fd2f04d32d -> 
  custom:scripting/monoscript/fileName/int3x2.gen.cs: 3102a78c1d8b0f67c6797c0bf649d991 -> 3713def57441460b7d8181bf2ebb068b
  custom:scripting/monoscript/fileName/random.cs: 9095e89a9c9a9233dfc5faa4dc75c33b -> 773187f16d25a3763332e4d0e08067fb
  custom:scripting/monoscript/fileName/IEditorGameServiceAnalyticsSender.cs: 16523e3d16356ae30addab5eaf4685a1 -> 
  custom:scripting/monoscript/fileName/IEnvironmentId.cs: 26e3448d664cf5b5e38101bfbead1ab4 -> 
  custom:scripting/monoscript/fileName/IDiagnostics.cs: 57266d83136060880a8bc854151a2f08 -> 
  custom:scripting/monoscript/fileName/IUnityServices.cs: abc5b758eed1a2c05dfbb253b9cdf1d6 -> 
  custom:scripting/monoscript/fileName/float3x2.gen.cs: 545e8762f0e28e5bb1be1c472fa039dd -> c82cdc670988a624afef0b4a59da9960
  custom:scripting/monoscript/fileName/NativeParallelHashSet.cs: 5e2ab9cfe81e04de31d18dbafae66b8c -> 
  custom:scripting/monoscript/fileName/IScopedServiceProvider.Gen.cs: a3e3117c2208173e411da686f8072dfc -> 
  custom:scripting/monoscript/fileName/PackageRegistry.cs: 084618e5fb4441b39eee335cbd095e50 -> 
  custom:scripting/monoscript/fileName/XmlLinkedAssembly.cs: 997f803bab31374df714b0d6f004c82e -> 
  custom:scripting/monoscript/fileName/int4x2.gen.cs: 06de189ab87954f032d6395001af7bcc -> 03019ae5b6ae2c22f6bcc41f109a6f3f
  custom:scripting/monoscript/fileName/CoreMetrics.cs: ba96eafc8557f10e49a5a2dab28be8c2 -> 
  custom:scripting/monoscript/fileName/ServicesInitializationEvents.cs: 223f9edfffeabcf11135ebfb5e966647 -> 
  custom:scripting/monoscript/fileName/double3.gen.cs: 5154079fb312071cf35601a361004703 -> 377c7acd7948bf71aea5d8cf8236ee9b
  custom:scripting/monoscript/fileName/ServiceFlagRequest.cs: 81cbfe44ade2ec4f46d5579d02db90c8 -> 
  custom:scripting/monoscript/fileName/SkipLocalsInitAttribute.cs: 317e2a89b70357c20342615fd85d0395 -> e4f8d5a888902955673e1ed6a9dfb76a
  custom:scripting/monoscript/fileName/HttpRequest.cs: 32f191459fcac54e96d5c4ad496a3ed5 -> 
  custom:scripting/monoscript/fileName/ValidationResult.cs: 12d4a9b1790e80408d1518f479a1a01f -> 
  custom:scripting/monoscript/fileName/AssumeRangeAttribute.cs: a138805f6c483ab3d42e249817bdf161 -> d3abc900d6b7c73addcf3398d2779a03
  custom:scripting/monoscript/fileName/UnityProjectV1.cs: 33ee54c3546ae8cbce557ab2aca1756e -> 
  custom:scripting/monoscript/fileName/Fma.cs: 76b83bf8a5d0f959f2f96ac2bfe62268 -> 550ccd401d2d76d5e362c6ec284ceeaa
  custom:scripting/monoscript/fileName/ProjectState.cs: 5da9c4bc1768108d8af5cc6cbfdc9de1 -> 
  custom:scripting/monoscript/fileName/UnityServicesInternal.cs: 5ea85354f5b78172e34fac25411fe7cf -> 
  custom:scripting/monoscript/fileName/PreserveDependencyAttribute.cs: 7b33b3b969409f6a38fb0affb51f2db7 -> 
  custom:scripting/monoscript/fileName/IWire.cs: 30c1d87985bae6279501282a5e19ad84 -> 
  custom:scripting/monoscript/fileName/IJobParallelForDefer.cs: e07ef36294e1a6b9a754482355e9fda6 -> 
  custom:scripting/monoscript/fileName/UnityGetEnvironments200Response.cs: 337f99d16b0b96efb2206d69acad4db0 -> 
  custom:scripting/precompiled-assembly-types:Unity.Services.Core.Environments.Editor: af3b9d0f3823f38d1d2cc22aa83bd019 -> 
  custom:scripting/monoscript/fileName/OperatePackageVersionConfigProvider.cs: 67b4bf8d5d449d0353b963ad0e103a72 -> 
  custom:scripting/monoscript/fileName/float2x3.gen.cs: f18325e6146a706cc21256589a35acb7 -> dd8be2164b904b64628efafb474868f4
  custom:scripting/monoscript/fileName/IEnvironmentsApi.cs: 10309d62b29707db950e5d0457e82d84 -> 
  custom:video-encoder-webm-vp8: eb34c28f22e8b96e1ab97ce403110664 -> 
  custom:scripting/monoscript/fileName/Sse4_2.cs: 76b83bf8a5d0f959f2f96ac2bfe62268 -> 550ccd401d2d76d5e362c6ec284ceeaa
  custom:scripting/monoscript/fileName/UserRoleRequest.cs: 8307bdf9d05c66d6ad5318e52408710f -> 
  custom:scripting/monoscript/fileName/TokenExchange.cs: bbd1ed03e8e3970b0887123f043469e1 -> 
  custom:scripting/monoscript/fileName/HttpRequestExtensions.cs: 35b1178ed1fd55cb1029b0abb50d01fc -> 
  custom:scripting/monoscript/fileName/UserRoleClient.cs: 7cb9a24ca4555e83cb355dad138297b5 -> 
  custom:scripting/monoscript/fileName/EnvironmentIdentifier.cs: 39ee00a0ac13884055f18f6371bacd6d -> 
  custom:scripting/monoscript/fileName/EnvironmentsConstants.cs: 24e9760363ef695978ba684e5d610a82 -> 
  custom:scripting/monoscript/fileName/CircularDependencyException.cs: d18ff671dcc1259992ffc320a2699238 -> 
  custom:scripting/monoscript/fileName/IJobParallelForBatch.cs: adecca892a99db28fc24adbe7bd8588e -> 
  custom:scripting/monoscript/fileName/IReadOnlyObservable.Gen.cs: 90647cc400823b41df847a6cbfc29026 -> 
  custom:scripting/monoscript/fileName/ProjectBindRedirectPopupUI.cs: e3fb92bd3ee82c9407053c4d3860bb4f -> 
  custom:scripting/monoscript/fileName/Avx.cs: 869deae3083ccfe6b60b2585f9e67560 -> 790f25d56fba1e7a48c0a0766c0ad6a6
  custom:scripting/monoscript/fileName/ExternalUserId.cs: 838ec18be418bafff07b93f14174c00c -> 
  custom:scripting/monoscript/fileName/LinkFileGenerator.cs: 2f2c64524b5aa89c8b6b768e28de537b -> 2ed47bf5d52f4c1c29dec48f52ce1e5a
  custom:scripting/monoscript/fileName/EnvironmentAnalytics.cs: df86ce352df40dfa102b41458fb9f770 -> 
  custom:scripting/monoscript/fileName/ReadOnlyHttpResponse.cs: cb67b795f50400334c6da0e8ef76361d -> 
  custom:scripting/monoscript/fileName/Ssse3.cs: 869deae3083ccfe6b60b2585f9e67560 -> 790f25d56fba1e7a48c0a0766c0ad6a6
  custom:scripting/monoscript/fileName/ProductionTokenExchangeUrls.cs: d51f7b5f35d9e0171f3c69e63ce67736 -> 
  custom:scripting/monoscript/fileName/double2x4.gen.cs: a9aedae31eab942a01dd81f5ba23ebf4 -> 685c5fa921181be1c5c2624181389ad3
  custom:scripting/monoscript/fileName/IEditorGameServiceEnabler.cs: 9ba91e68464ed1031653bae083d9cbd8 -> 
  custom:scripting/monoscript/fileName/uint4.gen.cs: 51a7f5c759ac89d78a4704a138bbec45 -> 39973cd09553f87c6828ba478621c98d
  custom:scripting/monoscript/fileName/cellular2D.cs: 910f0614e94a5348f941ea0d56b2c568 -> 2eb29bf877494e27d7b8d68303a33727
  custom:scripting/monoscript/fileName/EnvironmentService.cs: 22bbc46856bf7062678eb8e6e54cf9a2 -> 
  custom:scripting/monoscript/fileName/DeserializationException.cs: 76d207fdb77fb9b4f630a482f86ccf1d -> 
  custom:scripting/monoscript/fileName/double2x3.gen.cs: ac0d6fc940b41f658b24853cf23739e5 -> 2fbeb18c538397a8260f5c41cab0741e
  custom:scripting/monoscript/fileName/JsonObject.cs: d338d25a2a0271e9ef24c000c3688ac4 -> b4314edf02dda425962de25e5c3df291
  custom:scripting/monoscript/fileName/HttpException.cs: f6827940c1f3397a3e9f5ed27d96f36c -> 
  custom:scripting/monoscript/fileName/IPackageRegistry.cs: 7ed9d4b5a0ae537ff629f057cfa10e76 -> 
  custom:scripting/precompiled-assembly-types:Mono.Cecil.Pdb: bc7bb29408e7956d980310bdeff8d6a2 -> 
  custom:scripting/monoscript/fileName/noise4D.cs: 910f0614e94a5348f941ea0d56b2c568 -> 2eb29bf877494e27d7b8d68303a33727
  custom:scripting/monoscript/fileName/FixedStringUtils.cs: 114eb023c5774372990da700f8c2456f -> 
  custom:scripting/monoscript/fileName/BurstILPostProcessor.cs: 2a5731aefd677289925bd5cd5c4ff889 -> caa97838ab13c1add4a98ae3f9820b7e
  custom:scripting/monoscript/fileName/IAnalyticsStandardEventComponent.cs: cf50b12809cbeb8dcfefaee612a9c090 -> 
  custom:scripting/monoscript/fileName/NativeBitArray.cs: 744f6e29d77560522710809b14557136 -> 
  custom:scripting/monoscript/fileName/ServiceProvider.Gen.cs: fb28411e62c1911933783faa92ae27e4 -> 
  custom:scripting/monoscript/fileName/EnvironmentServiceExtensions.cs: ac6a6c148393eb9a5f8fb75c98af0cdb -> 
  custom:scripting/monoscript/fileName/xxHash3.StreamingState.cs: 73af6f62e3ccfaecb2c43562b8c60a23 -> 
  custom:scripting/monoscript/fileName/IOrganizationHandler.cs: f8b346f72bb06934d5f47a4eb5bf2f52 -> 
  custom:scripting/monoscript/fileName/CollectionsExamples.cs: 5c3c7e50116fce8e4387bbf68d9603e4 -> 
  custom:scripting/monoscript/fileName/XmlLinkedField.cs: 58331cd1e1b9bc9099ae07f125c40794 -> 
  custom:scripting/monoscript/fileName/common.cs: 910f0614e94a5348f941ea0d56b2c568 -> 2eb29bf877494e27d7b8d68303a33727
  custom:scripting/monoscript/fileName/IRetryPolicy.cs: 39863b88ffafe612940e6739cfece6fc -> 
  custom:scripting/monoscript/fileName/InstallationId.cs: 5a83a3939f92e5bc55c8a90ccbe27d51 -> 
  custom:scripting/monoscript/fileName/uint2x2.gen.cs: 34db4f212de91eba69f70b6af2f41d23 -> ef58eafb69337704525106c30b2f9c86
  custom:scripting/monoscript/fileName/float3x3.gen.cs: 7de503ab17ef781383880adc785d106c -> 48f350102ac697de2455487383306e62
  custom:scripting/monoscript/fileName/BurstCompilerOptions.cs: 90c36f225bcaac40ff330fc8c75284d4 -> 462794c2cc7370a72a60909850bd4bd6
  custom:scripting/monoscript/fileName/float2.gen.cs: ccda4318c59b6be9ac0ec9d903bd32eb -> 6120954cdb3e1af6bb1e798ca56424e4
  custom:scripting/monoscript/fileName/bool3x3.gen.cs: 754b61059993a0b49e4b0f1336d4eca5 -> f3dd982fcc1d0b33ec635c43c306a1b8
  custom:scripting/monoscript/fileName/BurstDisassembler.Core.LLVMIR.info.cs: 924d9993bb4f5055a61b0166f627d3c3 -> b15d06942db1ac71042be253eef84e7f
  custom:scripting/monoscript/fileName/NEON_AArch64_dotprod.cs: 27dfd32aeb3aec362855d6a15ae66a4f -> 68ba95faf7f0f0403852fb6af2a2f956
  custom:scripting/monoscript/fileName/ServiceInstallationListener.cs: 4f550d886426ad05d9cb021f02f3b5c8 -> 
  custom:scripting/monoscript/fileName/NativeParallelHashSetExtensions.gen.cs: 63db070ab3fd6601a2653ee7ef6af335 -> 
  custom:scripting/monoscript/fileName/ConfigurationUtils.cs: e57894058b136700ef3ea680c0b15031 -> 
  custom:scripting/monoscript/fileName/BurstStringSearch.cs: 3c5d5bf3e7cd0a361303b76b832193e1 -> 69d0ecca394873c1593eee16bae2761c
  custom:scripting/monoscript/fileName/double4x2.gen.cs: 84122ae38bb713fba1bd132464694529 -> 530f8410a1ca9a96d8c16e723573cfae
  custom:scripting/monoscript/fileName/PackageConfig.cs: 6c65665380cc70d71f22e981e56d92cf -> 
  custom:scripting/monoscript/fileName/UnityOrganizationMemberV1.cs: 29203c4e087d3ba2203081bd2717405e -> 
  custom:scripting/monoscript/fileName/UnityServices.cs: 53288f4d4ff1211eb125ba005d646505 -> 
  custom:scripting/monoscript/fileName/ObjectController.cs: 044283c40ac33e17fa092d8d2e992738 -> 
  custom:scripting/monoscript/fileName/EditorGameServiceAnalyticsSender.cs: f578bf9cf78d5f56704a18cd36c88f9f -> 
  custom:scripting/monoscript/fileName/IAccessToken.cs: 359704d6f9862ce7f7142f3c9f3827a0 -> 
  custom:scripting/precompiled-assembly-types:Unity.Services.Core.Scheduler: c5a24b90c03f14c29ba6bebda52c3c14 -> 
  custom:scripting/monoscript/fileName/VisualElementHelper.cs: 0b84949c228ae121ca9bc47ce2ce3ccc -> 
  custom:scripting/monoscript/fileName/UnsafeText.cs: 252c4eef6eb1893b89e3a585d7b05a84 -> 
  custom:scripting/monoscript/fileName/IAnalyticsUserId.cs: c2cc7c28fd557b3f55cdf068b0502818 -> 
  custom:scripting/monoscript/fileName/UnityCreateEnvironmentRequest.cs: a9b0f13e8545f9920554463818374956 -> 
  custom:scripting/monoscript/fileName/PrimitiveVectorDrawer.cs: 29686ab5ff7580200bc34657b1e09832 -> 3e4cc385215599322653e09117c642ee
  custom:scripting/monoscript/fileName/ServiceFlagEndpoint.cs: 95ebbb4e72d70a377056cbf3d7a7020c -> 
  custom:scripting/monoscript/fileName/Sse4_1.cs: 869deae3083ccfe6b60b2585f9e67560 -> 790f25d56fba1e7a48c0a0766c0ad6a6
  custom:scripting/monoscript/fileName/EventBinding.Gen.cs: 90647cc400823b41df847a6cbfc29026 -> 
  custom:scripting/monoscript/fileName/CollectionHelper.cs: f2f5ea727aa85849eaae278bca48a36c -> 
  custom:scripting/monoscript/fileName/ICloudEnvironmentConfigurationProvider.cs: e191e2329b4561db479ad48b7fffb5d7 -> 
  custom:scripting/monoscript/fileName/ILPostProcessing.cs: 2c5fdb336ed93343a2a75af3484ca5a1 -> bf24e0d53d12752a069f04d5a4bfdf42
========================================================================
Received Import Request.
  Time since last request: 175778.189799 seconds.
  path: Assets/CombatGirlsCharacterPack/Humanoid_Bot/Models/Humanoid_FeKatana.fbx
  artifactKey: Guid(fbae7d32e88054d4d9c70a994f6b82f4) Importer(815301076,1909f56bfc062723c751e8b465ee728b)
Start importing Assets/CombatGirlsCharacterPack/Humanoid_Bot/Models/Humanoid_FeKatana.fbx using Guid(fbae7d32e88054d4d9c70a994f6b82f4) Importer(815301076,1909f56bfc062723c751e8b465ee728b) [PhysX] Initialized MultithreadedTaskDispatcher with 12 workers.
[PhysX] Initialized MultithreadedTaskDispatcher with 12 workers.
[PhysX] Initialized MultithreadedTaskDispatcher with 12 workers.
[PhysX] Initialized MultithreadedTaskDispatcher with 12 workers.
[PhysX] Initialized MultithreadedTaskDispatcher with 12 workers.
[PhysX] Initialized MultithreadedTaskDispatcher with 12 workers.
[PhysX] Initialized MultithreadedTaskDispatcher with 12 workers.
[PhysX] Initialized MultithreadedTaskDispatcher with 12 workers.
 -> (artifact id: 'bbf0c0e3320ca6e5aa17d27c31ffab8a') in 1.165568 seconds
Number of updated asset objects reloaded before import = 0
Number of asset objects unloaded after import = 162
========================================================================
Received Import Request.
  Time since last request: 18.999135 seconds.
  path: Assets/CombatGirlsCharacterPack/Humanoid_Bot/Texture/Humanoid_Body_MetallicSmoothness.png
  artifactKey: Guid(2dc0f9881b5992448ba0a4e8d38233a6) Importer(815301076,1909f56bfc062723c751e8b465ee728b)
Start importing Assets/CombatGirlsCharacterPack/Humanoid_Bot/Texture/Humanoid_Body_MetallicSmoothness.png using Guid(2dc0f9881b5992448ba0a4e8d38233a6) Importer(815301076,1909f56bfc062723c751e8b465ee728b) [PhysX] Initialized MultithreadedTaskDispatcher with 12 workers.
[PhysX] Initialized MultithreadedTaskDispatcher with 12 workers.
 -> (artifact id: '8ed5755281f6c9f7499b6165ff38c0a2') in 0.078568 seconds
Number of updated asset objects reloaded before import = 0
Number of asset objects unloaded after import = 2
========================================================================
Received Import Request.
  Time since last request: 0.025526 seconds.
  path: Assets/CombatGirlsCharacterPack/Humanoid_Bot/Texture/Humanoid_Head_Normal.png
  artifactKey: Guid(bd923b962466ed0498eebc2eb96cde6f) Importer(815301076,1909f56bfc062723c751e8b465ee728b)
Start importing Assets/CombatGirlsCharacterPack/Humanoid_Bot/Texture/Humanoid_Head_Normal.png using Guid(bd923b962466ed0498eebc2eb96cde6f) Importer(815301076,1909f56bfc062723c751e8b465ee728b) [PhysX] Initialized MultithreadedTaskDispatcher with 12 workers.
[PhysX] Initialized MultithreadedTaskDispatcher with 12 workers.
 -> (artifact id: 'a5c072a94ab0c98ce6c4cc814fb2741d') in 0.034207 seconds
Number of updated asset objects reloaded before import = 0
Number of asset objects unloaded after import = 2
========================================================================
Received Import Request.
  Time since last request: 1.115627 seconds.
  path: Assets/CombatGirlsCharacterPack/Humanoid_Bot/Materials/Humanoid_Body_PlasticW.mat
  artifactKey: Guid(917480fb281ff9541bd3a89120ebb720) Importer(815301076,1909f56bfc062723c751e8b465ee728b)
Start importing Assets/CombatGirlsCharacterPack/Humanoid_Bot/Materials/Humanoid_Body_PlasticW.mat using Guid(917480fb281ff9541bd3a89120ebb720) Importer(815301076,1909f56bfc062723c751e8b465ee728b) [PhysX] Initialized MultithreadedTaskDispatcher with 12 workers.
[PhysX] Initialized MultithreadedTaskDispatcher with 12 workers.
 -> (artifact id: '9d2dac070fe527d775034fe83daed93c') in 0.072992 seconds
Number of updated asset objects reloaded before import = 0
Number of asset objects unloaded after import = 4
========================================================================
Received Import Request.
  Time since last request: 0.000025 seconds.
  path: Assets/CombatGirlsCharacterPack/Humanoid_Bot/Materials/Humanoid_Body_PlasticY.mat
  artifactKey: Guid(cbed5c9206e01a14a837e5b5a1eb446a) Importer(815301076,1909f56bfc062723c751e8b465ee728b)
Start importing Assets/CombatGirlsCharacterPack/Humanoid_Bot/Materials/Humanoid_Body_PlasticY.mat using Guid(cbed5c9206e01a14a837e5b5a1eb446a) Importer(815301076,1909f56bfc062723c751e8b465ee728b) [PhysX] Initialized MultithreadedTaskDispatcher with 12 workers.
[PhysX] Initialized MultithreadedTaskDispatcher with 12 workers.
 -> (artifact id: 'ca70ef5509297a98bf3dfea49eee7a1c') in 0.051098 seconds
Number of updated asset objects reloaded before import = 0
Number of asset objects unloaded after import = 4
========================================================================
Received Import Request.
  Time since last request: 49.443716 seconds.
  path: Assets/CombatGirlsCharacterPack/School_Katana_Girl/Animations/Normal/CrouchIdle.fbx
  artifactKey: Guid(14424c96e4960b149b6349c668a175d0) Importer(815301076,1909f56bfc062723c751e8b465ee728b)
Start importing Assets/CombatGirlsCharacterPack/School_Katana_Girl/Animations/Normal/CrouchIdle.fbx using Guid(14424c96e4960b149b6349c668a175d0) Importer(815301076,1909f56bfc062723c751e8b465ee728b) [PhysX] Initialized MultithreadedTaskDispatcher with 12 workers.
 -> (artifact id: '9380fc4802522a8055902c12de1383f8') in 0.008593 seconds
Number of updated asset objects reloaded before import = 0
Number of asset objects unloaded after import = 139
========================================================================
Received Import Request.
  Time since last request: 0.000179 seconds.
  path: Assets/CombatGirlsCharacterPack/School_Katana_Girl/Animations/Normal/CrouchWalk.fbx
  artifactKey: Guid(d8ccca825685bc3458f27645377ff99f) Importer(815301076,1909f56bfc062723c751e8b465ee728b)
Start importing Assets/CombatGirlsCharacterPack/School_Katana_Girl/Animations/Normal/CrouchWalk.fbx using Guid(d8ccca825685bc3458f27645377ff99f) Importer(815301076,1909f56bfc062723c751e8b465ee728b) [PhysX] Initialized MultithreadedTaskDispatcher with 12 workers.
 -> (artifact id: '07c6322c18af3d109d5a2e3d103a80f9') in 0.007295 seconds
Number of updated asset objects reloaded before import = 0
Number of asset objects unloaded after import = 139
========================================================================
Received Import Request.
  Time since last request: 0.000027 seconds.
  path: Assets/CombatGirlsCharacterPack/School_Katana_Girl/Animations/Normal/CrouchJog.fbx
  artifactKey: Guid(a3d6956c0d1401141ac903f6b475e693) Importer(815301076,1909f56bfc062723c751e8b465ee728b)
Start importing Assets/CombatGirlsCharacterPack/School_Katana_Girl/Animations/Normal/CrouchJog.fbx using Guid(a3d6956c0d1401141ac903f6b475e693) Importer(815301076,1909f56bfc062723c751e8b465ee728b) [PhysX] Initialized MultithreadedTaskDispatcher with 12 workers.
 -> (artifact id: 'd598f971f1449952382c61aa283d4dfd') in 0.005383 seconds
Number of updated asset objects reloaded before import = 0
Number of asset objects unloaded after import = 139
========================================================================
Received Import Request.
  Time since last request: 0.000021 seconds.
  path: Assets/CombatGirlsCharacterPack/School_Katana_Girl/Animations/Normal/Hit1.fbx
  artifactKey: Guid(36fe30ba832ef4c42ac1961245b8cfbf) Importer(815301076,1909f56bfc062723c751e8b465ee728b)
Start importing Assets/CombatGirlsCharacterPack/School_Katana_Girl/Animations/Normal/Hit1.fbx using Guid(36fe30ba832ef4c42ac1961245b8cfbf) Importer(815301076,1909f56bfc062723c751e8b465ee728b) [PhysX] Initialized MultithreadedTaskDispatcher with 12 workers.
 -> (artifact id: '3d882fa609d93a623252f6d65c5ca970') in 0.009260 seconds
Number of updated asset objects reloaded before import = 0
Number of asset objects unloaded after import = 139
========================================================================
Received Import Request.
  Time since last request: 4.296060 seconds.
  path: Assets/CombatGirlsCharacterPack/School_Katana_Girl/Animations/Normal/Idle.fbx
  artifactKey: Guid(a8d4431eaea80c44da62d4331eecc7b3) Importer(815301076,1909f56bfc062723c751e8b465ee728b)
Start importing Assets/CombatGirlsCharacterPack/School_Katana_Girl/Animations/Normal/Idle.fbx using Guid(a8d4431eaea80c44da62d4331eecc7b3) Importer(815301076,1909f56bfc062723c751e8b465ee728b) [PhysX] Initialized MultithreadedTaskDispatcher with 12 workers.
 -> (artifact id: '1497f8c0f9e116d54155277245c35a84') in 0.006145 seconds
Number of updated asset objects reloaded before import = 0
Number of asset objects unloaded after import = 139
========================================================================
Received Import Request.
  Time since last request: 166.256603 seconds.
  path: Assets/CombatGirlsCharacterPack/School_Katana_Girl/Models/Parts/Hair/KatanaSchool_Hair.fbx
  artifactKey: Guid(6f1ec3eb9115813428c142d3c09a2c19) Importer(815301076,1909f56bfc062723c751e8b465ee728b)
Start importing Assets/CombatGirlsCharacterPack/School_Katana_Girl/Models/Parts/Hair/KatanaSchool_Hair.fbx using Guid(6f1ec3eb9115813428c142d3c09a2c19) Importer(815301076,1909f56bfc062723c751e8b465ee728b) [PhysX] Initialized MultithreadedTaskDispatcher with 12 workers.
[PhysX] Initialized MultithreadedTaskDispatcher with 12 workers.
[PhysX] Initialized MultithreadedTaskDispatcher with 12 workers.
[PhysX] Initialized MultithreadedTaskDispatcher with 12 workers.
 -> (artifact id: 'bcceea884ba10c9297d7449bd8f8d6f3') in 0.083541 seconds
Number of updated asset objects reloaded before import = 0
Number of asset objects unloaded after import = 192
========================================================================
Received Import Request.
  Time since last request: 0.000028 seconds.
  path: Assets/Polylised - Medieval Desert City/Models/Civilian_Buildings/ladder_1.FBX
  artifactKey: Guid(6aae6b211169b464c9d12725b568fc16) Importer(815301076,1909f56bfc062723c751e8b465ee728b)
Start importing Assets/Polylised - Medieval Desert City/Models/Civilian_Buildings/ladder_1.FBX using Guid(6aae6b211169b464c9d12725b568fc16) Importer(815301076,1909f56bfc062723c751e8b465ee728b) [PhysX] Initialized MultithreadedTaskDispatcher with 12 workers.
[PhysX] Initialized MultithreadedTaskDispatcher with 12 workers.
[PhysX] Initialized MultithreadedTaskDispatcher with 12 workers.
 -> (artifact id: 'cd128ac9c5e9df730382da695f5bcaef') in 0.453679 seconds
Number of updated asset objects reloaded before import = 0
Number of asset objects unloaded after import = 9
========================================================================
Received Import Request.
  Time since last request: 4.878586 seconds.
  path: Assets/CombatGirlsCharacterPack/School_Katana_Girl/Models/Parts/Weapon/Weapon_Katana01.fbx
  artifactKey: Guid(abd37ddcabfb2464e9f8ce65b1ce4124) Importer(815301076,1909f56bfc062723c751e8b465ee728b)
Start importing Assets/CombatGirlsCharacterPack/School_Katana_Girl/Models/Parts/Weapon/Weapon_Katana01.fbx using Guid(abd37ddcabfb2464e9f8ce65b1ce4124) Importer(815301076,1909f56bfc062723c751e8b465ee728b) [PhysX] Initialized MultithreadedTaskDispatcher with 12 workers.
[PhysX] Initialized MultithreadedTaskDispatcher with 12 workers.
[PhysX] Initialized MultithreadedTaskDispatcher with 12 workers.
[PhysX] Initialized MultithreadedTaskDispatcher with 12 workers.
[PhysX] Initialized MultithreadedTaskDispatcher with 12 workers.
[PhysX] Initialized MultithreadedTaskDispatcher with 12 workers.
 -> (artifact id: '1ad725c0f685117cbd513046720f60f0') in 0.061910 seconds
Number of updated asset objects reloaded before import = 0
Number of asset objects unloaded after import = 18
========================================================================
Received Prepare
Caller must complete domain reload
Begin MonoManager ReloadAssembly
Symbol file LoadedFromMemory is not a mono symbol file
- Loaded All Assemblies, in  1.040 seconds
Native extension for WindowsStandalone target not found
Mono: successfully reloaded assembly
- Finished resetting the current domain, in  3.776 seconds
Domain Reload Profiling: 4823ms
	BeginReloadAssembly (257ms)
		ExecutionOrderSort (0ms)
		DisableScriptedObjects (5ms)
		BackupInstance (0ms)
		ReleaseScriptingObjects (0ms)
		CreateAndSetChildDomain (118ms)
	RebuildCommonClasses (30ms)
	RebuildNativeTypeToScriptingClass (14ms)
	initialDomainReloadingComplete (28ms)
	LoadAllAssembliesAndSetupDomain (718ms)
		LoadAssemblies (741ms)
		RebuildTransferFunctionScriptingTraits (0ms)
		AnalyzeDomain (52ms)
			TypeCache.Refresh (14ms)
				TypeCache.ScanAssembly (0ms)
			ScanForSourceGeneratedMonoScriptInfo (0ms)
			ResolveRequiredComponents (32ms)
	FinalizeReload (3777ms)
		ReleaseScriptCaches (0ms)
		RebuildScriptCaches (0ms)
		SetupLoadedEditorAssemblies (1207ms)
			LogAssemblyErrors (0ms)
			InitializePlatformSupportModulesInManaged (16ms)
			SetLoadedEditorAssemblies (14ms)
			RefreshPlugins (0ms)
			BeforeProcessingInitializeOnLoad (166ms)
			ProcessInitializeOnLoadAttributes (803ms)
			ProcessInitializeOnLoadMethodAttributes (198ms)
			AfterProcessingInitializeOnLoad (9ms)
			EditorAssembliesLoaded (2ms)
		ExecutionOrderSort2 (0ms)
		AwakeInstancesAfterBackupRestoration (11ms)
Refreshing native plugins compatible for Editor in 9.20 ms, found 3 plugins.
Preloading 0 native plugins for Editor in 0.00 ms.
Unloading 6356 Unused Serialized files (Serialized files now loaded: 0)
Unloading 71 unused Assets / (10.0 MB). Loaded Objects now: 7074.
Memory consumption went from 326.9 MB to 316.9 MB.
Total: 15.792000 ms (FindLiveObjects: 0.802500 ms CreateObjectMapping: 0.227100 ms MarkObjects: 7.319600 ms  DeleteObjects: 7.441000 ms)

Prepare: number of updated asset objects reloaded= 0
AssetImportParameters requested are different than current active one (requested -> active):
  custom:scripting/monoscript/fileName/Common.cs: c99d37a639876d15830bc1b4d2b2c424 -> 6ffc11e45ee8ab7a7d4178988978e63b
  custom:scripting/monoscript/fileName/uint3x3.gen.cs: 46f89d8a7f81b6035a7e26991fbc72e8 -> b354ea0e62ee3ca695eba400f73bf8a2
  custom:scripting/monoscript/fileName/Deprecated.cs: 180098a5fc2065d0380e32e2b952eebe -> c490571978d72951839b06a2825608d2
  custom:scripting/monoscript/fileName/BurstDisassembler.Core.Wasm.info.cs: 924d9993bb4f5055a61b0166f627d3c3 -> b15d06942db1ac71042be253eef84e7f
  custom:scripting/monoscript/fileName/DependencyTreeExceptions.cs: 8d717c8797566529cf594f9aab3c0409 -> 
  custom:scripting/monoscript/fileName/IDiagnosticsComponentProvider.cs: dbeac349f8c5591a0ab13c5e6354061e -> 
  custom:scripting/monoscript/fileName/Factories.Gen.cs: c9550e2a227c017a16a3e473be870754 -> 
  custom:scripting/monoscript/fileName/CloudProjectId.cs: 61b53512fd04ee0daa00dda45457438b -> 
  custom:scripting/monoscript/fileName/FixedList.gen.cs: 61852e4544d489e0d5903eb98b98e308 -> 
  custom:scripting/monoscript/fileName/IServiceRegistry.cs: 27b0be3a7d5fbabc2f8cff0f28316b4a -> 
  custom:scripting/monoscript/fileName/JobsILPostProcessor.cs: 3f303034a10abbfb33aebc2c253ab939 -> 
  custom:scripting/monoscript/fileName/SerializableProjectConfiguration.cs: 8d2aa3b56842beb1ee3e05f5a4e2f3c4 -> 
  custom:scripting/monoscript/fileName/BurstInspectorGUI.cs: bb274962adeb3b63c0ef4f58eeb3acfe -> 3b3371d5330c1720f59a915caa210691
  custom:scripting/monoscript/fileName/affine_transform.cs: ea7249476585feff13aa54bd2ccb69b0 -> 
  custom:scripting/monoscript/fileName/Aliasing.cs: 68567cebb1d169ce4f21a31c20f47d47 -> fa54b7e36cebab64c6f4b438ce5bbbb0
  custom:scripting/monoscript/fileName/uint4x4.gen.cs: 4b02c6eee0f00ce1a388bc44dd5ccc7c -> 7732c53bd697b7eb03dd735297da0fc1
  custom:scripting/monoscript/fileName/IServiceComponent.cs: 56d2b4986149318278267c2a2e499b7e -> 
  custom:container-demuxer-ogg: 62fdf1f143b41e24485cea50d1cbac27 -> 
  custom:scripting/monoscript/fileName/CommonErrorCodes.cs: 75f302fd69f29841b35f2306c97082ed -> 
  custom:scripting/monoscript/fileName/v64.cs: b639be1f4e5230c67c23ecfceaa8a8e2 -> 73e2a46ccd31f5cae0a785e2a9658313
  custom:scripting/monoscript/fileName/IChannelTokenProvider.cs: d41d74d962184eab5928b0b3bdda1ee9 -> 
  custom:scripting/monoscript/fileName/EditorGameServiceRegistry.cs: 0265fd85a62bd33c32f256257ebc576f -> 
  custom:scripting/monoscript/fileName/AnimatorControl.cs: d0195373254ff4a69e1025a91456aac0 -> 
  custom:scripting/monoscript/fileName/BurstDisassembler.Core.x86.cs: 924d9993bb4f5055a61b0166f627d3c3 -> b15d06942db1ac71042be253eef84e7f
  custom:scripting/monoscript/fileName/ProgressBar.Gen.cs: 09dcf9975c3de3bc94763c35db49d364 -> 
  custom:scripting/monoscript/fileName/ResponseHandler.cs: d3309722a6b35e47fbfcd01d3512a138 -> 
  custom:scripting/monoscript/fileName/LockedServiceRegistry.cs: ea77a1a45ffb4a9bcd250cb8233d16f9 -> 
  custom:scripting/monoscript/fileName/BurstDisassembler.Core.LLVMIR.cs: 924d9993bb4f5055a61b0166f627d3c3 -> b15d06942db1ac71042be253eef84e7f
  custom:scripting/monoscript/fileName/CoreLogger.cs: 1639b74467b5a585128e7c7cefe73635 -> 
  custom:scripting/monoscript/fileName/ExternalUserIdProperty.cs: e9524414c13dc2d0db279d48f3b164ab -> 
  custom:scripting/monoscript/fileName/DisabledMetrics.cs: bbb9bc05cfe10f1818b0676306a0b1b1 -> 
  custom:scripting/monoscript/fileName/SimdDebugViews.cs: 2a56730788f7babcb1e54d28fd040417 -> ee065a215655effb5244eeef3e220fd7
  custom:scripting/monoscript/fileName/VisibilityPropertyDrawer.cs: 70b7b4d25eb9ea5fda3178a1b5e85242 -> 
  custom:scripting/monoscript/fileName/DisabledMetricsFactory.cs: 358d9e7c090aa1eaa30e6a5f02610459 -> 
  custom:scripting/monoscript/fileName/SettingsCommonHeaderUiHelper.cs: 394582b395d6aebbb1e6e49abf6a1645 -> 
  custom:scripting/monoscript/fileName/IEditorAnalyticsEventRegistrant.cs: c4a0f7089b5b21ceafb7834c915d762f -> 
  custom:scripting/monoscript/fileName/BurstDisassembler.Core.ARM64.cs: 924d9993bb4f5055a61b0166f627d3c3 -> b15d06942db1ac71042be253eef84e7f
  custom:scripting/monoscript/fileName/IJsonSerializer.cs: 952e0b7cbb25051b8e0e85eda2a653c8 -> 
  custom:scripting/precompiled-assembly-types:Unity.Services.Core.Internal: c96c928c37d481d9497b4d4112bb56c7 -> 
  custom:scripting/monoscript/fileName/HttpClientResponse.cs: 9313baa475ddca44cec07c4995e4adab -> 
  custom:scripting/monoscript/fileName/XmlLinkedEvent.cs: efe4e7e159b94963c650fb293df0f9ff -> 
  custom:scripting/precompiled-assembly-types:Unity.Burst.Editor: 9700c786cdfeaf9f4017c0c1ac262b4c -> 1bb453082d9d949b60d566d3187c97d1
  custom:scripting/monoscript/fileName/AsyncOpRetry.cs: 7d4b426ab21943de744ee7f413070273 -> 
  custom:scripting/monoscript/fileName/Bmi1.cs: 869deae3083ccfe6b60b2585f9e67560 -> 790f25d56fba1e7a48c0a0766c0ad6a6
  custom:scripting/monoscript/fileName/IUserRoleRequest.cs: ccc5b229323b6e9c080254df6d4b51cb -> 
  custom:scripting/monoscript/fileName/DependencyTreeExtensions.cs: 63e3c71f0d430a351e6159f69f0a0682 -> 
  custom:scripting/monoscript/fileName/UnityThreadUtils.cs: 6f10d79f183f36877232e308ffa4d195 -> 
  custom:scripting/monoscript/fileName/Notifications.Gen.cs: 0b77852ac67d3ab84f489a2ddbdf8168 -> 
  custom:scripting/precompiled-assembly-types:Unity.Services.Core.Components: b1235f9078edc76fe980fa236b46b6b1 -> 
  custom:scripting/monoscript/fileName/EnvironmentsApi.cs: d5d1f45bf03abd7dd2f469acfd3b5bcb -> 
  custom:scripting/monoscript/fileName/BurstDisassembler.Core.cs: b3b080d760b6a18b7cf0870b47190ba9 -> e5f812d5efcd2a5c78433604ae4d6b38
  custom:scripting/monoscript/fileName/EnvironmentsOptionsExtensions.cs: 1e2776231b4e06a0e9b293a3623d643e -> 
  custom:scripting/monoscript/fileName/IServerEnvironmentId.cs: fff64b157cd649d3d948016718fba14e -> 
  custom:scripting/monoscript/fileName/ProjectStateRequest.cs: 6ba5b48af1466d2a4dbb6e908352d7c6 -> 
  custom:scripting/monoscript/fileName/ProjectBindRedirectPopupWindow.cs: 03988f1b5263bdfb55c00f001c224465 -> 
  custom:scripting/monoscript/fileName/bool4.gen.cs: 89d5db5b25176f8ce2b31291a8fcf567 -> ca7c0171e1585aef1c2900b66db0977a
  custom:scripting/monoscript/fileName/IEnvironmentSaveSystem.cs: 8319bf770542e6764e5512ea06d2b015 -> 
  custom:scripting/monoscript/fileName/OrganizationProvider.cs: f2089b4351294d4815b134a51aba3d17 -> 
  custom:scripting/monoscript/fileName/UnsafeUtilityEx.cs: 51fdf80e1733ea661389b0969168e4eb -> 
  custom:scripting/monoscript/fileName/BaseApiClient.cs: 8db05afd887e7e24cdb4782d155e924b -> 
  custom:scripting/monoscript/fileName/TypeAlreadyRegisteredException.Gen.cs: f78f490406edcce398401642789c4f0d -> 
  custom:scripting/monoscript/fileName/IAsyncOperationAwaiter.cs: 4e390262389eabe5476a62852a905252 -> 
  custom:scripting/monoscript/fileName/ProjectStateHelper.cs: a377430869822a008fcaab13302eb7b2 -> 
  custom:scripting/monoscript/fileName/UnityGetUserGuestProjects200Response.cs: 101aa8e271472b02f3ae37c6ca9da3cb -> 
  custom:scripting/monoscript/fileName/BurstLoader.cs: 36ef27b2f68a2283d382cc41e77edbfa -> ff77f8ae1ba38c1e7af1923752743ddf
  custom:scripting/monoscript/fileName/float4x3.gen.cs: 5e75d4a49b27c7bfdc5d24ca328726c6 -> 82da2e74a1c9948cc673acd7425c23e5
  custom:scripting/monoscript/fileName/float3x4.gen.cs: e028949e7cd389a54d6b8ef7c0e4a804 -> f425eda36f0a9a6a9785ce693ab31c65
  custom:scripting/monoscript/fileName/math_unity_conversion.cs: a14c20536b1fc0611d8629220aec8be2 -> 717272b42fdbca1935830b3071b2da3c
  custom:scripting/monoscript/fileName/UnityWebRequestClient.cs: 171ccf79c76240837e46a8b79f973b6e -> 
  custom:framework-win-MediaFoundation: 216162199b28c13a410421893ffa2e32 -> 
  custom:scripting/monoscript/fileName/AbstractRuntimeServices.Gen.cs: 90647cc400823b41df847a6cbfc29026 -> 
  custom:scripting/monoscript/fileName/EnvironmentInfo.cs: 78a754ae7b45de5c0f5a2d3aef9c92f6 -> 
  custom:scripting/monoscript/fileName/BiperworksRebinder.cs: 61b04674de1e8bfd471eb2a0a6898f66 -> 
  custom:scripting/monoscript/fileName/MemoryConfigurationLoader.cs: e1621a8e05504bfbe89a438b0282bf97 -> 
  custom:scripting/precompiled-assembly-types:Unity.Collections.DocCodeSamples: 03aa084d3d803b6434d3a19bd4efa989 -> 
  custom:scripting/monoscript/fileName/NoAliasAttribute.cs: f143c4ee756cdb81705ae157ea796156 -> 47e40919f04b49dc8701e6216f1351d4
  custom:scripting/monoscript/fileName/ButtonSpriteChange.cs: f81566204edf300bef5d8ea1b1176cc1 -> 
  custom:scripting/monoscript/fileName/UnsafeParallelHashSetExtensions.gen.cs: 08ce05b79144f37e3fa725c81fe15267 -> 
  custom:scripting/monoscript/fileName/UTF8ArrayUnsafeUtility.cs: 98dd75294b6f494d8648143302130ee6 -> 
  custom:scripting/monoscript/fileName/StagingTokenExchangeUrls.cs: 7ddebca8557e1d6e23849e5e07df2296 -> 
  custom:scripting/monoscript/fileName/DeserializationSettings.cs: 1061b12039666d7d981cfe68ebb1982d -> 
  custom:scripting/monoscript/fileName/bool3x2.gen.cs: 7f2024bb8e107c3b85f93e6847f677c0 -> 6ad67e842e9f001f4905675e041c0394
  custom:scripting/monoscript/fileName/IProjectConfiguration.cs: 9794b060b4360e9cc39456a13bf716cc -> 
  custom:scripting/monoscript/fileName/EarlyInitHelpers.cs: 83f2ef803587502aa43a764bfaff3766 -> 
  custom:scripting/monoscript/fileName/IDiagnosticsFactory.cs: 8a3a37fd862b7581b4621716ed14b18e -> 
  custom:scripting/monoscript/fileName/half2.gen.cs: 7816131b273dfbe62c7a27c74161c262 -> a6f90a50ab057fcfbb93f80dff9467ec
  custom:scripting/monoscript/fileName/IServiceFlagRequest.cs: b3a0a6e65e5600f2006d43595e9e07b1 -> 
  custom:scripting/monoscript/fileName/FixedStringFormat.gen.cs: bee80dd64417b695a3ab4edd137d6566 -> 
  custom:scripting/monoscript/fileName/ConfigurationEntry.cs: c1ed8586c7c9df05d945744b24303784 -> 
  custom:scripting/monoscript/fileName/v128.cs: 117d41d4706f1df0b65a9e2453bf6a48 -> e021cba7e9c369437e29248cab7adb92
  custom:scripting/monoscript/fileName/FileSystem.cs: ab92d4d8629b2af54c3a35102bd12cc4 -> 
  custom:scripting/monoscript/fileName/XmlLinkedMember.cs: 83ebbc44b07d4de0b62121c7811a18b1 -> 
  custom:scripting/precompiled-assembly-types:Unity.Services.Core.Device: 63b48da9c583ff24a0dde69e3097501c -> 
  custom:scripting/monoscript/fileName/Unicode.cs: f97bf556b0d99c0ed9d5ebf00a173353 -> 
  custom:scripting/monoscript/fileName/SharedStatic.cs: 74550ff9370ca87319b80787c2203d8d -> f05c0e41a9966bdff75df2ec1c0154e3
  custom:scripting/monoscript/fileName/JsonWebToken.cs: 576840f242d675d41e4a3e0094ff62a5 -> 
  custom:scripting/monoscript/fileName/IEditorGameServiceIdentifier.cs: a0ceaf826ce6fd5a1bb279e1579a965f -> 
  custom:scripting/monoscript/fileName/OfflineUiHelper.cs: 74f5179e6468b11d72cd60998e0c725b -> 
  custom:scripting/monoscript/fileName/DoubleObjectController.cs: 761223e234bd9a8b8163cedfa92ac097 -> 
  custom:scripting/monoscript/fileName/Sse3.cs: 869deae3083ccfe6b60b2585f9e67560 -> 790f25d56fba1e7a48c0a0766c0ad6a6
  custom:scripting/monoscript/fileName/noise3Dgrad.cs: 910f0614e94a5348f941ea0d56b2c568 -> 2eb29bf877494e27d7b8d68303a33727
  custom:scripting/monoscript/fileName/BurstDisassembler.Core.ARM64.info.cs: 924d9993bb4f5055a61b0166f627d3c3 -> b15d06942db1ac71042be253eef84e7f
  custom:scripting/monoscript/fileName/bool4x2.gen.cs: 586d6e84a82661c406c0747e29931ce1 -> 5e92d30f937bc7e4e4a07b2b81c06b27
  custom:scripting/monoscript/fileName/AsyncOperationAwaiter.cs: ddd9d932eca2ff6dc550c174a68fdc5b -> 
  custom:scripting/monoscript/fileName/Plane.cs: c32fcb4d635f10949ba9a2b53f7d21ec -> 69547098044c0683a5ff9d9b8674a0ba
  custom:scripting/monoscript/fileName/UnsafeAppendBuffer.cs: 5a9572fb3414d7d386993b9deda40896 -> 
  custom:scripting/monoscript/fileName/UnityServicesInitializer.cs: fa9a608355e48120534d684af5f04612 -> 
  custom:scripting/monoscript/fileName/ActionSchedulerCleaner.cs: 1750f9737ba65c8b5f441e824f90784f -> 
  custom:scripting/monoscript/fileName/MinMaxAABB.cs: 99b6b3f339a5e250751ae4f780607d7a -> 87e440667b74c17b186d7505988d93e6
  custom:scripting/monoscript/fileName/ProjectConfiguration.cs: b6a00bb7bd3df2a451321f73e7cb7141 -> 
  custom:scripting/monoscript/fileName/NativeParallelMultiHashMap.cs: 1e38321ac54bf0ebd0ddc433f96b1d0e -> 
  custom:scripting/monoscript/fileName/double2x2.gen.cs: 1175e86c851890dc199d0e88708ffccb -> 1b24b88380b01d73274245c8a3f891ca
  custom:scripting/monoscript/fileName/UnsafeBitArray.cs: be9a302f17ebba9c8bfe6d9fc79836b3 -> 
  custom:scripting/monoscript/fileName/v256.cs: cc278cab80741b277f80e482a2e6740b -> 47c636eb6f790c9afbde51106c5c5b53
  custom:scripting/monoscript/fileName/Sync.Gen.cs: ac834b133bcd24c6292144f8ec2fc479 -> 
  custom:scripting/monoscript/fileName/EnvironmentConfigProvider.cs: cadac2235852654a9596b0eac1628eac -> 
  custom:scripting/monoscript/fileName/Csr.cs: 869deae3083ccfe6b60b2585f9e67560 -> 790f25d56fba1e7a48c0a0766c0ad6a6
  custom:scripting/precompiled-assembly-types:Mono.Cecil.Rocks: d98f994105b32bbc8f98a0bab029ed34 -> 
  custom:scripting/monoscript/fileName/NewtonsoftSerializer.cs: 455e87e74f7c4ce7bdb201550b0ccccf -> 
  custom:scripting/monoscript/fileName/AccessTokenErrorUiHelper.cs: 398831acfad9119e6105671c7f2d98b3 -> 
  custom:scripting/monoscript/fileName/ServiceUrlBuilder.cs: 75f301a24c4e4d38116d1a1c11631963 -> 
  custom:scripting/monoscript/fileName/LockedPackageRegistry.cs: 99e3472ea654b46f01a9dea3a90719dd -> 
  custom:scripting/monoscript/fileName/HttpResponse.cs: fe56c84be580f48ba5f6047136e2cf67 -> 
  custom:scripting/monoscript/fileName/ProjectConfigurationBuildInjectorWithPlayerProcessor.cs: bfe4c2bc0cd0ee036e60e1bfa30dda8a -> 
  custom:scripting/monoscript/fileName/GenericContext.cs: 382a922cd4d3f0ca6cf18c02fb0e5430 -> 91513e0bd2facda2d12405e8de8d8a9b
  custom:scripting/monoscript/fileName/IServiceUrlBuilder.cs: 13be638527219a0b32af6fd5c7433f19 -> 
  custom:scripting/monoscript/fileName/classicnoise4D.cs: 910f0614e94a5348f941ea0d56b2c568 -> 2eb29bf877494e27d7b8d68303a33727
  custom:scripting/monoscript/fileName/int4x3.gen.cs: 67f76716aed15a7705ce52ae92c6a128 -> 8504016f71ab8b36158b7cb8a5461a8b
  custom:scripting/monoscript/fileName/IEnvironmentAnalytics.cs: c2ab3518cf2897a2ac4cf87258f13731 -> 
  custom:scripting/monoscript/fileName/classicnoise2D.cs: 910f0614e94a5348f941ea0d56b2c568 -> 2eb29bf877494e27d7b8d68303a33727
  custom:scripting/monoscript/fileName/NEON_AArch64.cs: 27dfd32aeb3aec362855d6a15ae66a4f -> 68ba95faf7f0f0403852fb6af2a2f956
  custom:scripting/precompiled-assembly-types:Unity.Collections.BurstCompatibilityGen: d26056d813c945132a21ff9f8750c98e -> 
  custom:scripting/precompiled-assembly-types:Unity.RenderPipelines.Core.Editor: bb05a4b341bab765164189ba57a3b64d -> f8860ff5929cb85b004a64116af8e0c7
  custom:scripting/monoscript/fileName/JobReflectionDataPostProcessor.cs: e1f319111c11d6198fa53d79b59ba6d0 -> 
  custom:scripting/monoscript/fileName/Hint.cs: 73569c0368c38045b2f569420e45a0a1 -> 35c736c413c7f058326ce656dfcde31e
  custom:scripting/monoscript/fileName/BurstRuntime.cs: da2dbf1247f62950b565aeade2339490 -> dd1cc6bb42ddae27b5305860068dfb8c
  custom:scripting/monoscript/fileName/MinimumBinaryHeap.cs: 58e2f67451a6dd12649c5819616167df -> 
  custom:scripting/monoscript/fileName/xxHash3.AVX2.cs: bbc99b1bfd2f994ebd53a189bfb34bc9 -> 
  custom:scripting/monoscript/fileName/ModelBinding.Gen.cs: 90647cc400823b41df847a6cbfc29026 -> 
  custom:scripting/monoscript/fileName/matrix.gen.cs: 1fc7e9a9978c6bc6327a2ef3562b3b82 -> 8040951fec6b586df3a34908a47f7536
  custom:scripting/monoscript/fileName/DependencyNotFoundException.Gen.cs: b85b8fa51199029c7dffa67f92fbcb8c -> 
  custom:scripting/monoscript/fileName/IInitializablePackageV2.cs: aa06fccc5712784ca17e5e7b41810911 -> 
  custom:scripting/monoscript/fileName/PostNormalizedVectorDrawer.cs: bcc5a130e288cb1ea7e6214244bd90aa -> 1e9cc5a1d5ea64a4691d9edff2f31467
  custom:scripting/monoscript/fileName/UnsafeStream.cs: 256399a9cf220f56a541766f1fe0b55f -> 
  custom:scripting/monoscript/fileName/int2x4.gen.cs: 19df88eae659245962107924a4f8beb4 -> 5edaa4c8e18b723d836f4e66d7a2ad24
  custom:scripting/monoscript/fileName/AdminApiHeaders.Gen.cs: 90647cc400823b41df847a6cbfc29026 -> 
  custom:scripting/monoscript/fileName/UnityThreadUtilsInternal.cs: db907031b91c05c00109dd0308888529 -> 
  custom:scripting/monoscript/fileName/double2.gen.cs: 6d6f846a6947f4edc6c86aae983cab7a -> 9fcc709faf542a3c28101e289489d3c3
  custom:scripting/monoscript/fileName/HttpClient.cs: 6f589aa53e23fc30613c9de6ca38fe21 -> 
  custom:scripting/monoscript/fileName/bool2x2.gen.cs: 9f5ba9e667296230e5a7dd8098d86f1e -> 4649c574bdda23c59b5d49d1b662bc61
  custom:scripting/monoscript/fileName/uint3x2.gen.cs: cb5adb59636d29fe64c2a59690629fe9 -> e9ed99b7eae876425b9236af5d545e3a
  custom:scripting/monoscript/fileName/UnityPatchProjectV1Request.cs: c6a39576d362d5719b8c0057b54f465b -> 
  custom:scripting/precompiled-assembly-types:Unity.Mathematics: b00366944e6a3b525e034d31ff80169e -> eda48956a0bece48f802264722748d9b
  custom:scripting/monoscript/fileName/ServicesCreationException.cs: 40142800771fcc1f5855193d741c129e -> 
  custom:scripting/monoscript/fileName/HeapString.gen.cs: 2f8bea3137363b1eadd89d8db8473288 -> 
  custom:scripting/monoscript/fileName/IEnvironmentFetcher.cs: 4324c744baa655843f8a2db18e322b79 -> 
  custom:scripting/monoscript/fileName/ITokenExchangeUrls.cs: f529e59149e9ccc31fc5b827b34c33db -> 
  custom:scripting/monoscript/fileName/UnsafeParallelHashSet.cs: 5e2ab9cfe81e04de31d18dbafae66b8c -> 
  custom:scripting/monoscript/fileName/uint3.gen.cs: 07250d494d70da63323c03829a109a7b -> 2439c557987b3f1dafd36143ddfb8c40
  custom:scripting/precompiled-assembly-types:Unity.Services.Core.Threading: ca5820d3037e7034a063518fa47775e2 -> 
  custom:scripting/monoscript/fileName/double4x4.gen.cs: c712f0479a2da80505c5f34004582140 -> d67599d4a9300cb241e4695cd70324ae
  custom:scripting/monoscript/fileName/ReadOnlyHttpRequest.cs: 8ed1e96527aeaf3049f26baaeff0902d -> 
  custom:scripting/monoscript/fileName/UnsafeParallelHashMap.cs: 8c2ef7a027d6725f567219b8c50f247e -> 
  custom:scripting/monoscript/fileName/BurstDisassembler.Core.Wasm.cs: 924d9993bb4f5055a61b0166f627d3c3 -> b15d06942db1ac71042be253eef84e7f
  custom:container-muxer-webm: aa71ff27fc2769a1b78a27578f13a17b -> 
  custom:scripting/monoscript/fileName/LabeledPopup.cs: aaac60160bcf5911cfd22427e122285e -> 87f082da9aa2abffd22a5b3019d4e188
  custom:scripting/monoscript/fileName/VisibilityAttribute.cs: 49e798b1c498546f09244503349891b2 -> 
  custom:scripting/monoscript/fileName/ActionScheduler.cs: 4b3a1bee28d6ab276113779464cd5e1f -> 
  custom:scripting/monoscript/fileName/BurstDisassembler.cs: 5af3bf689b9a2f927160aa1f9ee98cdd -> d51fb062bede2b9ca5d97ccc2e501c19
  custom:video-decoder-webm-vp8: 9c59270c3fd7afecdb556c50c9e8de78 -> 
  custom:scripting/monoscript/fileName/EnvironmentSettingsProvider.cs: 237263cbc2f115c0b90b2c3fc83a1110 -> 
  custom:scripting/monoscript/fileName/UnityUpdateOrganizationRequest.cs: c81a99780bba7daac8cc2c5dac469fe1 -> 
  custom:scripting/monoscript/fileName/float3.gen.cs: d2a3af208755cfe0205a5add4cbf782b -> 61e461104f30d07064c299c5ac2c9a3e
  custom:scripting/monoscript/fileName/BurstCompileTarget.cs: 47adecc05bc5bde9cd2b85670fa94f8b -> 5a1d233d747b0d562e7d5017bb80886e
  custom:scripting/precompiled-assembly-types:Unity.Services.Core.Editor: 2ce628c64b79eaab06a757513fdb9c3f -> 
  custom:scripting/monoscript/fileName/UnityAdsIdentifier.cs: 6666e4d931c1a681dcee861ce8dc56a2 -> 
  custom:scripting/monoscript/fileName/RetryPolicyConfig.cs: 533d36c1df5475ce177f07fcbfd5c545 -> 
  custom:scripting/monoscript/fileName/Constant.cs: 56e49c7e9d6abbdcb72cf45bc4184613 -> 9503cddf79e2a3fdeab51cc0257c4da1
  custom:scripting/monoscript/fileName/EnvironmentValidator.cs: 08b5a9dc48dd22c719e1975ef1db1683 -> 
  custom:scripting/monoscript/fileName/NEON_ctor.cs: 27dfd32aeb3aec362855d6a15ae66a4f -> 68ba95faf7f0f0403852fb6af2a2f956
  custom:scripting/monoscript/fileName/JobsMenu.cs: 2df7b5d475c31ebab4767437c73f47f4 -> 
  custom:scripting/monoscript/fileName/FixedStringFormatMethods.gen.cs: fcdca1abcdc2fd593bd0d11b27b9b2c5 -> 
  custom:scripting/monoscript/fileName/ProjectConfigurationBuilder.cs: 3a77bc00f860533701242ca98886ca86 -> 
  custom:scripting/monoscript/fileName/IAccessTokens.cs: 3e3094814f4dba04dfbc3053655e6598 -> 
  custom:scripting/monoscript/fileName/UserRoleRequestUiHelper.cs: a99a899edbebc06ce30ec51f79ff566a -> 
  custom:scripting/monoscript/fileName/int3x3.gen.cs: 8da9d8d1067461c55dbf4fa0f6b692cf -> dc1405f0f1704a2ec1efb4946b5d5f85
  custom:scripting/monoscript/fileName/UtcTimeProvider.cs: 34e00235b689057dfe7c5f53347158ea -> 
  custom:scripting/monoscript/fileName/int4x4.gen.cs: 0e76084ebee4c8312f336ff84d58a04c -> e1c5029dddb71a1513ebdf470db7528e
  custom:scripting/monoscript/fileName/RewindableAllocator.cs: ff203a8232e03cdb6b2db057c0882a0f -> 
  custom:SearchIndexIgnoredProperties: e643bd26f0fe6173181afceb89e7c659 -> 
  custom:scripting/monoscript/fileName/bool4x3.gen.cs: fe90c06e5cec5b26385f16e64919351e -> 3b9b4adbcec8eec926ee3ca5bd1a9e49
  custom:scripting/monoscript/fileName/SystemEnvironmentPathUtils.Gen.cs: 9f60a7d4b8edfd5e67c66c89eee984df -> 
  custom:AudioImporter_EditorPlatform: d09bf68614088b80899f8185d706f6e7 -> 
  custom:scripting/monoscript/fileName/EnvironmentsApiInternal.cs: ddda38a23193b92419a4176f3ffd04a7 -> 
  custom:scripting/monoscript/fileName/EditorGameServiceAnalyticData.cs: 0fc6f3bf04cc7c89fce9a2c7c7ab285b -> 
  custom:scripting/monoscript/fileName/ConstructorNotFoundException.Gen.cs: d5eeea08ebee99ae8f097d0f6c2b88b0 -> 
  custom:scripting/monoscript/fileName/EnvironmentServiceRegistry.cs: 87c6dee4ea55850e884c48687d120061 -> 
  custom:scripting/monoscript/fileName/AccessTokensSingleton.cs: ed21a5edcf5821a4e4c3f640d88a8890 -> 
  custom:scripting/monoscript/fileName/IoUtils.cs: 407719a7637f4a4931cf4ba6f0c431e9 -> 
  custom:scripting/monoscript/fileName/IgnoreWarningAttribute.cs: 0d7229169d4125415775d3108e0f5f3f -> 95b6772ff35299aa9927da5e6696b2f1
  custom:scripting/monoscript/fileName/FixedString.gen.cs: 546503330a4423d9e22205762e6dc907 -> 
  custom:scripting/monoscript/fileName/XmlLinkedMethod.cs: 0832a872e8f410f9dbd4e4797775d14c -> 
  custom:scripting/monoscript/fileName/uint4x3.gen.cs: 5c842eaf04659601d64e86e873d2dc4b -> b01c5cd7a56bd5c67682617427bf7881
  custom:scripting/monoscript/fileName/ITimeProvider.cs: ddd25bd8e3c8be311aae000881753524 -> 
  custom:scripting/monoscript/fileName/MissingComponent.cs: 6fcd30b84d1ca630662778f50cedadd3 -> 
  custom:scripting/monoscript/fileName/Responses.cs: cf8e91b141cc85b29c745e415fc1f688 -> 
  custom:scripting/monoscript/fileName/Transient.Gen.cs: fb508b42c100a2c07b866a44f9ab3ed0 -> 
  custom:scripting/monoscript/fileName/NativeList.cs: 3e39181d220491b697fd73718c9e6b89 -> 
  custom:scripting/monoscript/fileName/IInstallationId.cs: f04e3188def2f4af24969a3d446782a7 -> 
  custom:scripting/monoscript/fileName/BurstCompileAttribute.cs: d6b4f38d813b7cc3ab63dc8ec73aa58a -> f1834e5146c37c3c879fe10d3c8c9e49
  custom:scripting/monoscript/fileName/bool3.gen.cs: f73cc99fcfd3d7b311d94017869f72e0 -> 5af2629b3ff9dbb3bbfcc70064a35529
  custom:scripting/monoscript/fileName/uint4x2.gen.cs: e8b292c670996f99dc647f630b2d028d -> b7591412c0d582e5dffe67f85a90dd0a
  custom:scripting/precompiled-assembly-types:Mono.Cecil.Mdb: dfddc2d5e9570038a3ea8da067257c97 -> 
  custom:scripting/monoscript/fileName/float4.gen.cs: a5929fc9c81f37a217f61110104af506 -> b782c632ec38515e69077afe722e950b
  custom:scripting/monoscript/fileName/uint3x4.gen.cs: 810549df666bfc264109dae029c3ad17 -> 85b37160b72ca5d09aa390a0ed4ac5d3
  custom:scripting/monoscript/fileName/InitializationOptions.cs: a3b098c01b711d197eb5be831c1fe3cb -> 
  custom:scripting/monoscript/fileName/BurstCompatibleAttribute.cs: 5516bac227e59cc058e743022f755993 -> 
  custom:scripting/monoscript/fileName/ResponseDeserializationException.cs: ee4bcd8feef77e51dd56d7612403078e -> 
  custom:scripting/monoscript/fileName/IEnvironments.cs: c0584c08a0bd557b383eebd7f6ddb36a -> 
  custom:scripting/monoscript/fileName/UnsafeAtomicCounter.cs: 9e2f4dbe854338916842c8ff7fbe03de -> 
  custom:scripting/monoscript/fileName/DefaultApiRequests.cs: 0c40f474d191c79755786a315c4d3837 -> 
  custom:scripting/monoscript/fileName/ButtonByButtonController.cs: bdd6f7704876e7ac5d67b606215bf64e -> 
  custom:scripting/monoscript/fileName/FixedStringMethods.cs: fcdca1abcdc2fd593bd0d11b27b9b2c5 -> 
  custom:scripting/monoscript/fileName/PlatformSupportUiHelper.cs: c2fb091feeb92fc6d04201e72415cd6f -> 
  custom:scripting/monoscript/fileName/IConfigurationProvider.cs: af9003c2ff2e581cf6d2023a9420f4ca -> 
  custom:scripting/monoscript/fileName/IMetricsFactory.cs: fde5d2b8b6a1babbe7e5508a35a60c95 -> 
  custom:scripting/monoscript/fileName/ChannelToken.cs: 749f097d0aecdba9e5864aa66e7c548d -> 
  custom:scripting/monoscript/fileName/ProjectBindRedirectUiConstants.cs: 1d3bd9a52471c7a484b82396440177cc -> 
  custom:scripting/monoscript/fileName/UnsafeNotBurstCompatible.cs: 9920b2dcf54d07855dc87b05b9a22299 -> 
  custom:scripting/monoscript/fileName/HttpServiceConfig.cs: a19e8b39679e0da2413fb1719624f1f2 -> 
  custom:scripting/monoscript/fileName/EditorGameServiceFlagEnabler.cs: ed4b01161596daf6c007c5cb985797df -> 
  custom:scripting/monoscript/fileName/EditorValueTracker.Gen.cs: 90647cc400823b41df847a6cbfc29026 -> 
  custom:scripting/monoscript/fileName/ProjectConfigurationBuilderHelper.cs: f79e2dec68c2a8a55186a3fd4274546b -> 
  custom:scripting/monoscript/fileName/IUnityThreadUtils.cs: 09e8ec6b5955782b75f75b287fbd41f1 -> 
  custom:scripting/monoscript/fileName/Sse.cs: 869deae3083ccfe6b60b2585f9e67560 -> 790f25d56fba1e7a48c0a0766c0ad6a6
  custom:scripting/monoscript/fileName/IConfigurationLoader.cs: 2906069c8520611bdd1356369b0a29f4 -> 
  custom:scripting/monoscript/fileName/FixedStringInternalMethods.cs: fcdca1abcdc2fd593bd0d11b27b9b2c5 -> 
  custom:scripting/monoscript/fileName/UnityListProjects200Response.cs: 428e859b4396ae3112aa4ecacae32fbf -> 
  custom:scripting/monoscript/fileName/CorePackageInitializer.cs: 829d217bce271cb9c1fa63d564b476ec -> 
  custom:scripting/monoscript/fileName/uint2.gen.cs: 16c687047be4a3d9d18671b7f1514a8d -> f442e48493395c3c057fa324c1ed7700
  custom:scripting/monoscript/fileName/AssemblyResolver.cs: 5d80bf0419ced3ef86f9dc251f8f6957 -> d02bbd84bf24106c236ab13c6c3d719f
  custom:scripting/monoscript/fileName/EnvironmentNotFoundException.cs: 8f8ecf9219a7a93736afa67d923d561a -> 
  custom:scripting/precompiled-assembly-types:Unity.Collections: 4a46ba792d71a8ef631019192135d028 -> 
  custom:scripting/monoscript/fileName/cellular2x2x2.cs: 910f0614e94a5348f941ea0d56b2c568 -> 2eb29bf877494e27d7b8d68303a33727
  custom:scripting/monoscript/fileName/matrix.cs: 3c89deedfaaffcc017fba2cf913f12ee -> 17bd875ecbf69296bc7f1415237b5bf7
  custom:scripting/monoscript/fileName/DependencyTreeInitializeOrderSorter.cs: 398a0f081d411379f31bc2eb52bbbd21 -> 
  custom:scripting/monoscript/fileName/cellular3D.cs: 910f0614e94a5348f941ea0d56b2c568 -> 2eb29bf877494e27d7b8d68303a33727
  custom:scripting/monoscript/fileName/UnityGetUserPermissions200Response.cs: 7fdf29503cc5301312d984f2af06eb45 -> 
  custom:scripting/monoscript/fileName/IJobParallelForFilter.cs: df20d5af76497ee9382afe3d36f1f1f4 -> 
  custom:scripting/monoscript/fileName/bool3x4.gen.cs: 42c7ba8bd569aafe7a1ccd38b69ca362 -> dd64119ecce8747c9d345fc62ed63bff
  custom:scripting/monoscript/fileName/NEON.cs: 27dfd32aeb3aec362855d6a15ae66a4f -> 68ba95faf7f0f0403852fb6af2a2f956
  custom:audio-decoder-ogg-vorbis: bf7c407c2cedff20999df2af8eb42d56 -> 
  custom:scripting/monoscript/fileName/NativeText.gen.cs: 963d74023cd13b0e64909bb76f1d047a -> 
  custom:scripting/monoscript/fileName/int2x3.gen.cs: 19a71af308909120a7ea6452646e4208 -> 377af658550da76bc0efa7c5a755eb90
  custom:scripting/monoscript/fileName/ConcurrentMask.cs: d56a0fef284c9e5059f89974aedb695c -> 
  custom:scripting/monoscript/fileName/CloudEnvironmentConfigProvider.Gen.cs: 5a0c9bc3528e508605862cace6052ab9 -> 
  custom:scripting/monoscript/fileName/ScheduledInvocationComparer.cs: 83106d0c8c6b049feeaa7bc89351f333 -> 
  custom:scripting/monoscript/fileName/NativeReference.cs: 707aa775b4e3cc858cb239cb84a29e93 -> 
  custom:scripting/monoscript/fileName/DefaultApi.cs: 1d4ada5f7be42c3459105e8a4ff7befa -> 
  custom:scripting/monoscript/fileName/UnityServicesBuilder.cs: 2c873918180573f10abfeda6ebefa0f9 -> 
  custom:scripting/monoscript/fileName/ServiceRegistry.cs: 9f2f77edf09fc4d5ffdc5ae250d852d2 -> 
  custom:scripting/monoscript/fileName/EnvironmentAnalyticsSender.cs: 8bcdd72c4f4f7ba6fed9617ecb7e992f -> 
  custom:scripting/monoscript/fileName/Popcnt.cs: 869deae3083ccfe6b60b2585f9e67560 -> 790f25d56fba1e7a48c0a0766c0ad6a6
  custom:scripting/monoscript/fileName/ScheduledInvocation.cs: 6dd46403260fc3e01309ae7e636c0e8a -> 
  custom:scripting/monoscript/fileName/UnityProjectNotLinkedException.cs: fffb6126e50500c8c570125732d06308 -> 
  custom:scripting/monoscript/fileName/ServicesInitializationException.cs: 905c414eaf6bb9e99e87b7be57e80385 -> 
  custom:scripting/monoscript/fileName/CoreRegistry.cs: f8cefd7d8b5109f3c61c0ba5ed06a2ed -> 
  custom:scripting/monoscript/fileName/Configuration.cs: 4d19c1da7f614cc93468a9d05d08dc7d -> 
  custom:scripting/monoscript/fileName/InvalidJwtException.cs: 44c6d327479bc7179514ecd464e65b5b -> 
  custom:scripting/monoscript/fileName/NativeNotBurstCompatible.cs: 8e8b404b4fa69e1b7cea25947e47b9bd -> 
  custom:scripting/monoscript/fileName/IProjectStateRequest.cs: 27b27df4e3b68078a5908d7df6fce95f -> 
  custom:scripting/monoscript/fileName/ILPostProcessingLegacy.cs: d9910f2de3f51974efe13df8267dc87d -> 1474151453fb056da8fe50e6cda891db
  custom:scripting/monoscript/fileName/CLILeakDetectionSwitcher.cs: 57bd385706945886454b568fb0644a83 -> 
  custom:scripting/monoscript/fileName/XmlLinkedType.cs: 879123e42892f87010bef78e341312d0 -> 
  custom:scripting/monoscript/fileName/EditorGameServiceDashboardHelper.cs: ea8538090dcae2327f4c15e2ca056258 -> 
  custom:scripting/monoscript/fileName/UnsafeRingQueue.cs: beeb81b22bb86e018042f1eea3e37e38 -> 
  custom:scripting/monoscript/fileName/ApplyRevertChangeTracker.Gen.cs: 90647cc400823b41df847a6cbfc29026 -> 
  custom:scripting/monoscript/fileName/CollectionExtensions.Gen.cs: aff9dee80b4292d09c09f3acd69a3289 -> 
  custom:scripting/monoscript/fileName/IComponentRegistry.cs: 31dc7d917392108590a76b6f7b8e718f -> 
  custom:scripting/monoscript/fileName/IEditorGameService.cs: faa7656610bf6f8463e95c403d6c6e6c -> 
  custom:scripting/monoscript/fileName/int3x4.gen.cs: a41355fd8e3f2df0223626fb4f0b3908 -> 8460bfcadb3ac350c26daa6b9595294c
  custom:scripting/monoscript/fileName/NativeParallelHashMapExtensions.cs: 462869b482cb0a426c099c8676c75416 -> 
  custom:scripting/monoscript/fileName/psrdnoise2D.cs: 910f0614e94a5348f941ea0d56b2c568 -> 2eb29bf877494e27d7b8d68303a33727
  custom:scripting/monoscript/fileName/EnvironmentSettings.cs: e2b98ee836b42374bfa16506e47055ce -> 
  custom:scripting/monoscript/fileName/F16C.cs: 869deae3083ccfe6b60b2585f9e67560 -> 790f25d56fba1e7a48c0a0766c0ad6a6
  custom:scripting/monoscript/fileName/BiperworksPrefabReplace.cs: 3feb3c89b6276f76667f74d9e5c161ed -> 
  custom:scripting/precompiled-assembly-types:Unity.Collections.LowLevel.ILSupport: fc98657c35e94db2b30cdf006548cc51 -> 
  custom:scripting/monoscript/fileName/IChannel.cs: db8ed6536767d05dc3fe7251f4a4dcd3 -> 
  custom:scripting/monoscript/fileName/IAsyncOperation.cs: f56289e88c7dcb628d7e5619c74e7538 -> 
  custom:scripting/monoscript/fileName/XmlLinkerModel.cs: d4c2817476b9b278a7b7808d61032596 -> 
  custom:scripting/monoscript/fileName/QuaternionDrawer.cs: 3e16f8b999b15ff8f3cb65c56d92372c -> 11323f18a038f5e869f0b55e53c54a31
  custom:scripting/monoscript/fileName/Memory.cs: 24fa5e8e684139a9a6b2bb764c620a28 -> 
  custom:scripting/monoscript/fileName/UnsafeList.cs: d4153fc6c06f3c788b1e8373e28421fd -> 
  custom:scripting/monoscript/fileName/Metrics.cs: ff969a3864869c6435b83c963d65cf34 -> 
  custom:scripting/monoscript/fileName/BurstAssemblyDisable.cs: 05c2ec5d4cb82dde153fd26804b0759c -> b6ce5635cda12e16b9d3052a32a53ef4
  custom:scripting/monoscript/fileName/IVivoxTokenProviderInternal.cs: 8f6eac73831e2d88349c636e0c8277cf -> 
  custom:audio-encoder-webm-vorbis: bf7c407c2cedff20999df2af8eb42d56 -> 
  custom:scripting/monoscript/fileName/BurstString.Float.cs: 2be5f73de1c4aa5655ffe1179ecab0e5 -> f7cf2d4ac32cd23a2133a777bc8e9bdf
  custom:scripting/monoscript/fileName/UnityWebRequestUtils.cs: f709ddaaeb44d62e1a53fe224983d54c -> 
  custom:scripting/precompiled-assembly-types:Assembly-CSharp-Editor: 55be5156d4d9bf13a4a71e730e6bff5f -> e6dd162cf99c2a2b175dc18b4efe7df7
  custom:scripting/monoscript/fileName/DependencyTree.cs: 0bd2915409b5c0af8089da1663502e47 -> 
  custom:scripting/monoscript/fileName/BiperworksMissingChecker.cs: 59ef92542e37bf12350114bc93e856ab -> 
  custom:scripting/monoscript/fileName/AsyncOperation.cs: f23cc551eab7049146420a4196093425 -> 90647cc400823b41df847a6cbfc29026
  custom:scripting/monoscript/fileName/LongTextArea.cs: dfdcf6f0be8f7d5d7c8ee22ae4b70ab5 -> 4c687402ecd5f2af3a470023aff89eca
  custom:scripting/monoscript/fileName/UnityAddressV1.cs: 4d4ba30b341c7e72810f3c36b5914fa5 -> 
  custom:scripting/monoscript/fileName/IGatewayTokens.cs: af8d58613a9fd459a444ee8b327072b0 -> 
  custom:scripting/monoscript/fileName/xxHash3.cs: d876f695d67b3d527466020445c50eb8 -> 
  custom:scripting/monoscript/fileName/IInitializablePackage.cs: 7a2afaa327b6f2c8c3b73c00855d936d -> 
  custom:scripting/monoscript/fileName/Attributes.cs: d94dab8e1cad1d516625e289629ba937 -> 9d3861389974f0823e7e341aa6c23dae
  custom:scripting/monoscript/fileName/AnalyticsOptionsExtensions.cs: 61b53e23187fa8065622d09b0f304596 -> 
  custom:scripting/monoscript/fileName/DebugView.cs: 0cdf409b5aa8d4c25876d72b5c6a3b60 -> 
  custom:scripting/precompiled-assembly-types:Assembly-CSharp: 26e38508980b51b33a5cd8f4dad7d861 -> 843220b89751c6f5d77aed2d23b72b60
  custom:scripting/monoscript/fileName/EnvironmentSelector.cs: ac21f39d65ed579595edcbd2c9853105 -> 
  custom:scripting/monoscript/fileName/JsonHelpers.cs: 8837ad713480b6b5528a3b03a0d76fa1 -> 
  custom:scripting/monoscript/fileName/DefaultCdnConfiguredEndpoint.cs: 624837102d8bef2a2323b0b82727af95 -> 
  custom:scripting/monoscript/fileName/BurstString.cs: 2be5f73de1c4aa5655ffe1179ecab0e5 -> f7cf2d4ac32cd23a2133a777bc8e9bdf
  custom:scripting/monoscript/fileName/Scope.Gen.cs: 409412ebac5387d01283cada94af8d59 -> 
  custom:scripting/monoscript/fileName/ListExtensions.cs: 0f96dfdcfd19dc46bb3b974629f04481 -> 
  custom:scripting/monoscript/fileName/SliderToggleUiHelper.cs: 297bb968c6a98e033483e5885bc5e941 -> 
  custom:scripting/monoscript/fileName/WeaponMaterialChanger.cs: c6cf6042231fc24bb630676005510585 -> 
  custom:scripting/monoscript/fileName/IFileSystem.cs: d0a5668d9c43d0a16eec8fa2a37aa20c -> 
  custom:scripting/monoscript/fileName/IJobBurstSchedulable.cs: b6e06c07f5c6bc961caf27d1af5dcc7a -> 
  custom:scripting/precompiled-assembly-types:Unity.Collections.Editor: 17a2c29eb18a6d0bac0ad4051a669537 -> 
  custom:scripting/monoscript/fileName/BurstCompiler.cs: 25961ab6b2aa72f0ea3a28043bd3e34e -> 7b21670e31210e9f8a136d10cb1b9317
  custom:scripting/monoscript/fileName/IService.cs: afa2330a6d32be2e7a659227e3bf813e -> 
  custom:scripting/monoscript/fileName/double4.gen.cs: b43680ff2b317f0fe763ec2a9290cc4d -> c861322ff5ab8c01e3e4b508791cf124
  custom:scripting/monoscript/fileName/rigid_transform.cs: d545dec909ae361cd40bcedcc9499d93 -> 36bbdd985ffacdf5ee0745cfd3a1f08d
  custom:scripting/monoscript/fileName/CollectionsAllocationExamples.cs: 72ea6f1c8990c690aca4410bcc8d43b6 -> 
  custom:scripting/monoscript/fileName/CoreRegistration.cs: afa90de4a402b0848ad8b60755b1ca20 -> 
  custom:scripting/monoscript/fileName/ServicesInitialization.cs: 5bc34492fe95212cc8524c8c7be8ec36 -> 
  custom:scripting/monoscript/fileName/CameraController_AnimationReset.cs: 17bef6419ebea7b605e5c34da435370d -> 
  custom:scripting/monoscript/fileName/PropertyAttributes.cs: 06c93b729a6fbfd605aedc09fb6acd2e -> f9be6ff8022c2b7e9364b782f234d192
  custom:scripting/monoscript/fileName/IVivox.cs: 6d92ea4b822d1fa7e4b8787c59760673 -> 
  custom:scripting/monoscript/fileName/UnityCreateAddressRequest.cs: 231eb736f0a651a8ee21e6aa579173ae -> 
  custom:scripting/monoscript/fileName/UnityListOrganizationFavoriteProjects200Response.cs: 2acfbc626d621e368ef9190462157b7a -> 
  custom:scripting/monoscript/fileName/BurstAotCompiler.cs: 999e0496849ba059c880640ab57448ab -> a41b7d0d053e0898c09eec7c4f1c3c21
  custom:scripting/monoscript/fileName/IPlayerId.cs: 8ec284f91dceb8f1818908be17c609b0 -> 
  custom:scripting/monoscript/fileName/int2.gen.cs: 7d7139da21249719b860c4fd6fa5b14f -> ba08380188673eb89fbe6c63125635e5
  custom:scripting/monoscript/fileName/Avx2.cs: 869deae3083ccfe6b60b2585f9e67560 -> 790f25d56fba1e7a48c0a0766c0ad6a6
  custom:scripting/monoscript/fileName/EngineStateHelper.cs: ebfe492ca39645883d66825c2e77f1d0 -> 
  custom:scripting/monoscript/fileName/EnvironmentProvider.cs: e6441984086d3ec4f02dd82b6dec6df1 -> 
  custom:scripting/monoscript/fileName/PackageInitializationInfo.cs: 82c881c6d5f9d1b5f2eba332919bcd1c -> 
  custom:scripting/monoscript/fileName/int4.gen.cs: 6fd7c2be80cf8c29505f41dfd239b1ae -> 6202c51352f8408238811f81cf17884b
  custom:scripting/monoscript/fileName/DisabledDiagnostics.cs: dca147f0ee6a8cbd3c40d0fb15b26062 -> 
  custom:scripting/monoscript/fileName/JsonHelper.cs: 0b5759f67f92e2eb09febb2082aca955 -> 
  custom:scripting/monoscript/fileName/noise3D.cs: 910f0614e94a5348f941ea0d56b2c568 -> 2eb29bf877494e27d7b8d68303a33727
  custom:scripting/monoscript/fileName/MetricsFactory.cs: ff8596a1ccea2041a0c0cfe2841c8f74 -> 
  custom:scripting/precompiled-assembly-types:Unity.Services.Core: 6658084c01118ae8f1ea78527e00c6d1 -> 
  custom:scripting/monoscript/fileName/float4x2.gen.cs: 05588d3fca2e28a31b6264c026dcf338 -> a70cf4e9d29e9357ba0e68d3ee43ce34
  custom:scripting/monoscript/fileName/EnvironmentsClient.cs: 9c80a43488077f46562fa053df484911 -> 
  custom:scripting/monoscript/fileName/ReadOnlyObservableCollection.Gen.cs: 90647cc400823b41df847a6cbfc29026 -> 
  custom:scripting/monoscript/fileName/Environments.cs: 8b1687fd15649a52827b18b8b452a28f -> 
  custom:scripting/monoscript/fileName/Bmi2.cs: 869deae3083ccfe6b60b2585f9e67560 -> 790f25d56fba1e7a48c0a0766c0ad6a6
  custom:scripting/monoscript/fileName/UnityAnalyticsIdentifier.cs: 40be8e11923159cf7c61c72c1a1b26dd -> 
  custom:video-codec-MediaFoundation-h265: 746d11721c4dcdbdad8f713fa42b33f4 -> 
  custom:scripting/monoscript/fileName/AsyncOperationBase.cs: adfca800027e0922d59797ee493a2672 -> 
  custom:scripting/monoscript/fileName/UnsafeScratchAllocator.cs: 4face5614d3825fa48ae79289f69aa1b -> 
  custom:scripting/monoscript/fileName/half3.gen.cs: 5d046df99f0d37f450cb3ea068ad7762 -> 935b3c49f9c5126f28352e4a48406e0a
  custom:scripting/monoscript/fileName/UnityUserOrganizationsV1OrganizationsInner.cs: 440e6e939c241944b318429e561d5df2 -> 
  custom:scripting/monoscript/fileName/PathUtils.Gen.cs: 5ddc0068a1cf521fafc42781cf03a3a9 -> 
  custom:scripting/monoscript/fileName/IEditorGameServiceRegistry.cs: 4894c70fd515017ae46efb4f44f8b3e2 -> 
  custom:scripting/monoscript/fileName/RequestFailedException.cs: a9eaec06c59248353e0ced5cdc95723f -> 
  custom:scripting/monoscript/fileName/BurstCompatibilityTests.cs: 7d7c24becd314d1054104dfc27a7e1e1 -> 
  custom:scripting/monoscript/fileName/XmlLinkedModelsExtensions.cs: 9e8a2b9216079ba87ebfd084960b4ac0 -> 
  custom:scripting/monoscript/fileName/EditorGameServiceRemoteConfiguration.cs: 0cdf409b5aa8d4c25876d72b5c6a3b60 -> 
  custom:scripting/monoscript/fileName/UnityUploadIconV1201Response.cs: a7cab146027c2f1549f57a603ca22560 -> 
  custom:scripting/monoscript/fileName/uint2x4.gen.cs: 3caae4a623bddfadce4b73c36541ab39 -> 817d68c720fa6aa9b67a61d7c1b206d0
  custom:scripting/monoscript/fileName/DisabledDiagnosticsFactory.cs: 92ef54fd2e9d3765db37c6ce29121dc7 -> 
  custom:scripting/monoscript/fileName/BitField.cs: 435cec31f980ea5ce1d1e89b13684a57 -> 
  custom:video-decoder-ogg-theora: a1e56fd34408186e4bbccfd4996cb3dc -> 
  custom:scripting/monoscript/fileName/EnvironmentSaveSystem.cs: 931610e413c03621f898c65e36f44fc6 -> 
  custom:scripting/monoscript/fileName/NativeQueue.cs: 0e981ce8b9429d0fa5b8752248b5a6fd -> 
  custom:scripting/monoscript/fileName/ComponentRegistry.cs: 2fefa8b1f349de188d35295b3042e694 -> 
  custom:scripting/monoscript/fileName/CecilExtensionMethods.cs: 017bd73f50ff4a917914ebf884a3c046 -> 
  custom:scripting/monoscript/fileName/EnvironmentsClientFactory.cs: 325dec75592389c16ac743f438f24960 -> 
  custom:scripting/monoscript/fileName/ConfigurationCollectionHelper.cs: cb4dac2b34c76624ca64d0ad91214a93 -> 
  custom:scripting/monoscript/fileName/NativeArrayExtensions.cs: 480ae80e25a67512135651e8db7b75bc -> 
  custom:scripting/monoscript/fileName/DictionaryExtensions.cs: d37b3043b5339f13af7295850374111a -> 
  custom:scripting/monoscript/fileName/AsyncOperationExtensions.cs: 1fabcad386c6a3966bbd7925c1ec32e2 -> 
  custom:scripting/monoscript/fileName/ProjectUnlinkBuildWarning.cs: c52465de41a758f7a3babb293254b52b -> 
  custom:scripting/monoscript/fileName/IProjectStateHelper.cs: 3adea7eb7ff850864d22d07f530e0111 -> 
  custom:scripting/monoscript/fileName/ICloudProjectId.cs: 60ddc28b5a3880441601b503b311a533 -> 
  custom:scripting/monoscript/fileName/svd.cs: 348beec2ecc2e2db545a80433e4107e2 -> 
  custom:scripting/monoscript/fileName/ICopyable.Gen.cs: 90647cc400823b41df847a6cbfc29026 -> 
  custom:scripting/monoscript/fileName/ThreadingUtility.cs: 04b3b0b0336f4a10f1d8aa16ba8bb5cf -> 
  custom:scripting/monoscript/fileName/IHttpClient.cs: 88481d25a1f892f1dc32d0efcddba205 -> 
  custom:scripting/monoscript/fileName/bool4x4.gen.cs: 50a6831c58ef3836ae8715535acd4a4c -> 832d1ba72f52e457d65ecd6ca1ba2b2e
  custom:scripting/precompiled-assembly-types:Unity.Services.Core.Networking: 61bebe50ea392373ad9b763369998b02 -> 
  custom:scripting/precompiled-assembly-types:Unity.Services.Core.Telemetry: 93d339c2f6637582a5436fa1367ea7d7 -> 
  custom:scripting/monoscript/fileName/IMetrics.cs: cc4d6b26e54335130aeffb94ca489467 -> 
  custom:scripting/monoscript/fileName/IEnvironmentService.cs: d28a6fb640eb356196b9c1017c7a0d37 -> 
  custom:scripting/monoscript/fileName/StreamingAssetsConfigurationLoader.cs: 2f115cec9bfe6872856ee4ad61eb2c3f -> 
  custom:scripting/monoscript/fileName/double3x3.gen.cs: a1e2af8139fc0e717165cdc2c522e14d -> cf2bca4cc9e8b93d47929417a1a999f7
  custom:scripting/monoscript/fileName/NEON_AArch64_crypto.cs: 27dfd32aeb3aec362855d6a15ae66a4f -> 68ba95faf7f0f0403852fb6af2a2f956
  custom:scripting/monoscript/fileName/EnvironmentChangedParameters.cs: 0ad6f60cc0b0e0ea02aed10221f7c8a8 -> 
  custom:scripting/monoscript/fileName/ObjectToggle.cs: e65399e714ef4a652d2c5593ec47887b -> 
  custom:scripting/monoscript/fileName/double3x2.gen.cs: 46c3fc0f20bf244200b61fe88bd5c16a -> 87fbe5b4a5a90e3c915d83933bb7a691
  custom:scripting/monoscript/fileName/CoreDiagnostics.cs: 041dd565425b56b2b823902ba53cfe54 -> 
  custom:scripting/monoscript/fileName/ProjectBindRedirectContentUI.cs: ea393b5b63051e326686665efb7ed1d2 -> 
  custom:scripting/monoscript/fileName/HashExceptions.cs: 0c04f84e29310842caf31699037c2a6f -> 
  custom:scripting/monoscript/fileName/Il2CppEagerStaticClassConstructionAttribute.cs: bfb9943dc4234f8038240348dd8c0237 -> 5ae90a36296d2fe83dd98e9361e907e8
  custom:scripting/monoscript/fileName/IActionScheduler.cs: e5388884c9a263c0b7f149f53626af31 -> 
  custom:scripting/monoscript/fileName/DiagnosticsFactory.cs: 3828493052568497f2ccdc68dea8b14c -> 
  custom:scripting/monoscript/fileName/UnityUserOrganizationsV1.cs: 73dafadd41de13ace6058db610522dcd -> 
  custom:scripting/monoscript/fileName/XmlLinkedProperty.cs: 29784440eed3b7889f0bfe76633cc000 -> 
  custom:scripting/monoscript/fileName/TaskAsyncOperation.cs: deaa3dfd455420a1f0dece4fa000e9b1 -> 
  custom:scripting/monoscript/fileName/Singleton.Gen.cs: 66c389d1e92bc70efd18b5d3b46f6bca -> 
  custom:scripting/precompiled-assembly-types:Unity.Services.Core.Environments.Internal: a94ac62d8b6ab44e5914a671ad4dd355 -> 
  custom:scripting/monoscript/fileName/OrganizationHandler.cs: 8e4686813d139f7c9962131a6d917980 -> 
  custom:scripting/monoscript/fileName/cellular2x2.cs: 910f0614e94a5348f941ea0d56b2c568 -> 2eb29bf877494e27d7b8d68303a33727
  custom:scripting/monoscript/fileName/half.cs: d66ca18b1c3237e0e12e183e1878dc38 -> cf3f2b0bcee127ccdac6d87167bcc406
  custom:scripting/monoscript/fileName/NativeSort.cs: 928f4174a21486fd6ff139d2de03d8ce -> 
  custom:scripting/monoscript/fileName/UnityTransferProjectRequest.cs: 160aa9e78d67107dbad79b2602ea5baf -> 
  custom:scripting/monoscript/fileName/RegisterGenericJobTypeAttribute.cs: 1d60c181f5a8e659e1317e2ca71a691e -> 
  custom:scripting/monoscript/fileName/ConfigurationBuilder.cs: bd1d62f2bf3afb62754531eee8a4e204 -> 
  custom:scripting/monoscript/fileName/EnvironmentView.cs: eacb7d766ee45d9a07ea107dc0c80ac6 -> 
  custom:scripting/monoscript/fileName/AccessTokens.cs: 7f3bd47a4ee3b608248d36969879b607 -> 
  custom:scripting/monoscript/fileName/IUserRoleClient.cs: d3496f158bb376dd3e2c64e54c7c3a7e -> 
  custom:scripting/precompiled-assembly-types:Newtonsoft.Json: a784019f7e79cf0f65e748d41d4ceb44 -> 
  custom:scripting/monoscript/fileName/HttpOptions.cs: 99f08410c8743651b2a8fdf6d32f10c4 -> 
  custom:scripting/precompiled-assembly-types:Unity.Services.Core.Configuration.Editor: 9ec415489f81483910eef61e419cb1d9 -> 
  custom:scripting/monoscript/fileName/UnityOrganizationWithAddressV1.cs: 0255bc6178742cff2a423de9eb51e6a2 -> 
  custom:scripting/monoscript/fileName/IJobParallelForBurstSchedulable.cs: 62a263188bc9cf02c532293c26fa74bb -> 
  custom:CustomObjectIndexerAttribute: 72b91833f83ae208fae7752999fa3104 -> 
  custom:scripting/monoscript/fileName/classicnoise3D.cs: 910f0614e94a5348f941ea0d56b2c568 -> 2eb29bf877494e27d7b8d68303a33727
  custom:scripting/monoscript/fileName/NEON_AArch64_rdma.cs: 27dfd32aeb3aec362855d6a15ae66a4f -> 68ba95faf7f0f0403852fb6af2a2f956
  custom:scripting/monoscript/fileName/ThreadHelper.cs: 1d011737e8133fca1a700a78b9269e43 -> 
  custom:scripting/monoscript/fileName/UserError.cs: e8271dc4b82776e36e2aa534dcd90f5e -> 
  custom:scripting/monoscript/fileName/FunctionPointerInvokeTransform.cs: 78ee86208e709b5fd706a0c77fd5004f -> 87582112a32f635e413c776846ec78de
  custom:scripting/monoscript/fileName/ServicesBehaviour.cs: fc86e18139c2e2cab6df5bf113811eb1 -> 
  custom:scripting/monoscript/fileName/UnityCreateOrganizationRequest.cs: 4cf5c8730ffaa3c5888d236ebc6475fc -> 
  custom:scripting/monoscript/fileName/float2x2.gen.cs: 43554c150c14083eb2313acaa2e78aeb -> f203c6ed52cbda2033cd1859a76ab02f
  custom:scripting/monoscript/fileName/EditorGameServiceSettingsProvider.cs: 2cb6ae4d961883e67f3e282b18d40d94 -> 
  custom:scripting/monoscript/fileName/CecilExtensions.cs: 092e8a73dda2df206baaf95a0d738493 -> 300205ae85edbb88d6c0c35c47681451
  custom:scripting/precompiled-assembly-types:Unity.Services.Core.Configuration: f7859697b434adc89f377c95a9589d8a -> 
  custom:container-demuxer-webm: 4f35f7cbe854078d1ac9338744f61a02 -> 
  custom:scripting/monoscript/fileName/CoreRegistryInitializer.cs: e34ea8cde280e241aa2682bcb33aae4f -> 
  custom:scripting/monoscript/fileName/IEnvironmentProvider.cs: 3109b26c8523241ba567e094603484cc -> 
  custom:scripting/monoscript/fileName/IdentityIOneOf.cs: 29de1876e6381d1376e3875f63eb04e7 -> 
  custom:scripting/monoscript/fileName/BurstDisassembler.Core.x86.info.cs: 924d9993bb4f5055a61b0166f627d3c3 -> b15d06942db1ac71042be253eef84e7f
  custom:scripting/monoscript/fileName/bool2x4.gen.cs: 43766066d40cfe4ff0038faa3bf06406 -> 0202187d1d97b3838c3acec749a94370
  custom:scripting/monoscript/fileName/FixedStringParseMethods.cs: fcdca1abcdc2fd593bd0d11b27b9b2c5 -> 
  custom:scripting/monoscript/fileName/JsonObjectConverter.cs: 38bbb4aa4e7eb125ad2bec69e448a02f -> 
  custom:scripting/monoscript/fileName/UnityWebRequestHelpers.cs: 0394add6a9f301a01222078b29ac0b18 -> 
  custom:scripting/monoscript/fileName/uint2x3.gen.cs: a0bafa71da357e9ffdf41329e0e0b8ab -> dc149d5147f76ef2e3b7b3e87df71cde
  custom:scripting/monoscript/fileName/LockedComponentRegistry.cs: ff7d4cf11049af0d186f2bffab21c5d3 -> 
  custom:scripting/monoscript/fileName/IServiceFactory.Gen.cs: 5696ff4e8140aef57b36c4052f3bfc23 -> 
  custom:scripting/monoscript/fileName/IUserRoleHandler.cs: 33c258d1966d18e84a25c5d4701ea0a4 -> 
  custom:scripting/monoscript/fileName/LoggedOutUiHelper.cs: ded703f4d077a86b901d24f648f694ca -> 
  custom:scripting/monoscript/fileName/MatrixDrawer.cs: 8db100ecc54d49584518b132374bd945 -> 54f407ec7134aa445531b0da7f5e0ded
  custom:scripting/monoscript/fileName/IDeserializable.cs: 16d3138d206e866a34233b134f1222b0 -> 
  custom:scripting/monoscript/fileName/float2x4.gen.cs: 14bf825e2338394967d25657f23195c2 -> 8f6e3792d53a47d3e0816efd26cbabde
  custom:scripting/monoscript/fileName/CollectionBinding.Gen.cs: 90647cc400823b41df847a6cbfc29026 -> 
  custom:scripting/monoscript/fileName/Diagnostics.cs: 310215ddbef3d1759d3801a8f9ab01fa -> 
  custom:scripting/precompiled-assembly-types:Unity.RenderPipelines.Universal.Runtime: b4da6d942b71b4e6ce89ba3d2d2d75bb -> c5166759b6a57e85ad306d514ccfa90f
  custom:scripting/monoscript/fileName/ExceptionHelper.cs: 074ec3a4464566a6e9a1f4db3dfb905f -> 
  custom:scripting/monoscript/fileName/MergedObservableCollection.Gen.cs: 90647cc400823b41df847a6cbfc29026 -> 
  custom:scripting/monoscript/fileName/StatusCodePolicyConfig.cs: a90864f22acd00607534d01b8dae197f -> 
  custom:scripting/monoscript/fileName/ProjectBindRedirectProjectSettingsUi.cs: 07a51e74c57a4053931e01d14a91288e -> 
  custom:scripting/precompiled-assembly-types:Unity.Services.Core.Environments: b07b1f8809421d1b72991502cdcbc5ac -> 
  custom:scripting/monoscript/fileName/IProjectInfo.cs: 2c81b6190195adf1450efd9b8f54de95 -> 
  custom:scripting/monoscript/fileName/StreamingAssetsUtils.cs: 4a501e19e96ab989552681f7cfe95d3b -> 
  custom:scripting/monoscript/fileName/PackageInfoNameComparer.cs: ea0f38f3a3ddb0faa351ccba3098624f -> 
  custom:scripting/monoscript/fileName/UnityWebRequestHelper.cs: 2e5cbc5c38937ccdc5de3700aaa6f529 -> 
  custom:scripting/precompiled-assembly-types:Unity.Services.Core.Analytics: 7e90522691a1ed8cc152d6a40d3f03b4 -> 
  custom:scripting/precompiled-assembly-types:Mono.Cecil: ccd3eb1a29ea76869e665d6c237ddc80 -> 
  custom:scripting/monoscript/fileName/RetryPolicy.cs: e04bb42ac963f6250bc780a051aeca72 -> 
  custom:scripting/monoscript/fileName/IAnalyticsSender.cs: 27ac0f3c61390701fdd3b82b17bedf22 -> 
  custom:scripting/monoscript/fileName/UserRoleHandler.cs: a42f5e4f9979e28831240d76ea709864 -> 
  custom:scripting/monoscript/fileName/AllocatorManager.cs: 38c7b2bd1aa48880a7078890d02430db -> 
  custom:scripting/monoscript/fileName/int2x2.gen.cs: b89550457ed493745cf779e29d833419 -> 63739a46f5092b211c341383068e9d3a
  custom:scripting/monoscript/fileName/IEnvironmentValidator.cs: bdc1089a446560e3518f7ac97786d874 -> 
  custom:scripting/monoscript/fileName/FixedStringAppendMethods.cs: fcdca1abcdc2fd593bd0d11b27b9b2c5 -> 
  custom:scripting/monoscript/fileName/UnityUserGuestProjectV1.cs: 58ac7a8966d050da82ebd9946d7ad9a7 -> 
  custom:scripting/monoscript/fileName/SafeStringArrayHelper.cs: 38e2cda5fcac6d8044d6ce3723202ea5 -> c8d46796c0d02dc9724140077fd6c374
  custom:scripting/monoscript/fileName/ButtonGenerator.cs: 3d3f3475b43f68b35746396a6141d4a1 -> 
  custom:scripting/monoscript/fileName/IsolatedJsonConvert.cs: d399be4ef15efaacaf7758f4b29d410e -> 
  custom:scripting/monoscript/fileName/MappedObservableCollection.Gen.cs: 90647cc400823b41df847a6cbfc29026 -> 
  custom:scripting/monoscript/fileName/IUserIdentifierProvider.cs: dc5eeac839d4cf332ea648a7fdcd39d6 -> 
  custom:scripting/monoscript/fileName/UnityGetOrganizationMembers200Response.cs: 2a3745ba3cf60a91cc07f675b5cfe7f0 -> 
  custom:scripting/monoscript/fileName/FunctionPointer.cs: ea3b19baafd3ebcb60e92f687402237d -> b278ab85034025b7289bef45e0874487
  custom:scripting/precompiled-assembly-types:Unity.Collections.CodeGen: 4967d61b017ec6c1e88a9e176f1d3f19 -> 
  custom:scripting/monoscript/fileName/bool2x3.gen.cs: a73639df76ec913064f3ac91f58b98c5 -> c45708c9bd53a8b7f658164314a10c61
  custom:scripting/monoscript/fileName/CloudEnvironmentConfigProvider.cs: 0d9357504beb82cf1f27ae6c7b6ddec2 -> 
  custom:scripting/monoscript/fileName/IServerAccessToken.cs: 5dfd5eddfcd0cafe1db05f4c334820f7 -> 
  custom:scripting/monoscript/fileName/Sse2.cs: 869deae3083ccfe6b60b2585f9e67560 -> 790f25d56fba1e7a48c0a0766c0ad6a6
  custom:scripting/monoscript/fileName/math.cs: 84897ebc80325b58465d1a856e47c89e -> 3e1f77dfafdda862ef1fdae58189cdb5
  custom:scripting/monoscript/fileName/ProjectInfo.cs: d289d5cd3d7bbcf9a82d73b4aa756d36 -> 
  custom:scripting/monoscript/fileName/double4x3.gen.cs: d5e192211e239db73c016b47e641c333 -> 0f480b77cbe2235a6a07fec4a8104303
  custom:scripting/monoscript/fileName/UnityCreateProjectRequest.cs: 553b660d315929e3419e6a209f9bb6ab -> 
  custom:scripting/monoscript/fileName/BurstPlatformAotSettings.cs: d9c4daff02e435a41bbec9b06ebbdaea -> e55a3d6d232eb892da58dcc30668a0b8
  custom:scripting/monoscript/fileName/BurstMath.cs: a8e238815417f3af4bbd45bfd740da03 -> d94624ee519cab4bff493f67794b1527
  custom:scripting/monoscript/fileName/BurstReflection.cs: afa533733f4dc5137f95c85cb30225b4 -> a904f9b2bf9ba0accae4702e11f47640
  custom:scripting/monoscript/fileName/CameraWalk.cs: 166d4ad3d917a982ce875f5f0a68b26e -> 
  custom:scripting/monoscript/fileName/int3.gen.cs: 9e9f576d507fb3936c89b523e378eb23 -> f3e7aece5ea81aaaacfae8f3b0dbf645
  custom:scripting/monoscript/fileName/UnityEnvironmentV1.cs: 1eea8ffdfb5010d89d3ba557b2d50eab -> 
  custom:scripting/monoscript/fileName/quaternion.cs: 7189ca19bff9611f6da0aa0a9c59bf0b -> 0762c6482396ed4f34408952c0956647
  custom:scripting/monoscript/fileName/ServiceCollection.Gen.cs: ee70a277f1bc1e6641d018ca44380804 -> 
  custom:scripting/monoscript/fileName/float4x4.gen.cs: cccf3207dd639016e8d0fc5b940ce646 -> a5bb36679a244217e37dd9fb5d3d2ed4
  custom:scripting/monoscript/fileName/double3x4.gen.cs: d966fefecbb21e1878e781b6e6eb9bc1 -> d3f6959e28d6480d7d5313a2c890e5a1
  custom:scripting/monoscript/fileName/GatewayTokens.cs: 53270745929a7034c3268a07c13af48c -> 
  custom:scripting/monoscript/fileName/BurstMenu.cs: 814d22383aeaf354b3d01e8753d80cd7 -> ba8f72dcdc01403dc080f70f4b855f19
  custom:scripting/monoscript/fileName/half4.gen.cs: 0f1fcad15aa401d00bc4590770c4f62b -> abea9356568c8480c38dd790db58969d
  custom:scripting/monoscript/fileName/UnsafeParallelMultiHashMap.cs: 0ecf0b5b4a9207402e80b603ad9a119c -> 
  custom:scripting/monoscript/fileName/NativeStream.cs: f901789de80a9ec3530751f3f60eb2f8 -> 
  custom:scripting/precompiled-assembly-types:Unity.Services.Core.Registration: 6ff2c253681b1c95fc4436f661813f21 -> 
  custom:scripting/monoscript/fileName/MethodNotFoundException.Gen.cs: 0dccde8d1181b58956dff819eeec312c -> 
  custom:scripting/monoscript/fileName/MaterialChanger.cs: b35a24e49591189d3950389006c7db39 -> 
  custom:scripting/monoscript/fileName/noise2D.cs: 910f0614e94a5348f941ea0d56b2c568 -> 2eb29bf877494e27d7b8d68303a33727
  custom:scripting/monoscript/fileName/BurstEditorOptions.cs: 49a29b1cc3aae7ee8ad61a5c191ad2a8 -> 9c5afa3a809e97579143a619b525af7f
  custom:scripting/monoscript/fileName/IProjectEditorDrawerFactory.cs: 18c5020e4a357b0471f706a6144cefa8 -> 
  custom:scripting/monoscript/fileName/bool2.gen.cs: 861fe78322050118fc595dc4284cae94 -> 26e96b66e2dc8fbd46eb4ce6284c510a
  custom:scripting/monoscript/fileName/CorePackageRegistry.cs: 3f8b8a1a754bcbf32e1631fc6067b47f -> 
  custom:scripting/monoscript/fileName/UnityOrganizationV1.cs: 202fa32fa70a6d9b0b74b5c00b1b741c -> 
  custom:scripting/monoscript/fileName/IQosResults.cs: b6881487c0f26ab46e2124c1d0e04307 -> 
  custom:scripting/monoscript/fileName/IAccessTokenObserver.cs: b63bda9cbc64f15f0d3427f52571574c -> 
  custom:scripting/monoscript/fileName/IExternalUserId.cs: e86cbc4ee2ec705a01d2d8184f1aa316 -> 
  custom:scripting/monoscript/fileName/NativeParallelHashMap.cs: 0ecf0b5b4a9207402e80b603ad9a119c -> 
  custom:scripting/monoscript/fileName/AssetUtils.cs: f2faf7ad4b4b5b06d49e576afa8ccb42 -> 
  custom:scripting/monoscript/fileName/ServicesInitializationEditor.cs: 9a8da73184df77ef11e2b6fd2f04d32d -> 
  custom:scripting/monoscript/fileName/int3x2.gen.cs: 3102a78c1d8b0f67c6797c0bf649d991 -> 3713def57441460b7d8181bf2ebb068b
  custom:scripting/monoscript/fileName/random.cs: 9095e89a9c9a9233dfc5faa4dc75c33b -> 773187f16d25a3763332e4d0e08067fb
  custom:scripting/monoscript/fileName/IEditorGameServiceAnalyticsSender.cs: 16523e3d16356ae30addab5eaf4685a1 -> 
  custom:scripting/monoscript/fileName/IEnvironmentId.cs: 26e3448d664cf5b5e38101bfbead1ab4 -> 
  custom:scripting/monoscript/fileName/IDiagnostics.cs: 57266d83136060880a8bc854151a2f08 -> 
  custom:scripting/monoscript/fileName/IUnityServices.cs: abc5b758eed1a2c05dfbb253b9cdf1d6 -> 
  custom:scripting/monoscript/fileName/float3x2.gen.cs: 545e8762f0e28e5bb1be1c472fa039dd -> c82cdc670988a624afef0b4a59da9960
  custom:scripting/monoscript/fileName/NativeParallelHashSet.cs: 5e2ab9cfe81e04de31d18dbafae66b8c -> 
  custom:scripting/monoscript/fileName/IScopedServiceProvider.Gen.cs: a3e3117c2208173e411da686f8072dfc -> 
  custom:scripting/monoscript/fileName/PackageRegistry.cs: 084618e5fb4441b39eee335cbd095e50 -> 
  custom:scripting/monoscript/fileName/XmlLinkedAssembly.cs: 997f803bab31374df714b0d6f004c82e -> 
  custom:scripting/monoscript/fileName/int4x2.gen.cs: 06de189ab87954f032d6395001af7bcc -> 03019ae5b6ae2c22f6bcc41f109a6f3f
  custom:scripting/monoscript/fileName/CoreMetrics.cs: ba96eafc8557f10e49a5a2dab28be8c2 -> 
  custom:scripting/monoscript/fileName/ServicesInitializationEvents.cs: 223f9edfffeabcf11135ebfb5e966647 -> 
  custom:scripting/monoscript/fileName/double3.gen.cs: 5154079fb312071cf35601a361004703 -> 377c7acd7948bf71aea5d8cf8236ee9b
  custom:scripting/monoscript/fileName/ServiceFlagRequest.cs: 81cbfe44ade2ec4f46d5579d02db90c8 -> 
  custom:scripting/monoscript/fileName/SkipLocalsInitAttribute.cs: 317e2a89b70357c20342615fd85d0395 -> e4f8d5a888902955673e1ed6a9dfb76a
  custom:scripting/monoscript/fileName/HttpRequest.cs: 32f191459fcac54e96d5c4ad496a3ed5 -> 
  custom:scripting/monoscript/fileName/ValidationResult.cs: 12d4a9b1790e80408d1518f479a1a01f -> 
  custom:scripting/monoscript/fileName/AssumeRangeAttribute.cs: a138805f6c483ab3d42e249817bdf161 -> d3abc900d6b7c73addcf3398d2779a03
  custom:scripting/monoscript/fileName/UnityProjectV1.cs: 33ee54c3546ae8cbce557ab2aca1756e -> 
  custom:scripting/monoscript/fileName/Fma.cs: 76b83bf8a5d0f959f2f96ac2bfe62268 -> 550ccd401d2d76d5e362c6ec284ceeaa
  custom:scripting/monoscript/fileName/ProjectState.cs: 5da9c4bc1768108d8af5cc6cbfdc9de1 -> 
  custom:scripting/monoscript/fileName/UnityServicesInternal.cs: 5ea85354f5b78172e34fac25411fe7cf -> 
  custom:scripting/monoscript/fileName/PreserveDependencyAttribute.cs: 7b33b3b969409f6a38fb0affb51f2db7 -> 
  custom:scripting/monoscript/fileName/IWire.cs: 30c1d87985bae6279501282a5e19ad84 -> 
  custom:scripting/monoscript/fileName/IJobParallelForDefer.cs: e07ef36294e1a6b9a754482355e9fda6 -> 
  custom:scripting/monoscript/fileName/UnityGetEnvironments200Response.cs: 337f99d16b0b96efb2206d69acad4db0 -> 
  custom:scripting/precompiled-assembly-types:Unity.Services.Core.Environments.Editor: af3b9d0f3823f38d1d2cc22aa83bd019 -> 
  custom:scripting/monoscript/fileName/OperatePackageVersionConfigProvider.cs: 67b4bf8d5d449d0353b963ad0e103a72 -> 
  custom:scripting/monoscript/fileName/float2x3.gen.cs: f18325e6146a706cc21256589a35acb7 -> dd8be2164b904b64628efafb474868f4
  custom:scripting/monoscript/fileName/IEnvironmentsApi.cs: 10309d62b29707db950e5d0457e82d84 -> 
  custom:video-encoder-webm-vp8: eb34c28f22e8b96e1ab97ce403110664 -> 
  custom:scripting/monoscript/fileName/Sse4_2.cs: 76b83bf8a5d0f959f2f96ac2bfe62268 -> 550ccd401d2d76d5e362c6ec284ceeaa
  custom:scripting/monoscript/fileName/UserRoleRequest.cs: 8307bdf9d05c66d6ad5318e52408710f -> 
  custom:scripting/monoscript/fileName/TokenExchange.cs: bbd1ed03e8e3970b0887123f043469e1 -> 
  custom:scripting/monoscript/fileName/HttpRequestExtensions.cs: 35b1178ed1fd55cb1029b0abb50d01fc -> 
  custom:scripting/monoscript/fileName/UserRoleClient.cs: 7cb9a24ca4555e83cb355dad138297b5 -> 
  custom:scripting/monoscript/fileName/EnvironmentIdentifier.cs: 39ee00a0ac13884055f18f6371bacd6d -> 
  custom:scripting/monoscript/fileName/EnvironmentsConstants.cs: 24e9760363ef695978ba684e5d610a82 -> 
  custom:scripting/monoscript/fileName/CircularDependencyException.cs: d18ff671dcc1259992ffc320a2699238 -> 
  custom:scripting/monoscript/fileName/IJobParallelForBatch.cs: adecca892a99db28fc24adbe7bd8588e -> 
  custom:scripting/monoscript/fileName/IReadOnlyObservable.Gen.cs: 90647cc400823b41df847a6cbfc29026 -> 
  custom:scripting/monoscript/fileName/ProjectBindRedirectPopupUI.cs: e3fb92bd3ee82c9407053c4d3860bb4f -> 
  custom:scripting/monoscript/fileName/Avx.cs: 869deae3083ccfe6b60b2585f9e67560 -> 790f25d56fba1e7a48c0a0766c0ad6a6
  custom:scripting/monoscript/fileName/ExternalUserId.cs: 838ec18be418bafff07b93f14174c00c -> 
  custom:scripting/monoscript/fileName/LinkFileGenerator.cs: 2f2c64524b5aa89c8b6b768e28de537b -> 2ed47bf5d52f4c1c29dec48f52ce1e5a
  custom:scripting/monoscript/fileName/EnvironmentAnalytics.cs: df86ce352df40dfa102b41458fb9f770 -> 
  custom:scripting/monoscript/fileName/ReadOnlyHttpResponse.cs: cb67b795f50400334c6da0e8ef76361d -> 
  custom:scripting/monoscript/fileName/Ssse3.cs: 869deae3083ccfe6b60b2585f9e67560 -> 790f25d56fba1e7a48c0a0766c0ad6a6
  custom:scripting/monoscript/fileName/ProductionTokenExchangeUrls.cs: d51f7b5f35d9e0171f3c69e63ce67736 -> 
  custom:scripting/monoscript/fileName/double2x4.gen.cs: a9aedae31eab942a01dd81f5ba23ebf4 -> 685c5fa921181be1c5c2624181389ad3
  custom:scripting/monoscript/fileName/IEditorGameServiceEnabler.cs: 9ba91e68464ed1031653bae083d9cbd8 -> 
  custom:scripting/monoscript/fileName/uint4.gen.cs: 51a7f5c759ac89d78a4704a138bbec45 -> 39973cd09553f87c6828ba478621c98d
  custom:scripting/monoscript/fileName/cellular2D.cs: 910f0614e94a5348f941ea0d56b2c568 -> 2eb29bf877494e27d7b8d68303a33727
  custom:scripting/monoscript/fileName/EnvironmentService.cs: 22bbc46856bf7062678eb8e6e54cf9a2 -> 
  custom:scripting/monoscript/fileName/DeserializationException.cs: 76d207fdb77fb9b4f630a482f86ccf1d -> 
  custom:scripting/monoscript/fileName/double2x3.gen.cs: ac0d6fc940b41f658b24853cf23739e5 -> 2fbeb18c538397a8260f5c41cab0741e
  custom:scripting/monoscript/fileName/JsonObject.cs: d338d25a2a0271e9ef24c000c3688ac4 -> b4314edf02dda425962de25e5c3df291
  custom:scripting/monoscript/fileName/HttpException.cs: f6827940c1f3397a3e9f5ed27d96f36c -> 
  custom:scripting/monoscript/fileName/IPackageRegistry.cs: 7ed9d4b5a0ae537ff629f057cfa10e76 -> 
  custom:scripting/precompiled-assembly-types:Mono.Cecil.Pdb: bc7bb29408e7956d980310bdeff8d6a2 -> 
  custom:scripting/monoscript/fileName/noise4D.cs: 910f0614e94a5348f941ea0d56b2c568 -> 2eb29bf877494e27d7b8d68303a33727
  custom:scripting/monoscript/fileName/FixedStringUtils.cs: 114eb023c5774372990da700f8c2456f -> 
  custom:scripting/monoscript/fileName/BurstILPostProcessor.cs: 2a5731aefd677289925bd5cd5c4ff889 -> caa97838ab13c1add4a98ae3f9820b7e
  custom:scripting/monoscript/fileName/IAnalyticsStandardEventComponent.cs: cf50b12809cbeb8dcfefaee612a9c090 -> 
  custom:scripting/monoscript/fileName/NativeBitArray.cs: 744f6e29d77560522710809b14557136 -> 
  custom:scripting/monoscript/fileName/ServiceProvider.Gen.cs: fb28411e62c1911933783faa92ae27e4 -> 
  custom:scripting/monoscript/fileName/EnvironmentServiceExtensions.cs: ac6a6c148393eb9a5f8fb75c98af0cdb -> 
  custom:scripting/monoscript/fileName/xxHash3.StreamingState.cs: 73af6f62e3ccfaecb2c43562b8c60a23 -> 
  custom:scripting/monoscript/fileName/IOrganizationHandler.cs: f8b346f72bb06934d5f47a4eb5bf2f52 -> 
  custom:scripting/monoscript/fileName/CollectionsExamples.cs: 5c3c7e50116fce8e4387bbf68d9603e4 -> 
  custom:scripting/monoscript/fileName/XmlLinkedField.cs: 58331cd1e1b9bc9099ae07f125c40794 -> 
  custom:scripting/monoscript/fileName/common.cs: 910f0614e94a5348f941ea0d56b2c568 -> 2eb29bf877494e27d7b8d68303a33727
  custom:scripting/monoscript/fileName/IRetryPolicy.cs: 39863b88ffafe612940e6739cfece6fc -> 
  custom:scripting/monoscript/fileName/InstallationId.cs: 5a83a3939f92e5bc55c8a90ccbe27d51 -> 
  custom:scripting/monoscript/fileName/uint2x2.gen.cs: 34db4f212de91eba69f70b6af2f41d23 -> ef58eafb69337704525106c30b2f9c86
  custom:scripting/monoscript/fileName/float3x3.gen.cs: 7de503ab17ef781383880adc785d106c -> 48f350102ac697de2455487383306e62
  custom:scripting/monoscript/fileName/BurstCompilerOptions.cs: 90c36f225bcaac40ff330fc8c75284d4 -> 462794c2cc7370a72a60909850bd4bd6
  custom:scripting/monoscript/fileName/float2.gen.cs: ccda4318c59b6be9ac0ec9d903bd32eb -> 6120954cdb3e1af6bb1e798ca56424e4
  custom:scripting/monoscript/fileName/bool3x3.gen.cs: 754b61059993a0b49e4b0f1336d4eca5 -> f3dd982fcc1d0b33ec635c43c306a1b8
  custom:scripting/monoscript/fileName/BurstDisassembler.Core.LLVMIR.info.cs: 924d9993bb4f5055a61b0166f627d3c3 -> b15d06942db1ac71042be253eef84e7f
  custom:scripting/monoscript/fileName/NEON_AArch64_dotprod.cs: 27dfd32aeb3aec362855d6a15ae66a4f -> 68ba95faf7f0f0403852fb6af2a2f956
  custom:scripting/monoscript/fileName/ServiceInstallationListener.cs: 4f550d886426ad05d9cb021f02f3b5c8 -> 
  custom:scripting/monoscript/fileName/NativeParallelHashSetExtensions.gen.cs: 63db070ab3fd6601a2653ee7ef6af335 -> 
  custom:scripting/monoscript/fileName/ConfigurationUtils.cs: e57894058b136700ef3ea680c0b15031 -> 
  custom:scripting/monoscript/fileName/BurstStringSearch.cs: 3c5d5bf3e7cd0a361303b76b832193e1 -> 69d0ecca394873c1593eee16bae2761c
  custom:scripting/monoscript/fileName/double4x2.gen.cs: 84122ae38bb713fba1bd132464694529 -> 530f8410a1ca9a96d8c16e723573cfae
  custom:scripting/monoscript/fileName/PackageConfig.cs: 6c65665380cc70d71f22e981e56d92cf -> 
  custom:scripting/monoscript/fileName/UnityOrganizationMemberV1.cs: 29203c4e087d3ba2203081bd2717405e -> 
  custom:scripting/monoscript/fileName/UnityServices.cs: 53288f4d4ff1211eb125ba005d646505 -> 
  custom:scripting/monoscript/fileName/ObjectController.cs: 044283c40ac33e17fa092d8d2e992738 -> 
  custom:scripting/monoscript/fileName/EditorGameServiceAnalyticsSender.cs: f578bf9cf78d5f56704a18cd36c88f9f -> 
  custom:scripting/monoscript/fileName/IAccessToken.cs: 359704d6f9862ce7f7142f3c9f3827a0 -> 
  custom:scripting/precompiled-assembly-types:Unity.Services.Core.Scheduler: c5a24b90c03f14c29ba6bebda52c3c14 -> 
  custom:scripting/monoscript/fileName/VisualElementHelper.cs: 0b84949c228ae121ca9bc47ce2ce3ccc -> 
  custom:scripting/monoscript/fileName/UnsafeText.cs: 252c4eef6eb1893b89e3a585d7b05a84 -> 
  custom:scripting/monoscript/fileName/IAnalyticsUserId.cs: c2cc7c28fd557b3f55cdf068b0502818 -> 
  custom:scripting/monoscript/fileName/UnityCreateEnvironmentRequest.cs: a9b0f13e8545f9920554463818374956 -> 
  custom:scripting/monoscript/fileName/PrimitiveVectorDrawer.cs: 29686ab5ff7580200bc34657b1e09832 -> 3e4cc385215599322653e09117c642ee
  custom:scripting/monoscript/fileName/ServiceFlagEndpoint.cs: 95ebbb4e72d70a377056cbf3d7a7020c -> 
  custom:scripting/monoscript/fileName/Sse4_1.cs: 869deae3083ccfe6b60b2585f9e67560 -> 790f25d56fba1e7a48c0a0766c0ad6a6
  custom:scripting/monoscript/fileName/EventBinding.Gen.cs: 90647cc400823b41df847a6cbfc29026 -> 
  custom:scripting/monoscript/fileName/CollectionHelper.cs: f2f5ea727aa85849eaae278bca48a36c -> 
  custom:scripting/monoscript/fileName/ICloudEnvironmentConfigurationProvider.cs: e191e2329b4561db479ad48b7fffb5d7 -> 
  custom:scripting/monoscript/fileName/ILPostProcessing.cs: 2c5fdb336ed93343a2a75af3484ca5a1 -> bf24e0d53d12752a069f04d5a4bfdf42
========================================================================
Received Prepare
Caller must complete domain reload
Begin MonoManager ReloadAssembly
Symbol file LoadedFromMemory is not a mono symbol file
- Loaded All Assemblies, in  0.611 seconds
Native extension for WindowsStandalone target not found
Mono: successfully reloaded assembly
- Finished resetting the current domain, in  1.950 seconds
Domain Reload Profiling: 2559ms
	BeginReloadAssembly (232ms)
		ExecutionOrderSort (0ms)
		DisableScriptedObjects (62ms)
		BackupInstance (0ms)
		ReleaseScriptingObjects (0ms)
		CreateAndSetChildDomain (52ms)
	RebuildCommonClasses (27ms)
	RebuildNativeTypeToScriptingClass (9ms)
	initialDomainReloadingComplete (27ms)
	LoadAllAssembliesAndSetupDomain (312ms)
		LoadAssemblies (357ms)
		RebuildTransferFunctionScriptingTraits (0ms)
		AnalyzeDomain (24ms)
			TypeCache.Refresh (7ms)
				TypeCache.ScanAssembly (0ms)
			ScanForSourceGeneratedMonoScriptInfo (0ms)
			ResolveRequiredComponents (14ms)
	FinalizeReload (1951ms)
		ReleaseScriptCaches (0ms)
		RebuildScriptCaches (0ms)
		SetupLoadedEditorAssemblies (947ms)
			LogAssemblyErrors (0ms)
			InitializePlatformSupportModulesInManaged (9ms)
			SetLoadedEditorAssemblies (10ms)
			RefreshPlugins (0ms)
			BeforeProcessingInitializeOnLoad (161ms)
			ProcessInitializeOnLoadAttributes (613ms)
			ProcessInitializeOnLoadMethodAttributes (143ms)
			AfterProcessingInitializeOnLoad (10ms)
			EditorAssembliesLoaded (1ms)
		ExecutionOrderSort2 (0ms)
		AwakeInstancesAfterBackupRestoration (10ms)
Refreshing native plugins compatible for Editor in 6.24 ms, found 3 plugins.
Preloading 0 native plugins for Editor in 0.00 ms.
Unloading 6357 Unused Serialized files (Serialized files now loaded: 0)
Unloading 71 unused Assets / (10.2 MB). Loaded Objects now: 7091.
Memory consumption went from 327.4 MB to 317.2 MB.
Total: 17.268500 ms (FindLiveObjects: 1.114400 ms CreateObjectMapping: 0.366100 ms MarkObjects: 6.668200 ms  DeleteObjects: 9.118000 ms)

Prepare: number of updated asset objects reloaded= 0
AssetImportParameters requested are different than current active one (requested -> active):
  custom:scripting/monoscript/fileName/Common.cs: c99d37a639876d15830bc1b4d2b2c424 -> 6ffc11e45ee8ab7a7d4178988978e63b
  custom:scripting/monoscript/fileName/uint3x3.gen.cs: 46f89d8a7f81b6035a7e26991fbc72e8 -> b354ea0e62ee3ca695eba400f73bf8a2
  custom:scripting/monoscript/fileName/Deprecated.cs: 180098a5fc2065d0380e32e2b952eebe -> c490571978d72951839b06a2825608d2
  custom:scripting/monoscript/fileName/BurstDisassembler.Core.Wasm.info.cs: 924d9993bb4f5055a61b0166f627d3c3 -> b15d06942db1ac71042be253eef84e7f
  custom:scripting/monoscript/fileName/DependencyTreeExceptions.cs: 8d717c8797566529cf594f9aab3c0409 -> 
  custom:scripting/monoscript/fileName/IDiagnosticsComponentProvider.cs: dbeac349f8c5591a0ab13c5e6354061e -> 
  custom:scripting/monoscript/fileName/Factories.Gen.cs: c9550e2a227c017a16a3e473be870754 -> 
  custom:scripting/monoscript/fileName/CloudProjectId.cs: 61b53512fd04ee0daa00dda45457438b -> 
  custom:scripting/monoscript/fileName/FixedList.gen.cs: 61852e4544d489e0d5903eb98b98e308 -> 
  custom:scripting/monoscript/fileName/IServiceRegistry.cs: 27b0be3a7d5fbabc2f8cff0f28316b4a -> 
  custom:scripting/monoscript/fileName/JobsILPostProcessor.cs: 3f303034a10abbfb33aebc2c253ab939 -> 
  custom:scripting/monoscript/fileName/SerializableProjectConfiguration.cs: 8d2aa3b56842beb1ee3e05f5a4e2f3c4 -> 
  custom:scripting/monoscript/fileName/BurstInspectorGUI.cs: bb274962adeb3b63c0ef4f58eeb3acfe -> 3b3371d5330c1720f59a915caa210691
  custom:scripting/monoscript/fileName/affine_transform.cs: ea7249476585feff13aa54bd2ccb69b0 -> 
  custom:scripting/monoscript/fileName/Aliasing.cs: 68567cebb1d169ce4f21a31c20f47d47 -> fa54b7e36cebab64c6f4b438ce5bbbb0
  custom:scripting/monoscript/fileName/uint4x4.gen.cs: 4b02c6eee0f00ce1a388bc44dd5ccc7c -> 7732c53bd697b7eb03dd735297da0fc1
  custom:scripting/monoscript/fileName/IServiceComponent.cs: 56d2b4986149318278267c2a2e499b7e -> 
  custom:container-demuxer-ogg: 62fdf1f143b41e24485cea50d1cbac27 -> 
  custom:scripting/monoscript/fileName/CommonErrorCodes.cs: 75f302fd69f29841b35f2306c97082ed -> 
  custom:scripting/monoscript/fileName/v64.cs: b639be1f4e5230c67c23ecfceaa8a8e2 -> 73e2a46ccd31f5cae0a785e2a9658313
  custom:scripting/monoscript/fileName/IChannelTokenProvider.cs: d41d74d962184eab5928b0b3bdda1ee9 -> 
  custom:scripting/monoscript/fileName/EditorGameServiceRegistry.cs: 0265fd85a62bd33c32f256257ebc576f -> 
  custom:scripting/monoscript/fileName/AnimatorControl.cs: d0195373254ff4a69e1025a91456aac0 -> 
  custom:scripting/monoscript/fileName/BurstDisassembler.Core.x86.cs: 924d9993bb4f5055a61b0166f627d3c3 -> b15d06942db1ac71042be253eef84e7f
  custom:scripting/monoscript/fileName/ProgressBar.Gen.cs: 09dcf9975c3de3bc94763c35db49d364 -> 
  custom:scripting/monoscript/fileName/ResponseHandler.cs: d3309722a6b35e47fbfcd01d3512a138 -> 
  custom:scripting/monoscript/fileName/LockedServiceRegistry.cs: ea77a1a45ffb4a9bcd250cb8233d16f9 -> 
  custom:scripting/monoscript/fileName/BurstDisassembler.Core.LLVMIR.cs: 924d9993bb4f5055a61b0166f627d3c3 -> b15d06942db1ac71042be253eef84e7f
  custom:scripting/monoscript/fileName/CoreLogger.cs: 1639b74467b5a585128e7c7cefe73635 -> 
  custom:scripting/monoscript/fileName/ExternalUserIdProperty.cs: e9524414c13dc2d0db279d48f3b164ab -> 
  custom:scripting/monoscript/fileName/DisabledMetrics.cs: bbb9bc05cfe10f1818b0676306a0b1b1 -> 
  custom:scripting/monoscript/fileName/SimdDebugViews.cs: 2a56730788f7babcb1e54d28fd040417 -> ee065a215655effb5244eeef3e220fd7
  custom:scripting/monoscript/fileName/VisibilityPropertyDrawer.cs: 70b7b4d25eb9ea5fda3178a1b5e85242 -> 
  custom:scripting/monoscript/fileName/DisabledMetricsFactory.cs: 358d9e7c090aa1eaa30e6a5f02610459 -> 
  custom:scripting/monoscript/fileName/SettingsCommonHeaderUiHelper.cs: 394582b395d6aebbb1e6e49abf6a1645 -> 
  custom:scripting/monoscript/fileName/IEditorAnalyticsEventRegistrant.cs: c4a0f7089b5b21ceafb7834c915d762f -> 
  custom:scripting/monoscript/fileName/BurstDisassembler.Core.ARM64.cs: 924d9993bb4f5055a61b0166f627d3c3 -> b15d06942db1ac71042be253eef84e7f
  custom:scripting/monoscript/fileName/IJsonSerializer.cs: 952e0b7cbb25051b8e0e85eda2a653c8 -> 
  custom:scripting/precompiled-assembly-types:Unity.Services.Core.Internal: c96c928c37d481d9497b4d4112bb56c7 -> 
  custom:scripting/monoscript/fileName/HttpClientResponse.cs: 9313baa475ddca44cec07c4995e4adab -> 
  custom:scripting/monoscript/fileName/XmlLinkedEvent.cs: efe4e7e159b94963c650fb293df0f9ff -> 
  custom:scripting/precompiled-assembly-types:Unity.Burst.Editor: 9700c786cdfeaf9f4017c0c1ac262b4c -> 1bb453082d9d949b60d566d3187c97d1
  custom:scripting/monoscript/fileName/AsyncOpRetry.cs: 7d4b426ab21943de744ee7f413070273 -> 
  custom:scripting/monoscript/fileName/Bmi1.cs: 869deae3083ccfe6b60b2585f9e67560 -> 790f25d56fba1e7a48c0a0766c0ad6a6
  custom:scripting/monoscript/fileName/IUserRoleRequest.cs: ccc5b229323b6e9c080254df6d4b51cb -> 
  custom:scripting/monoscript/fileName/DependencyTreeExtensions.cs: 63e3c71f0d430a351e6159f69f0a0682 -> 
  custom:scripting/monoscript/fileName/UnityThreadUtils.cs: 6f10d79f183f36877232e308ffa4d195 -> 
  custom:scripting/monoscript/fileName/Notifications.Gen.cs: 0b77852ac67d3ab84f489a2ddbdf8168 -> 
  custom:scripting/precompiled-assembly-types:Unity.Services.Core.Components: b1235f9078edc76fe980fa236b46b6b1 -> 
  custom:scripting/monoscript/fileName/EnvironmentsApi.cs: d5d1f45bf03abd7dd2f469acfd3b5bcb -> 
  custom:scripting/monoscript/fileName/BurstDisassembler.Core.cs: b3b080d760b6a18b7cf0870b47190ba9 -> e5f812d5efcd2a5c78433604ae4d6b38
  custom:scripting/monoscript/fileName/EnvironmentsOptionsExtensions.cs: 1e2776231b4e06a0e9b293a3623d643e -> 
  custom:scripting/monoscript/fileName/IServerEnvironmentId.cs: fff64b157cd649d3d948016718fba14e -> 
  custom:scripting/monoscript/fileName/ProjectStateRequest.cs: 6ba5b48af1466d2a4dbb6e908352d7c6 -> 
  custom:scripting/monoscript/fileName/ProjectBindRedirectPopupWindow.cs: 03988f1b5263bdfb55c00f001c224465 -> 
  custom:scripting/monoscript/fileName/bool4.gen.cs: 89d5db5b25176f8ce2b31291a8fcf567 -> ca7c0171e1585aef1c2900b66db0977a
  custom:scripting/monoscript/fileName/IEnvironmentSaveSystem.cs: 8319bf770542e6764e5512ea06d2b015 -> 
  custom:scripting/monoscript/fileName/OrganizationProvider.cs: f2089b4351294d4815b134a51aba3d17 -> 
  custom:scripting/monoscript/fileName/UnsafeUtilityEx.cs: 51fdf80e1733ea661389b0969168e4eb -> 
  custom:scripting/monoscript/fileName/BaseApiClient.cs: 8db05afd887e7e24cdb4782d155e924b -> 
  custom:scripting/monoscript/fileName/TypeAlreadyRegisteredException.Gen.cs: f78f490406edcce398401642789c4f0d -> 
  custom:scripting/monoscript/fileName/IAsyncOperationAwaiter.cs: 4e390262389eabe5476a62852a905252 -> 
  custom:scripting/monoscript/fileName/ProjectStateHelper.cs: a377430869822a008fcaab13302eb7b2 -> 
  custom:scripting/monoscript/fileName/UnityGetUserGuestProjects200Response.cs: 101aa8e271472b02f3ae37c6ca9da3cb -> 
  custom:scripting/monoscript/fileName/BurstLoader.cs: 36ef27b2f68a2283d382cc41e77edbfa -> ff77f8ae1ba38c1e7af1923752743ddf
  custom:scripting/monoscript/fileName/float4x3.gen.cs: 5e75d4a49b27c7bfdc5d24ca328726c6 -> 82da2e74a1c9948cc673acd7425c23e5
  custom:scripting/monoscript/fileName/float3x4.gen.cs: e028949e7cd389a54d6b8ef7c0e4a804 -> f425eda36f0a9a6a9785ce693ab31c65
  custom:scripting/monoscript/fileName/math_unity_conversion.cs: a14c20536b1fc0611d8629220aec8be2 -> 717272b42fdbca1935830b3071b2da3c
  custom:scripting/monoscript/fileName/UnityWebRequestClient.cs: 171ccf79c76240837e46a8b79f973b6e -> 
  custom:framework-win-MediaFoundation: 216162199b28c13a410421893ffa2e32 -> 
  custom:scripting/monoscript/fileName/AbstractRuntimeServices.Gen.cs: 90647cc400823b41df847a6cbfc29026 -> 
  custom:scripting/monoscript/fileName/EnvironmentInfo.cs: 78a754ae7b45de5c0f5a2d3aef9c92f6 -> 
  custom:scripting/monoscript/fileName/BiperworksRebinder.cs: 61b04674de1e8bfd471eb2a0a6898f66 -> 
  custom:scripting/monoscript/fileName/MemoryConfigurationLoader.cs: e1621a8e05504bfbe89a438b0282bf97 -> 
  custom:scripting/precompiled-assembly-types:Unity.Collections.DocCodeSamples: 03aa084d3d803b6434d3a19bd4efa989 -> 
  custom:scripting/monoscript/fileName/NoAliasAttribute.cs: f143c4ee756cdb81705ae157ea796156 -> 47e40919f04b49dc8701e6216f1351d4
  custom:scripting/monoscript/fileName/ButtonSpriteChange.cs: f81566204edf300bef5d8ea1b1176cc1 -> 
  custom:scripting/monoscript/fileName/UnsafeParallelHashSetExtensions.gen.cs: 08ce05b79144f37e3fa725c81fe15267 -> 
  custom:scripting/monoscript/fileName/UTF8ArrayUnsafeUtility.cs: 98dd75294b6f494d8648143302130ee6 -> 
  custom:scripting/monoscript/fileName/StagingTokenExchangeUrls.cs: 7ddebca8557e1d6e23849e5e07df2296 -> 
  custom:scripting/monoscript/fileName/DeserializationSettings.cs: 1061b12039666d7d981cfe68ebb1982d -> 
  custom:scripting/monoscript/fileName/bool3x2.gen.cs: 7f2024bb8e107c3b85f93e6847f677c0 -> 6ad67e842e9f001f4905675e041c0394
  custom:scripting/monoscript/fileName/IProjectConfiguration.cs: 9794b060b4360e9cc39456a13bf716cc -> 
  custom:scripting/monoscript/fileName/EarlyInitHelpers.cs: 83f2ef803587502aa43a764bfaff3766 -> 
  custom:scripting/monoscript/fileName/IDiagnosticsFactory.cs: 8a3a37fd862b7581b4621716ed14b18e -> 
  custom:scripting/monoscript/fileName/half2.gen.cs: 7816131b273dfbe62c7a27c74161c262 -> a6f90a50ab057fcfbb93f80dff9467ec
  custom:scripting/monoscript/fileName/IServiceFlagRequest.cs: b3a0a6e65e5600f2006d43595e9e07b1 -> 
  custom:scripting/monoscript/fileName/FixedStringFormat.gen.cs: bee80dd64417b695a3ab4edd137d6566 -> 
  custom:scripting/monoscript/fileName/ConfigurationEntry.cs: c1ed8586c7c9df05d945744b24303784 -> 
  custom:scripting/monoscript/fileName/v128.cs: 117d41d4706f1df0b65a9e2453bf6a48 -> e021cba7e9c369437e29248cab7adb92
  custom:scripting/monoscript/fileName/FileSystem.cs: ab92d4d8629b2af54c3a35102bd12cc4 -> 
  custom:scripting/monoscript/fileName/XmlLinkedMember.cs: 83ebbc44b07d4de0b62121c7811a18b1 -> 
  custom:scripting/precompiled-assembly-types:Unity.Services.Core.Device: 63b48da9c583ff24a0dde69e3097501c -> 
  custom:scripting/monoscript/fileName/Unicode.cs: f97bf556b0d99c0ed9d5ebf00a173353 -> 
  custom:scripting/monoscript/fileName/SharedStatic.cs: 74550ff9370ca87319b80787c2203d8d -> f05c0e41a9966bdff75df2ec1c0154e3
  custom:scripting/monoscript/fileName/JsonWebToken.cs: 576840f242d675d41e4a3e0094ff62a5 -> 
  custom:scripting/monoscript/fileName/IEditorGameServiceIdentifier.cs: a0ceaf826ce6fd5a1bb279e1579a965f -> 
  custom:scripting/monoscript/fileName/OfflineUiHelper.cs: 74f5179e6468b11d72cd60998e0c725b -> 
  custom:scripting/monoscript/fileName/DoubleObjectController.cs: 761223e234bd9a8b8163cedfa92ac097 -> 
  custom:scripting/monoscript/fileName/Sse3.cs: 869deae3083ccfe6b60b2585f9e67560 -> 790f25d56fba1e7a48c0a0766c0ad6a6
  custom:scripting/monoscript/fileName/noise3Dgrad.cs: 910f0614e94a5348f941ea0d56b2c568 -> 2eb29bf877494e27d7b8d68303a33727
  custom:scripting/monoscript/fileName/BurstDisassembler.Core.ARM64.info.cs: 924d9993bb4f5055a61b0166f627d3c3 -> b15d06942db1ac71042be253eef84e7f
  custom:scripting/monoscript/fileName/bool4x2.gen.cs: 586d6e84a82661c406c0747e29931ce1 -> 5e92d30f937bc7e4e4a07b2b81c06b27
  custom:scripting/monoscript/fileName/AsyncOperationAwaiter.cs: ddd9d932eca2ff6dc550c174a68fdc5b -> 
  custom:scripting/monoscript/fileName/Plane.cs: c32fcb4d635f10949ba9a2b53f7d21ec -> 69547098044c0683a5ff9d9b8674a0ba
  custom:scripting/monoscript/fileName/UnsafeAppendBuffer.cs: 5a9572fb3414d7d386993b9deda40896 -> 
  custom:scripting/monoscript/fileName/UnityServicesInitializer.cs: fa9a608355e48120534d684af5f04612 -> 
  custom:scripting/monoscript/fileName/ActionSchedulerCleaner.cs: 1750f9737ba65c8b5f441e824f90784f -> 
  custom:scripting/monoscript/fileName/MinMaxAABB.cs: 99b6b3f339a5e250751ae4f780607d7a -> 87e440667b74c17b186d7505988d93e6
  custom:scripting/monoscript/fileName/ProjectConfiguration.cs: b6a00bb7bd3df2a451321f73e7cb7141 -> 
  custom:scripting/monoscript/fileName/NativeParallelMultiHashMap.cs: 1e38321ac54bf0ebd0ddc433f96b1d0e -> 
  custom:scripting/monoscript/fileName/double2x2.gen.cs: 1175e86c851890dc199d0e88708ffccb -> 1b24b88380b01d73274245c8a3f891ca
  custom:scripting/monoscript/fileName/UnsafeBitArray.cs: be9a302f17ebba9c8bfe6d9fc79836b3 -> 
  custom:scripting/monoscript/fileName/v256.cs: cc278cab80741b277f80e482a2e6740b -> 47c636eb6f790c9afbde51106c5c5b53
  custom:scripting/monoscript/fileName/Sync.Gen.cs: ac834b133bcd24c6292144f8ec2fc479 -> 
  custom:scripting/monoscript/fileName/EnvironmentConfigProvider.cs: cadac2235852654a9596b0eac1628eac -> 
  custom:scripting/monoscript/fileName/Csr.cs: 869deae3083ccfe6b60b2585f9e67560 -> 790f25d56fba1e7a48c0a0766c0ad6a6
  custom:scripting/precompiled-assembly-types:Mono.Cecil.Rocks: d98f994105b32bbc8f98a0bab029ed34 -> 
  custom:scripting/monoscript/fileName/NewtonsoftSerializer.cs: 455e87e74f7c4ce7bdb201550b0ccccf -> 
  custom:scripting/monoscript/fileName/AccessTokenErrorUiHelper.cs: 398831acfad9119e6105671c7f2d98b3 -> 
  custom:scripting/monoscript/fileName/ServiceUrlBuilder.cs: 75f301a24c4e4d38116d1a1c11631963 -> 
  custom:scripting/monoscript/fileName/LockedPackageRegistry.cs: 99e3472ea654b46f01a9dea3a90719dd -> 
  custom:scripting/monoscript/fileName/HttpResponse.cs: fe56c84be580f48ba5f6047136e2cf67 -> 
  custom:scripting/monoscript/fileName/ProjectConfigurationBuildInjectorWithPlayerProcessor.cs: bfe4c2bc0cd0ee036e60e1bfa30dda8a -> 
  custom:scripting/monoscript/fileName/GenericContext.cs: 382a922cd4d3f0ca6cf18c02fb0e5430 -> 91513e0bd2facda2d12405e8de8d8a9b
  custom:scripting/monoscript/fileName/IServiceUrlBuilder.cs: 13be638527219a0b32af6fd5c7433f19 -> 
  custom:scripting/monoscript/fileName/classicnoise4D.cs: 910f0614e94a5348f941ea0d56b2c568 -> 2eb29bf877494e27d7b8d68303a33727
  custom:scripting/monoscript/fileName/int4x3.gen.cs: 67f76716aed15a7705ce52ae92c6a128 -> 8504016f71ab8b36158b7cb8a5461a8b
  custom:scripting/monoscript/fileName/IEnvironmentAnalytics.cs: c2ab3518cf2897a2ac4cf87258f13731 -> 
  custom:scripting/monoscript/fileName/classicnoise2D.cs: 910f0614e94a5348f941ea0d56b2c568 -> 2eb29bf877494e27d7b8d68303a33727
  custom:scripting/monoscript/fileName/NEON_AArch64.cs: 27dfd32aeb3aec362855d6a15ae66a4f -> 68ba95faf7f0f0403852fb6af2a2f956
  custom:scripting/precompiled-assembly-types:Unity.Collections.BurstCompatibilityGen: d26056d813c945132a21ff9f8750c98e -> 
  custom:scripting/precompiled-assembly-types:Unity.RenderPipelines.Core.Editor: bb05a4b341bab765164189ba57a3b64d -> f8860ff5929cb85b004a64116af8e0c7
  custom:scripting/monoscript/fileName/JobReflectionDataPostProcessor.cs: e1f319111c11d6198fa53d79b59ba6d0 -> 
  custom:scripting/monoscript/fileName/Hint.cs: 73569c0368c38045b2f569420e45a0a1 -> 35c736c413c7f058326ce656dfcde31e
  custom:scripting/monoscript/fileName/BurstRuntime.cs: da2dbf1247f62950b565aeade2339490 -> dd1cc6bb42ddae27b5305860068dfb8c
  custom:scripting/monoscript/fileName/MinimumBinaryHeap.cs: 58e2f67451a6dd12649c5819616167df -> 
  custom:scripting/monoscript/fileName/xxHash3.AVX2.cs: bbc99b1bfd2f994ebd53a189bfb34bc9 -> 
  custom:scripting/monoscript/fileName/ModelBinding.Gen.cs: 90647cc400823b41df847a6cbfc29026 -> 
  custom:scripting/monoscript/fileName/matrix.gen.cs: 1fc7e9a9978c6bc6327a2ef3562b3b82 -> 8040951fec6b586df3a34908a47f7536
  custom:scripting/monoscript/fileName/DependencyNotFoundException.Gen.cs: b85b8fa51199029c7dffa67f92fbcb8c -> 
  custom:scripting/monoscript/fileName/IInitializablePackageV2.cs: aa06fccc5712784ca17e5e7b41810911 -> 
  custom:scripting/monoscript/fileName/PostNormalizedVectorDrawer.cs: bcc5a130e288cb1ea7e6214244bd90aa -> 1e9cc5a1d5ea64a4691d9edff2f31467
  custom:scripting/monoscript/fileName/UnsafeStream.cs: 256399a9cf220f56a541766f1fe0b55f -> 
  custom:scripting/monoscript/fileName/int2x4.gen.cs: 19df88eae659245962107924a4f8beb4 -> 5edaa4c8e18b723d836f4e66d7a2ad24
  custom:scripting/monoscript/fileName/AdminApiHeaders.Gen.cs: 90647cc400823b41df847a6cbfc29026 -> 
  custom:scripting/monoscript/fileName/UnityThreadUtilsInternal.cs: db907031b91c05c00109dd0308888529 -> 
  custom:scripting/monoscript/fileName/double2.gen.cs: 6d6f846a6947f4edc6c86aae983cab7a -> 9fcc709faf542a3c28101e289489d3c3
  custom:scripting/monoscript/fileName/HttpClient.cs: 6f589aa53e23fc30613c9de6ca38fe21 -> 
  custom:scripting/monoscript/fileName/bool2x2.gen.cs: 9f5ba9e667296230e5a7dd8098d86f1e -> 4649c574bdda23c59b5d49d1b662bc61
  custom:scripting/monoscript/fileName/uint3x2.gen.cs: cb5adb59636d29fe64c2a59690629fe9 -> e9ed99b7eae876425b9236af5d545e3a
  custom:scripting/monoscript/fileName/UnityPatchProjectV1Request.cs: c6a39576d362d5719b8c0057b54f465b -> 
  custom:scripting/precompiled-assembly-types:Unity.Mathematics: b00366944e6a3b525e034d31ff80169e -> eda48956a0bece48f802264722748d9b
  custom:scripting/monoscript/fileName/ServicesCreationException.cs: 40142800771fcc1f5855193d741c129e -> 
  custom:scripting/monoscript/fileName/HeapString.gen.cs: 2f8bea3137363b1eadd89d8db8473288 -> 
  custom:scripting/monoscript/fileName/IEnvironmentFetcher.cs: 4324c744baa655843f8a2db18e322b79 -> 
  custom:scripting/monoscript/fileName/ITokenExchangeUrls.cs: f529e59149e9ccc31fc5b827b34c33db -> 
  custom:scripting/monoscript/fileName/UnsafeParallelHashSet.cs: 5e2ab9cfe81e04de31d18dbafae66b8c -> 
  custom:scripting/monoscript/fileName/uint3.gen.cs: 07250d494d70da63323c03829a109a7b -> 2439c557987b3f1dafd36143ddfb8c40
  custom:scripting/precompiled-assembly-types:Unity.Services.Core.Threading: ca5820d3037e7034a063518fa47775e2 -> 
  custom:scripting/monoscript/fileName/double4x4.gen.cs: c712f0479a2da80505c5f34004582140 -> d67599d4a9300cb241e4695cd70324ae
  custom:scripting/monoscript/fileName/ReadOnlyHttpRequest.cs: 8ed1e96527aeaf3049f26baaeff0902d -> 
  custom:scripting/monoscript/fileName/UnsafeParallelHashMap.cs: 8c2ef7a027d6725f567219b8c50f247e -> 
  custom:scripting/monoscript/fileName/BurstDisassembler.Core.Wasm.cs: 924d9993bb4f5055a61b0166f627d3c3 -> b15d06942db1ac71042be253eef84e7f
  custom:container-muxer-webm: aa71ff27fc2769a1b78a27578f13a17b -> 
  custom:scripting/monoscript/fileName/LabeledPopup.cs: aaac60160bcf5911cfd22427e122285e -> 87f082da9aa2abffd22a5b3019d4e188
  custom:scripting/monoscript/fileName/VisibilityAttribute.cs: 49e798b1c498546f09244503349891b2 -> 
  custom:scripting/monoscript/fileName/ActionScheduler.cs: 4b3a1bee28d6ab276113779464cd5e1f -> 
  custom:scripting/monoscript/fileName/BurstDisassembler.cs: 5af3bf689b9a2f927160aa1f9ee98cdd -> d51fb062bede2b9ca5d97ccc2e501c19
  custom:video-decoder-webm-vp8: 9c59270c3fd7afecdb556c50c9e8de78 -> 
  custom:scripting/monoscript/fileName/EnvironmentSettingsProvider.cs: 237263cbc2f115c0b90b2c3fc83a1110 -> 
  custom:scripting/monoscript/fileName/UnityUpdateOrganizationRequest.cs: c81a99780bba7daac8cc2c5dac469fe1 -> 
  custom:scripting/monoscript/fileName/float3.gen.cs: d2a3af208755cfe0205a5add4cbf782b -> 61e461104f30d07064c299c5ac2c9a3e
  custom:scripting/monoscript/fileName/BurstCompileTarget.cs: 47adecc05bc5bde9cd2b85670fa94f8b -> 5a1d233d747b0d562e7d5017bb80886e
  custom:scripting/precompiled-assembly-types:Unity.Services.Core.Editor: 2ce628c64b79eaab06a757513fdb9c3f -> 
  custom:scripting/monoscript/fileName/UnityAdsIdentifier.cs: 6666e4d931c1a681dcee861ce8dc56a2 -> 
  custom:scripting/monoscript/fileName/RetryPolicyConfig.cs: 533d36c1df5475ce177f07fcbfd5c545 -> 
  custom:scripting/monoscript/fileName/Constant.cs: 56e49c7e9d6abbdcb72cf45bc4184613 -> 9503cddf79e2a3fdeab51cc0257c4da1
  custom:scripting/monoscript/fileName/EnvironmentValidator.cs: 08b5a9dc48dd22c719e1975ef1db1683 -> 
  custom:scripting/monoscript/fileName/NEON_ctor.cs: 27dfd32aeb3aec362855d6a15ae66a4f -> 68ba95faf7f0f0403852fb6af2a2f956
  custom:scripting/monoscript/fileName/JobsMenu.cs: 2df7b5d475c31ebab4767437c73f47f4 -> 
  custom:scripting/monoscript/fileName/FixedStringFormatMethods.gen.cs: fcdca1abcdc2fd593bd0d11b27b9b2c5 -> 
  custom:scripting/monoscript/fileName/ProjectConfigurationBuilder.cs: 3a77bc00f860533701242ca98886ca86 -> 
  custom:scripting/monoscript/fileName/IAccessTokens.cs: 3e3094814f4dba04dfbc3053655e6598 -> 
  custom:scripting/monoscript/fileName/UserRoleRequestUiHelper.cs: a99a899edbebc06ce30ec51f79ff566a -> 
  custom:scripting/monoscript/fileName/int3x3.gen.cs: 8da9d8d1067461c55dbf4fa0f6b692cf -> dc1405f0f1704a2ec1efb4946b5d5f85
  custom:scripting/monoscript/fileName/UtcTimeProvider.cs: 34e00235b689057dfe7c5f53347158ea -> 
  custom:scripting/monoscript/fileName/int4x4.gen.cs: 0e76084ebee4c8312f336ff84d58a04c -> e1c5029dddb71a1513ebdf470db7528e
  custom:scripting/monoscript/fileName/RewindableAllocator.cs: ff203a8232e03cdb6b2db057c0882a0f -> 
  custom:SearchIndexIgnoredProperties: e643bd26f0fe6173181afceb89e7c659 -> 
  custom:scripting/monoscript/fileName/bool4x3.gen.cs: fe90c06e5cec5b26385f16e64919351e -> 3b9b4adbcec8eec926ee3ca5bd1a9e49
  custom:scripting/monoscript/fileName/SystemEnvironmentPathUtils.Gen.cs: 9f60a7d4b8edfd5e67c66c89eee984df -> 
  custom:AudioImporter_EditorPlatform: d09bf68614088b80899f8185d706f6e7 -> 
  custom:scripting/monoscript/fileName/EnvironmentsApiInternal.cs: ddda38a23193b92419a4176f3ffd04a7 -> 
  custom:scripting/monoscript/fileName/EditorGameServiceAnalyticData.cs: 0fc6f3bf04cc7c89fce9a2c7c7ab285b -> 
  custom:scripting/monoscript/fileName/ConstructorNotFoundException.Gen.cs: d5eeea08ebee99ae8f097d0f6c2b88b0 -> 
  custom:scripting/monoscript/fileName/EnvironmentServiceRegistry.cs: 87c6dee4ea55850e884c48687d120061 -> 
  custom:scripting/monoscript/fileName/AccessTokensSingleton.cs: ed21a5edcf5821a4e4c3f640d88a8890 -> 
  custom:scripting/monoscript/fileName/IoUtils.cs: 407719a7637f4a4931cf4ba6f0c431e9 -> 
  custom:scripting/monoscript/fileName/IgnoreWarningAttribute.cs: 0d7229169d4125415775d3108e0f5f3f -> 95b6772ff35299aa9927da5e6696b2f1
  custom:scripting/monoscript/fileName/FixedString.gen.cs: 546503330a4423d9e22205762e6dc907 -> 
  custom:scripting/monoscript/fileName/XmlLinkedMethod.cs: 0832a872e8f410f9dbd4e4797775d14c -> 
  custom:scripting/monoscript/fileName/uint4x3.gen.cs: 5c842eaf04659601d64e86e873d2dc4b -> b01c5cd7a56bd5c67682617427bf7881
  custom:scripting/monoscript/fileName/ITimeProvider.cs: ddd25bd8e3c8be311aae000881753524 -> 
  custom:scripting/monoscript/fileName/MissingComponent.cs: 6fcd30b84d1ca630662778f50cedadd3 -> 
  custom:scripting/monoscript/fileName/Responses.cs: cf8e91b141cc85b29c745e415fc1f688 -> 
  custom:scripting/monoscript/fileName/Transient.Gen.cs: fb508b42c100a2c07b866a44f9ab3ed0 -> 
  custom:scripting/monoscript/fileName/NativeList.cs: 3e39181d220491b697fd73718c9e6b89 -> 
  custom:scripting/monoscript/fileName/IInstallationId.cs: f04e3188def2f4af24969a3d446782a7 -> 
  custom:scripting/monoscript/fileName/BurstCompileAttribute.cs: d6b4f38d813b7cc3ab63dc8ec73aa58a -> f1834e5146c37c3c879fe10d3c8c9e49
  custom:scripting/monoscript/fileName/bool3.gen.cs: f73cc99fcfd3d7b311d94017869f72e0 -> 5af2629b3ff9dbb3bbfcc70064a35529
  custom:scripting/monoscript/fileName/uint4x2.gen.cs: e8b292c670996f99dc647f630b2d028d -> b7591412c0d582e5dffe67f85a90dd0a
  custom:scripting/precompiled-assembly-types:Mono.Cecil.Mdb: dfddc2d5e9570038a3ea8da067257c97 -> 
  custom:scripting/monoscript/fileName/float4.gen.cs: a5929fc9c81f37a217f61110104af506 -> b782c632ec38515e69077afe722e950b
  custom:scripting/monoscript/fileName/uint3x4.gen.cs: 810549df666bfc264109dae029c3ad17 -> 85b37160b72ca5d09aa390a0ed4ac5d3
  custom:scripting/monoscript/fileName/InitializationOptions.cs: a3b098c01b711d197eb5be831c1fe3cb -> 
  custom:scripting/monoscript/fileName/BurstCompatibleAttribute.cs: 5516bac227e59cc058e743022f755993 -> 
  custom:scripting/monoscript/fileName/ResponseDeserializationException.cs: ee4bcd8feef77e51dd56d7612403078e -> 
  custom:scripting/monoscript/fileName/IEnvironments.cs: c0584c08a0bd557b383eebd7f6ddb36a -> 
  custom:scripting/monoscript/fileName/UnsafeAtomicCounter.cs: 9e2f4dbe854338916842c8ff7fbe03de -> 
  custom:scripting/monoscript/fileName/DefaultApiRequests.cs: 0c40f474d191c79755786a315c4d3837 -> 
  custom:scripting/monoscript/fileName/ButtonByButtonController.cs: bdd6f7704876e7ac5d67b606215bf64e -> 
  custom:scripting/monoscript/fileName/FixedStringMethods.cs: fcdca1abcdc2fd593bd0d11b27b9b2c5 -> 
  custom:scripting/monoscript/fileName/PlatformSupportUiHelper.cs: c2fb091feeb92fc6d04201e72415cd6f -> 
  custom:scripting/monoscript/fileName/IConfigurationProvider.cs: af9003c2ff2e581cf6d2023a9420f4ca -> 
  custom:scripting/monoscript/fileName/IMetricsFactory.cs: fde5d2b8b6a1babbe7e5508a35a60c95 -> 
  custom:scripting/monoscript/fileName/ChannelToken.cs: 749f097d0aecdba9e5864aa66e7c548d -> 
  custom:scripting/monoscript/fileName/ProjectBindRedirectUiConstants.cs: 1d3bd9a52471c7a484b82396440177cc -> 
  custom:scripting/monoscript/fileName/UnsafeNotBurstCompatible.cs: 9920b2dcf54d07855dc87b05b9a22299 -> 
  custom:scripting/monoscript/fileName/HttpServiceConfig.cs: a19e8b39679e0da2413fb1719624f1f2 -> 
  custom:scripting/monoscript/fileName/EditorGameServiceFlagEnabler.cs: ed4b01161596daf6c007c5cb985797df -> 
  custom:scripting/monoscript/fileName/EditorValueTracker.Gen.cs: 90647cc400823b41df847a6cbfc29026 -> 
  custom:scripting/monoscript/fileName/ProjectConfigurationBuilderHelper.cs: f79e2dec68c2a8a55186a3fd4274546b -> 
  custom:scripting/monoscript/fileName/IUnityThreadUtils.cs: 09e8ec6b5955782b75f75b287fbd41f1 -> 
  custom:scripting/monoscript/fileName/Sse.cs: 869deae3083ccfe6b60b2585f9e67560 -> 790f25d56fba1e7a48c0a0766c0ad6a6
  custom:scripting/monoscript/fileName/IConfigurationLoader.cs: 2906069c8520611bdd1356369b0a29f4 -> 
  custom:scripting/monoscript/fileName/FixedStringInternalMethods.cs: fcdca1abcdc2fd593bd0d11b27b9b2c5 -> 
  custom:scripting/monoscript/fileName/UnityListProjects200Response.cs: 428e859b4396ae3112aa4ecacae32fbf -> 
  custom:scripting/monoscript/fileName/CorePackageInitializer.cs: 829d217bce271cb9c1fa63d564b476ec -> 
  custom:scripting/monoscript/fileName/uint2.gen.cs: 16c687047be4a3d9d18671b7f1514a8d -> f442e48493395c3c057fa324c1ed7700
  custom:scripting/monoscript/fileName/AssemblyResolver.cs: 5d80bf0419ced3ef86f9dc251f8f6957 -> d02bbd84bf24106c236ab13c6c3d719f
  custom:scripting/monoscript/fileName/EnvironmentNotFoundException.cs: 8f8ecf9219a7a93736afa67d923d561a -> 
  custom:scripting/precompiled-assembly-types:Unity.Collections: 4a46ba792d71a8ef631019192135d028 -> 
  custom:scripting/monoscript/fileName/cellular2x2x2.cs: 910f0614e94a5348f941ea0d56b2c568 -> 2eb29bf877494e27d7b8d68303a33727
  custom:scripting/monoscript/fileName/matrix.cs: 3c89deedfaaffcc017fba2cf913f12ee -> 17bd875ecbf69296bc7f1415237b5bf7
  custom:scripting/monoscript/fileName/DependencyTreeInitializeOrderSorter.cs: 398a0f081d411379f31bc2eb52bbbd21 -> 
  custom:scripting/monoscript/fileName/cellular3D.cs: 910f0614e94a5348f941ea0d56b2c568 -> 2eb29bf877494e27d7b8d68303a33727
  custom:scripting/monoscript/fileName/UnityGetUserPermissions200Response.cs: 7fdf29503cc5301312d984f2af06eb45 -> 
  custom:scripting/monoscript/fileName/IJobParallelForFilter.cs: df20d5af76497ee9382afe3d36f1f1f4 -> 
  custom:scripting/monoscript/fileName/bool3x4.gen.cs: 42c7ba8bd569aafe7a1ccd38b69ca362 -> dd64119ecce8747c9d345fc62ed63bff
  custom:scripting/monoscript/fileName/NEON.cs: 27dfd32aeb3aec362855d6a15ae66a4f -> 68ba95faf7f0f0403852fb6af2a2f956
  custom:audio-decoder-ogg-vorbis: bf7c407c2cedff20999df2af8eb42d56 -> 
  custom:scripting/monoscript/fileName/NativeText.gen.cs: 963d74023cd13b0e64909bb76f1d047a -> 
  custom:scripting/monoscript/fileName/int2x3.gen.cs: 19a71af308909120a7ea6452646e4208 -> 377af658550da76bc0efa7c5a755eb90
  custom:scripting/monoscript/fileName/ConcurrentMask.cs: d56a0fef284c9e5059f89974aedb695c -> 
  custom:scripting/monoscript/fileName/CloudEnvironmentConfigProvider.Gen.cs: 5a0c9bc3528e508605862cace6052ab9 -> 
  custom:scripting/monoscript/fileName/ScheduledInvocationComparer.cs: 83106d0c8c6b049feeaa7bc89351f333 -> 
  custom:scripting/monoscript/fileName/NativeReference.cs: 707aa775b4e3cc858cb239cb84a29e93 -> 
  custom:scripting/monoscript/fileName/DefaultApi.cs: 1d4ada5f7be42c3459105e8a4ff7befa -> 
  custom:scripting/monoscript/fileName/UnityServicesBuilder.cs: 2c873918180573f10abfeda6ebefa0f9 -> 
  custom:scripting/monoscript/fileName/ServiceRegistry.cs: 9f2f77edf09fc4d5ffdc5ae250d852d2 -> 
  custom:scripting/monoscript/fileName/EnvironmentAnalyticsSender.cs: 8bcdd72c4f4f7ba6fed9617ecb7e992f -> 
  custom:scripting/monoscript/fileName/Popcnt.cs: 869deae3083ccfe6b60b2585f9e67560 -> 790f25d56fba1e7a48c0a0766c0ad6a6
  custom:scripting/monoscript/fileName/ScheduledInvocation.cs: 6dd46403260fc3e01309ae7e636c0e8a -> 
  custom:scripting/monoscript/fileName/UnityProjectNotLinkedException.cs: fffb6126e50500c8c570125732d06308 -> 
  custom:scripting/monoscript/fileName/ServicesInitializationException.cs: 905c414eaf6bb9e99e87b7be57e80385 -> 
  custom:scripting/monoscript/fileName/CoreRegistry.cs: f8cefd7d8b5109f3c61c0ba5ed06a2ed -> 
  custom:scripting/monoscript/fileName/Configuration.cs: 4d19c1da7f614cc93468a9d05d08dc7d -> 
  custom:scripting/monoscript/fileName/InvalidJwtException.cs: 44c6d327479bc7179514ecd464e65b5b -> 
  custom:scripting/monoscript/fileName/NativeNotBurstCompatible.cs: 8e8b404b4fa69e1b7cea25947e47b9bd -> 
  custom:scripting/monoscript/fileName/IProjectStateRequest.cs: 27b27df4e3b68078a5908d7df6fce95f -> 
  custom:scripting/monoscript/fileName/ILPostProcessingLegacy.cs: d9910f2de3f51974efe13df8267dc87d -> 1474151453fb056da8fe50e6cda891db
  custom:scripting/monoscript/fileName/CLILeakDetectionSwitcher.cs: 57bd385706945886454b568fb0644a83 -> 
  custom:scripting/monoscript/fileName/XmlLinkedType.cs: 879123e42892f87010bef78e341312d0 -> 
  custom:scripting/monoscript/fileName/EditorGameServiceDashboardHelper.cs: ea8538090dcae2327f4c15e2ca056258 -> 
  custom:scripting/monoscript/fileName/UnsafeRingQueue.cs: beeb81b22bb86e018042f1eea3e37e38 -> 
  custom:scripting/monoscript/fileName/ApplyRevertChangeTracker.Gen.cs: 90647cc400823b41df847a6cbfc29026 -> 
  custom:scripting/monoscript/fileName/CollectionExtensions.Gen.cs: aff9dee80b4292d09c09f3acd69a3289 -> 
  custom:scripting/monoscript/fileName/IComponentRegistry.cs: 31dc7d917392108590a76b6f7b8e718f -> 
  custom:scripting/monoscript/fileName/IEditorGameService.cs: faa7656610bf6f8463e95c403d6c6e6c -> 
  custom:scripting/monoscript/fileName/int3x4.gen.cs: a41355fd8e3f2df0223626fb4f0b3908 -> 8460bfcadb3ac350c26daa6b9595294c
  custom:scripting/monoscript/fileName/NativeParallelHashMapExtensions.cs: 462869b482cb0a426c099c8676c75416 -> 
  custom:scripting/monoscript/fileName/psrdnoise2D.cs: 910f0614e94a5348f941ea0d56b2c568 -> 2eb29bf877494e27d7b8d68303a33727
  custom:scripting/monoscript/fileName/EnvironmentSettings.cs: e2b98ee836b42374bfa16506e47055ce -> 
  custom:scripting/monoscript/fileName/F16C.cs: 869deae3083ccfe6b60b2585f9e67560 -> 790f25d56fba1e7a48c0a0766c0ad6a6
  custom:scripting/monoscript/fileName/BiperworksPrefabReplace.cs: 3feb3c89b6276f76667f74d9e5c161ed -> 
  custom:scripting/precompiled-assembly-types:Unity.Collections.LowLevel.ILSupport: fc98657c35e94db2b30cdf006548cc51 -> 
  custom:scripting/monoscript/fileName/IChannel.cs: db8ed6536767d05dc3fe7251f4a4dcd3 -> 
  custom:scripting/monoscript/fileName/IAsyncOperation.cs: f56289e88c7dcb628d7e5619c74e7538 -> 
  custom:scripting/monoscript/fileName/XmlLinkerModel.cs: d4c2817476b9b278a7b7808d61032596 -> 
  custom:scripting/monoscript/fileName/QuaternionDrawer.cs: 3e16f8b999b15ff8f3cb65c56d92372c -> 11323f18a038f5e869f0b55e53c54a31
  custom:scripting/monoscript/fileName/Memory.cs: 24fa5e8e684139a9a6b2bb764c620a28 -> 
  custom:scripting/monoscript/fileName/UnsafeList.cs: d4153fc6c06f3c788b1e8373e28421fd -> 
  custom:scripting/monoscript/fileName/Metrics.cs: ff969a3864869c6435b83c963d65cf34 -> 
  custom:scripting/monoscript/fileName/BurstAssemblyDisable.cs: 05c2ec5d4cb82dde153fd26804b0759c -> b6ce5635cda12e16b9d3052a32a53ef4
  custom:scripting/monoscript/fileName/IVivoxTokenProviderInternal.cs: 8f6eac73831e2d88349c636e0c8277cf -> 
  custom:audio-encoder-webm-vorbis: bf7c407c2cedff20999df2af8eb42d56 -> 
  custom:scripting/monoscript/fileName/BurstString.Float.cs: 2be5f73de1c4aa5655ffe1179ecab0e5 -> f7cf2d4ac32cd23a2133a777bc8e9bdf
  custom:scripting/monoscript/fileName/UnityWebRequestUtils.cs: f709ddaaeb44d62e1a53fe224983d54c -> 
  custom:scripting/precompiled-assembly-types:Assembly-CSharp-Editor: 55be5156d4d9bf13a4a71e730e6bff5f -> e6dd162cf99c2a2b175dc18b4efe7df7
  custom:scripting/monoscript/fileName/DependencyTree.cs: 0bd2915409b5c0af8089da1663502e47 -> 
  custom:scripting/monoscript/fileName/BiperworksMissingChecker.cs: 59ef92542e37bf12350114bc93e856ab -> 
  custom:scripting/monoscript/fileName/AsyncOperation.cs: f23cc551eab7049146420a4196093425 -> 90647cc400823b41df847a6cbfc29026
  custom:scripting/monoscript/fileName/LongTextArea.cs: dfdcf6f0be8f7d5d7c8ee22ae4b70ab5 -> 4c687402ecd5f2af3a470023aff89eca
  custom:scripting/monoscript/fileName/UnityAddressV1.cs: 4d4ba30b341c7e72810f3c36b5914fa5 -> 
  custom:scripting/monoscript/fileName/IGatewayTokens.cs: af8d58613a9fd459a444ee8b327072b0 -> 
  custom:scripting/monoscript/fileName/xxHash3.cs: d876f695d67b3d527466020445c50eb8 -> 
  custom:scripting/monoscript/fileName/IInitializablePackage.cs: 7a2afaa327b6f2c8c3b73c00855d936d -> 
  custom:scripting/monoscript/fileName/Attributes.cs: d94dab8e1cad1d516625e289629ba937 -> 9d3861389974f0823e7e341aa6c23dae
  custom:scripting/monoscript/fileName/AnalyticsOptionsExtensions.cs: 61b53e23187fa8065622d09b0f304596 -> 
  custom:scripting/monoscript/fileName/DebugView.cs: 0cdf409b5aa8d4c25876d72b5c6a3b60 -> 
  custom:scripting/precompiled-assembly-types:Assembly-CSharp: 26e38508980b51b33a5cd8f4dad7d861 -> 843220b89751c6f5d77aed2d23b72b60
  custom:scripting/monoscript/fileName/EnvironmentSelector.cs: ac21f39d65ed579595edcbd2c9853105 -> 
  custom:scripting/monoscript/fileName/JsonHelpers.cs: 8837ad713480b6b5528a3b03a0d76fa1 -> 
  custom:scripting/monoscript/fileName/DefaultCdnConfiguredEndpoint.cs: 624837102d8bef2a2323b0b82727af95 -> 
  custom:scripting/monoscript/fileName/BurstString.cs: 2be5f73de1c4aa5655ffe1179ecab0e5 -> f7cf2d4ac32cd23a2133a777bc8e9bdf
  custom:scripting/monoscript/fileName/Scope.Gen.cs: 409412ebac5387d01283cada94af8d59 -> 
  custom:scripting/monoscript/fileName/ListExtensions.cs: 0f96dfdcfd19dc46bb3b974629f04481 -> 
  custom:scripting/monoscript/fileName/SliderToggleUiHelper.cs: 297bb968c6a98e033483e5885bc5e941 -> 
  custom:scripting/monoscript/fileName/WeaponMaterialChanger.cs: c6cf6042231fc24bb630676005510585 -> 
  custom:scripting/monoscript/fileName/IFileSystem.cs: d0a5668d9c43d0a16eec8fa2a37aa20c -> 
  custom:scripting/monoscript/fileName/IJobBurstSchedulable.cs: b6e06c07f5c6bc961caf27d1af5dcc7a -> 
  custom:scripting/precompiled-assembly-types:Unity.Collections.Editor: 17a2c29eb18a6d0bac0ad4051a669537 -> 
  custom:scripting/monoscript/fileName/BurstCompiler.cs: 25961ab6b2aa72f0ea3a28043bd3e34e -> 7b21670e31210e9f8a136d10cb1b9317
  custom:scripting/monoscript/fileName/IService.cs: afa2330a6d32be2e7a659227e3bf813e -> 
  custom:scripting/monoscript/fileName/double4.gen.cs: b43680ff2b317f0fe763ec2a9290cc4d -> c861322ff5ab8c01e3e4b508791cf124
  custom:scripting/monoscript/fileName/rigid_transform.cs: d545dec909ae361cd40bcedcc9499d93 -> 36bbdd985ffacdf5ee0745cfd3a1f08d
  custom:scripting/monoscript/fileName/CollectionsAllocationExamples.cs: 72ea6f1c8990c690aca4410bcc8d43b6 -> 
  custom:scripting/monoscript/fileName/CoreRegistration.cs: afa90de4a402b0848ad8b60755b1ca20 -> 
  custom:scripting/monoscript/fileName/ServicesInitialization.cs: 5bc34492fe95212cc8524c8c7be8ec36 -> 
  custom:scripting/monoscript/fileName/CameraController_AnimationReset.cs: 17bef6419ebea7b605e5c34da435370d -> 
  custom:scripting/monoscript/fileName/PropertyAttributes.cs: 06c93b729a6fbfd605aedc09fb6acd2e -> f9be6ff8022c2b7e9364b782f234d192
  custom:scripting/monoscript/fileName/IVivox.cs: 6d92ea4b822d1fa7e4b8787c59760673 -> 
  custom:scripting/monoscript/fileName/UnityCreateAddressRequest.cs: 231eb736f0a651a8ee21e6aa579173ae -> 
  custom:scripting/monoscript/fileName/UnityListOrganizationFavoriteProjects200Response.cs: 2acfbc626d621e368ef9190462157b7a -> 
  custom:scripting/monoscript/fileName/BurstAotCompiler.cs: 999e0496849ba059c880640ab57448ab -> a41b7d0d053e0898c09eec7c4f1c3c21
  custom:scripting/monoscript/fileName/IPlayerId.cs: 8ec284f91dceb8f1818908be17c609b0 -> 
  custom:scripting/monoscript/fileName/int2.gen.cs: 7d7139da21249719b860c4fd6fa5b14f -> ba08380188673eb89fbe6c63125635e5
  custom:scripting/monoscript/fileName/Avx2.cs: 869deae3083ccfe6b60b2585f9e67560 -> 790f25d56fba1e7a48c0a0766c0ad6a6
  custom:scripting/monoscript/fileName/EngineStateHelper.cs: ebfe492ca39645883d66825c2e77f1d0 -> 
  custom:scripting/monoscript/fileName/EnvironmentProvider.cs: e6441984086d3ec4f02dd82b6dec6df1 -> 
  custom:scripting/monoscript/fileName/PackageInitializationInfo.cs: 82c881c6d5f9d1b5f2eba332919bcd1c -> 
  custom:scripting/monoscript/fileName/int4.gen.cs: 6fd7c2be80cf8c29505f41dfd239b1ae -> 6202c51352f8408238811f81cf17884b
  custom:scripting/monoscript/fileName/DisabledDiagnostics.cs: dca147f0ee6a8cbd3c40d0fb15b26062 -> 
  custom:scripting/monoscript/fileName/JsonHelper.cs: 0b5759f67f92e2eb09febb2082aca955 -> 
  custom:scripting/monoscript/fileName/noise3D.cs: 910f0614e94a5348f941ea0d56b2c568 -> 2eb29bf877494e27d7b8d68303a33727
  custom:scripting/monoscript/fileName/MetricsFactory.cs: ff8596a1ccea2041a0c0cfe2841c8f74 -> 
  custom:scripting/precompiled-assembly-types:Unity.Services.Core: 6658084c01118ae8f1ea78527e00c6d1 -> 
  custom:scripting/monoscript/fileName/float4x2.gen.cs: 05588d3fca2e28a31b6264c026dcf338 -> a70cf4e9d29e9357ba0e68d3ee43ce34
  custom:scripting/monoscript/fileName/EnvironmentsClient.cs: 9c80a43488077f46562fa053df484911 -> 
  custom:scripting/monoscript/fileName/ReadOnlyObservableCollection.Gen.cs: 90647cc400823b41df847a6cbfc29026 -> 
  custom:scripting/monoscript/fileName/Environments.cs: 8b1687fd15649a52827b18b8b452a28f -> 
  custom:scripting/monoscript/fileName/Bmi2.cs: 869deae3083ccfe6b60b2585f9e67560 -> 790f25d56fba1e7a48c0a0766c0ad6a6
  custom:scripting/monoscript/fileName/UnityAnalyticsIdentifier.cs: 40be8e11923159cf7c61c72c1a1b26dd -> 
  custom:video-codec-MediaFoundation-h265: 746d11721c4dcdbdad8f713fa42b33f4 -> 
  custom:scripting/monoscript/fileName/AsyncOperationBase.cs: adfca800027e0922d59797ee493a2672 -> 
  custom:scripting/monoscript/fileName/UnsafeScratchAllocator.cs: 4face5614d3825fa48ae79289f69aa1b -> 
  custom:scripting/monoscript/fileName/half3.gen.cs: 5d046df99f0d37f450cb3ea068ad7762 -> 935b3c49f9c5126f28352e4a48406e0a
  custom:scripting/monoscript/fileName/UnityUserOrganizationsV1OrganizationsInner.cs: 440e6e939c241944b318429e561d5df2 -> 
  custom:scripting/monoscript/fileName/PathUtils.Gen.cs: 5ddc0068a1cf521fafc42781cf03a3a9 -> 
  custom:scripting/monoscript/fileName/IEditorGameServiceRegistry.cs: 4894c70fd515017ae46efb4f44f8b3e2 -> 
  custom:scripting/monoscript/fileName/RequestFailedException.cs: a9eaec06c59248353e0ced5cdc95723f -> 
  custom:scripting/monoscript/fileName/BurstCompatibilityTests.cs: 7d7c24becd314d1054104dfc27a7e1e1 -> 
  custom:scripting/monoscript/fileName/XmlLinkedModelsExtensions.cs: 9e8a2b9216079ba87ebfd084960b4ac0 -> 
  custom:scripting/monoscript/fileName/EditorGameServiceRemoteConfiguration.cs: 0cdf409b5aa8d4c25876d72b5c6a3b60 -> 
  custom:scripting/monoscript/fileName/UnityUploadIconV1201Response.cs: a7cab146027c2f1549f57a603ca22560 -> 
  custom:scripting/monoscript/fileName/uint2x4.gen.cs: 3caae4a623bddfadce4b73c36541ab39 -> 817d68c720fa6aa9b67a61d7c1b206d0
  custom:scripting/monoscript/fileName/DisabledDiagnosticsFactory.cs: 92ef54fd2e9d3765db37c6ce29121dc7 -> 
  custom:scripting/monoscript/fileName/BitField.cs: 435cec31f980ea5ce1d1e89b13684a57 -> 
  custom:video-decoder-ogg-theora: a1e56fd34408186e4bbccfd4996cb3dc -> 
  custom:scripting/monoscript/fileName/EnvironmentSaveSystem.cs: 931610e413c03621f898c65e36f44fc6 -> 
  custom:scripting/monoscript/fileName/NativeQueue.cs: 0e981ce8b9429d0fa5b8752248b5a6fd -> 
  custom:scripting/monoscript/fileName/ComponentRegistry.cs: 2fefa8b1f349de188d35295b3042e694 -> 
  custom:scripting/monoscript/fileName/CecilExtensionMethods.cs: 017bd73f50ff4a917914ebf884a3c046 -> 
  custom:scripting/monoscript/fileName/EnvironmentsClientFactory.cs: 325dec75592389c16ac743f438f24960 -> 
  custom:scripting/monoscript/fileName/ConfigurationCollectionHelper.cs: cb4dac2b34c76624ca64d0ad91214a93 -> 
  custom:scripting/monoscript/fileName/NativeArrayExtensions.cs: 480ae80e25a67512135651e8db7b75bc -> 
  custom:scripting/monoscript/fileName/DictionaryExtensions.cs: d37b3043b5339f13af7295850374111a -> 
  custom:scripting/monoscript/fileName/AsyncOperationExtensions.cs: 1fabcad386c6a3966bbd7925c1ec32e2 -> 
  custom:scripting/monoscript/fileName/ProjectUnlinkBuildWarning.cs: c52465de41a758f7a3babb293254b52b -> 
  custom:scripting/monoscript/fileName/IProjectStateHelper.cs: 3adea7eb7ff850864d22d07f530e0111 -> 
  custom:scripting/monoscript/fileName/ICloudProjectId.cs: 60ddc28b5a3880441601b503b311a533 -> 
  custom:scripting/monoscript/fileName/svd.cs: 348beec2ecc2e2db545a80433e4107e2 -> 
  custom:scripting/monoscript/fileName/ICopyable.Gen.cs: 90647cc400823b41df847a6cbfc29026 -> 
  custom:scripting/monoscript/fileName/ThreadingUtility.cs: 04b3b0b0336f4a10f1d8aa16ba8bb5cf -> 
  custom:scripting/monoscript/fileName/IHttpClient.cs: 88481d25a1f892f1dc32d0efcddba205 -> 
  custom:scripting/monoscript/fileName/bool4x4.gen.cs: 50a6831c58ef3836ae8715535acd4a4c -> 832d1ba72f52e457d65ecd6ca1ba2b2e
  custom:scripting/precompiled-assembly-types:Unity.Services.Core.Networking: 61bebe50ea392373ad9b763369998b02 -> 
  custom:scripting/precompiled-assembly-types:Unity.Services.Core.Telemetry: 93d339c2f6637582a5436fa1367ea7d7 -> 
  custom:scripting/monoscript/fileName/IMetrics.cs: cc4d6b26e54335130aeffb94ca489467 -> 
  custom:scripting/monoscript/fileName/IEnvironmentService.cs: d28a6fb640eb356196b9c1017c7a0d37 -> 
  custom:scripting/monoscript/fileName/StreamingAssetsConfigurationLoader.cs: 2f115cec9bfe6872856ee4ad61eb2c3f -> 
  custom:scripting/monoscript/fileName/double3x3.gen.cs: a1e2af8139fc0e717165cdc2c522e14d -> cf2bca4cc9e8b93d47929417a1a999f7
  custom:scripting/monoscript/fileName/NEON_AArch64_crypto.cs: 27dfd32aeb3aec362855d6a15ae66a4f -> 68ba95faf7f0f0403852fb6af2a2f956
  custom:scripting/monoscript/fileName/EnvironmentChangedParameters.cs: 0ad6f60cc0b0e0ea02aed10221f7c8a8 -> 
  custom:scripting/monoscript/fileName/ObjectToggle.cs: e65399e714ef4a652d2c5593ec47887b -> 
  custom:scripting/monoscript/fileName/double3x2.gen.cs: 46c3fc0f20bf244200b61fe88bd5c16a -> 87fbe5b4a5a90e3c915d83933bb7a691
  custom:scripting/monoscript/fileName/CoreDiagnostics.cs: 041dd565425b56b2b823902ba53cfe54 -> 
  custom:scripting/monoscript/fileName/ProjectBindRedirectContentUI.cs: ea393b5b63051e326686665efb7ed1d2 -> 
  custom:scripting/monoscript/fileName/HashExceptions.cs: 0c04f84e29310842caf31699037c2a6f -> 
  custom:scripting/monoscript/fileName/Il2CppEagerStaticClassConstructionAttribute.cs: bfb9943dc4234f8038240348dd8c0237 -> 5ae90a36296d2fe83dd98e9361e907e8
  custom:scripting/monoscript/fileName/IActionScheduler.cs: e5388884c9a263c0b7f149f53626af31 -> 
  custom:scripting/monoscript/fileName/DiagnosticsFactory.cs: 3828493052568497f2ccdc68dea8b14c -> 
  custom:scripting/monoscript/fileName/UnityUserOrganizationsV1.cs: 73dafadd41de13ace6058db610522dcd -> 
  custom:scripting/monoscript/fileName/XmlLinkedProperty.cs: 29784440eed3b7889f0bfe76633cc000 -> 
  custom:scripting/monoscript/fileName/TaskAsyncOperation.cs: deaa3dfd455420a1f0dece4fa000e9b1 -> 
  custom:scripting/monoscript/fileName/Singleton.Gen.cs: 66c389d1e92bc70efd18b5d3b46f6bca -> 
  custom:scripting/precompiled-assembly-types:Unity.Services.Core.Environments.Internal: a94ac62d8b6ab44e5914a671ad4dd355 -> 
  custom:scripting/monoscript/fileName/OrganizationHandler.cs: 8e4686813d139f7c9962131a6d917980 -> 
  custom:scripting/monoscript/fileName/cellular2x2.cs: 910f0614e94a5348f941ea0d56b2c568 -> 2eb29bf877494e27d7b8d68303a33727
  custom:scripting/monoscript/fileName/half.cs: d66ca18b1c3237e0e12e183e1878dc38 -> cf3f2b0bcee127ccdac6d87167bcc406
  custom:scripting/monoscript/fileName/NativeSort.cs: 928f4174a21486fd6ff139d2de03d8ce -> 
  custom:scripting/monoscript/fileName/UnityTransferProjectRequest.cs: 160aa9e78d67107dbad79b2602ea5baf -> 
  custom:scripting/monoscript/fileName/RegisterGenericJobTypeAttribute.cs: 1d60c181f5a8e659e1317e2ca71a691e -> 
  custom:scripting/monoscript/fileName/ConfigurationBuilder.cs: bd1d62f2bf3afb62754531eee8a4e204 -> 
  custom:scripting/monoscript/fileName/EnvironmentView.cs: eacb7d766ee45d9a07ea107dc0c80ac6 -> 
  custom:scripting/monoscript/fileName/AccessTokens.cs: 7f3bd47a4ee3b608248d36969879b607 -> 
  custom:scripting/monoscript/fileName/IUserRoleClient.cs: d3496f158bb376dd3e2c64e54c7c3a7e -> 
  custom:scripting/precompiled-assembly-types:Newtonsoft.Json: a784019f7e79cf0f65e748d41d4ceb44 -> 
  custom:scripting/monoscript/fileName/HttpOptions.cs: 99f08410c8743651b2a8fdf6d32f10c4 -> 
  custom:scripting/precompiled-assembly-types:Unity.Services.Core.Configuration.Editor: 9ec415489f81483910eef61e419cb1d9 -> 
  custom:scripting/monoscript/fileName/UnityOrganizationWithAddressV1.cs: 0255bc6178742cff2a423de9eb51e6a2 -> 
  custom:scripting/monoscript/fileName/IJobParallelForBurstSchedulable.cs: 62a263188bc9cf02c532293c26fa74bb -> 
  custom:CustomObjectIndexerAttribute: 72b91833f83ae208fae7752999fa3104 -> 
  custom:scripting/monoscript/fileName/classicnoise3D.cs: 910f0614e94a5348f941ea0d56b2c568 -> 2eb29bf877494e27d7b8d68303a33727
  custom:scripting/monoscript/fileName/NEON_AArch64_rdma.cs: 27dfd32aeb3aec362855d6a15ae66a4f -> 68ba95faf7f0f0403852fb6af2a2f956
  custom:scripting/monoscript/fileName/ThreadHelper.cs: 1d011737e8133fca1a700a78b9269e43 -> 
  custom:scripting/monoscript/fileName/UserError.cs: e8271dc4b82776e36e2aa534dcd90f5e -> 
  custom:scripting/monoscript/fileName/FunctionPointerInvokeTransform.cs: 78ee86208e709b5fd706a0c77fd5004f -> 87582112a32f635e413c776846ec78de
  custom:scripting/monoscript/fileName/ServicesBehaviour.cs: fc86e18139c2e2cab6df5bf113811eb1 -> 
  custom:scripting/monoscript/fileName/UnityCreateOrganizationRequest.cs: 4cf5c8730ffaa3c5888d236ebc6475fc -> 
  custom:scripting/monoscript/fileName/float2x2.gen.cs: 43554c150c14083eb2313acaa2e78aeb -> f203c6ed52cbda2033cd1859a76ab02f
  custom:scripting/monoscript/fileName/EditorGameServiceSettingsProvider.cs: 2cb6ae4d961883e67f3e282b18d40d94 -> 
  custom:scripting/monoscript/fileName/CecilExtensions.cs: 092e8a73dda2df206baaf95a0d738493 -> 300205ae85edbb88d6c0c35c47681451
  custom:scripting/precompiled-assembly-types:Unity.Services.Core.Configuration: f7859697b434adc89f377c95a9589d8a -> 
  custom:container-demuxer-webm: 4f35f7cbe854078d1ac9338744f61a02 -> 
  custom:scripting/monoscript/fileName/CoreRegistryInitializer.cs: e34ea8cde280e241aa2682bcb33aae4f -> 
  custom:scripting/monoscript/fileName/IEnvironmentProvider.cs: 3109b26c8523241ba567e094603484cc -> 
  custom:scripting/monoscript/fileName/IdentityIOneOf.cs: 29de1876e6381d1376e3875f63eb04e7 -> 
  custom:scripting/monoscript/fileName/BurstDisassembler.Core.x86.info.cs: 924d9993bb4f5055a61b0166f627d3c3 -> b15d06942db1ac71042be253eef84e7f
  custom:scripting/monoscript/fileName/bool2x4.gen.cs: 43766066d40cfe4ff0038faa3bf06406 -> 0202187d1d97b3838c3acec749a94370
  custom:scripting/monoscript/fileName/FixedStringParseMethods.cs: fcdca1abcdc2fd593bd0d11b27b9b2c5 -> 
  custom:scripting/monoscript/fileName/JsonObjectConverter.cs: 38bbb4aa4e7eb125ad2bec69e448a02f -> 
  custom:scripting/monoscript/fileName/UnityWebRequestHelpers.cs: 0394add6a9f301a01222078b29ac0b18 -> 
  custom:scripting/monoscript/fileName/uint2x3.gen.cs: a0bafa71da357e9ffdf41329e0e0b8ab -> dc149d5147f76ef2e3b7b3e87df71cde
  custom:scripting/monoscript/fileName/LockedComponentRegistry.cs: ff7d4cf11049af0d186f2bffab21c5d3 -> 
  custom:scripting/monoscript/fileName/IServiceFactory.Gen.cs: 5696ff4e8140aef57b36c4052f3bfc23 -> 
  custom:scripting/monoscript/fileName/IUserRoleHandler.cs: 33c258d1966d18e84a25c5d4701ea0a4 -> 
  custom:scripting/monoscript/fileName/LoggedOutUiHelper.cs: ded703f4d077a86b901d24f648f694ca -> 
  custom:scripting/monoscript/fileName/MatrixDrawer.cs: 8db100ecc54d49584518b132374bd945 -> 54f407ec7134aa445531b0da7f5e0ded
  custom:scripting/monoscript/fileName/IDeserializable.cs: 16d3138d206e866a34233b134f1222b0 -> 
  custom:scripting/monoscript/fileName/float2x4.gen.cs: 14bf825e2338394967d25657f23195c2 -> 8f6e3792d53a47d3e0816efd26cbabde
  custom:scripting/monoscript/fileName/CollectionBinding.Gen.cs: 90647cc400823b41df847a6cbfc29026 -> 
  custom:scripting/monoscript/fileName/Diagnostics.cs: 310215ddbef3d1759d3801a8f9ab01fa -> 
  custom:scripting/precompiled-assembly-types:Unity.RenderPipelines.Universal.Runtime: b4da6d942b71b4e6ce89ba3d2d2d75bb -> c5166759b6a57e85ad306d514ccfa90f
  custom:scripting/monoscript/fileName/ExceptionHelper.cs: 074ec3a4464566a6e9a1f4db3dfb905f -> 
  custom:scripting/monoscript/fileName/MergedObservableCollection.Gen.cs: 90647cc400823b41df847a6cbfc29026 -> 
  custom:scripting/monoscript/fileName/StatusCodePolicyConfig.cs: a90864f22acd00607534d01b8dae197f -> 
  custom:scripting/monoscript/fileName/ProjectBindRedirectProjectSettingsUi.cs: 07a51e74c57a4053931e01d14a91288e -> 
  custom:scripting/precompiled-assembly-types:Unity.Services.Core.Environments: b07b1f8809421d1b72991502cdcbc5ac -> 
  custom:scripting/monoscript/fileName/IProjectInfo.cs: 2c81b6190195adf1450efd9b8f54de95 -> 
  custom:scripting/monoscript/fileName/StreamingAssetsUtils.cs: 4a501e19e96ab989552681f7cfe95d3b -> 
  custom:scripting/monoscript/fileName/PackageInfoNameComparer.cs: ea0f38f3a3ddb0faa351ccba3098624f -> 
  custom:scripting/monoscript/fileName/UnityWebRequestHelper.cs: 2e5cbc5c38937ccdc5de3700aaa6f529 -> 
  custom:scripting/precompiled-assembly-types:Unity.Services.Core.Analytics: 7e90522691a1ed8cc152d6a40d3f03b4 -> 
  custom:scripting/precompiled-assembly-types:Mono.Cecil: ccd3eb1a29ea76869e665d6c237ddc80 -> 
  custom:scripting/monoscript/fileName/RetryPolicy.cs: e04bb42ac963f6250bc780a051aeca72 -> 
  custom:scripting/monoscript/fileName/IAnalyticsSender.cs: 27ac0f3c61390701fdd3b82b17bedf22 -> 
  custom:scripting/monoscript/fileName/UserRoleHandler.cs: a42f5e4f9979e28831240d76ea709864 -> 
  custom:scripting/monoscript/fileName/AllocatorManager.cs: 38c7b2bd1aa48880a7078890d02430db -> 
  custom:scripting/monoscript/fileName/int2x2.gen.cs: b89550457ed493745cf779e29d833419 -> 63739a46f5092b211c341383068e9d3a
  custom:scripting/monoscript/fileName/IEnvironmentValidator.cs: bdc1089a446560e3518f7ac97786d874 -> 
  custom:scripting/monoscript/fileName/FixedStringAppendMethods.cs: fcdca1abcdc2fd593bd0d11b27b9b2c5 -> 
  custom:scripting/monoscript/fileName/UnityUserGuestProjectV1.cs: 58ac7a8966d050da82ebd9946d7ad9a7 -> 
  custom:scripting/monoscript/fileName/SafeStringArrayHelper.cs: 38e2cda5fcac6d8044d6ce3723202ea5 -> c8d46796c0d02dc9724140077fd6c374
  custom:scripting/monoscript/fileName/ButtonGenerator.cs: 3d3f3475b43f68b35746396a6141d4a1 -> 
  custom:scripting/monoscript/fileName/IsolatedJsonConvert.cs: d399be4ef15efaacaf7758f4b29d410e -> 
  custom:scripting/monoscript/fileName/MappedObservableCollection.Gen.cs: 90647cc400823b41df847a6cbfc29026 -> 
  custom:scripting/monoscript/fileName/IUserIdentifierProvider.cs: dc5eeac839d4cf332ea648a7fdcd39d6 -> 
  custom:scripting/monoscript/fileName/UnityGetOrganizationMembers200Response.cs: 2a3745ba3cf60a91cc07f675b5cfe7f0 -> 
  custom:scripting/monoscript/fileName/FunctionPointer.cs: ea3b19baafd3ebcb60e92f687402237d -> b278ab85034025b7289bef45e0874487
  custom:scripting/precompiled-assembly-types:Unity.Collections.CodeGen: 4967d61b017ec6c1e88a9e176f1d3f19 -> 
  custom:scripting/monoscript/fileName/bool2x3.gen.cs: a73639df76ec913064f3ac91f58b98c5 -> c45708c9bd53a8b7f658164314a10c61
  custom:scripting/monoscript/fileName/CloudEnvironmentConfigProvider.cs: 0d9357504beb82cf1f27ae6c7b6ddec2 -> 
  custom:scripting/monoscript/fileName/IServerAccessToken.cs: 5dfd5eddfcd0cafe1db05f4c334820f7 -> 
  custom:scripting/monoscript/fileName/Sse2.cs: 869deae3083ccfe6b60b2585f9e67560 -> 790f25d56fba1e7a48c0a0766c0ad6a6
  custom:scripting/monoscript/fileName/math.cs: 84897ebc80325b58465d1a856e47c89e -> 3e1f77dfafdda862ef1fdae58189cdb5
  custom:scripting/monoscript/fileName/ProjectInfo.cs: d289d5cd3d7bbcf9a82d73b4aa756d36 -> 
  custom:scripting/monoscript/fileName/double4x3.gen.cs: d5e192211e239db73c016b47e641c333 -> 0f480b77cbe2235a6a07fec4a8104303
  custom:scripting/monoscript/fileName/UnityCreateProjectRequest.cs: 553b660d315929e3419e6a209f9bb6ab -> 
  custom:scripting/monoscript/fileName/BurstPlatformAotSettings.cs: d9c4daff02e435a41bbec9b06ebbdaea -> e55a3d6d232eb892da58dcc30668a0b8
  custom:scripting/monoscript/fileName/BurstMath.cs: a8e238815417f3af4bbd45bfd740da03 -> d94624ee519cab4bff493f67794b1527
  custom:scripting/monoscript/fileName/BurstReflection.cs: afa533733f4dc5137f95c85cb30225b4 -> a904f9b2bf9ba0accae4702e11f47640
  custom:scripting/monoscript/fileName/CameraWalk.cs: 166d4ad3d917a982ce875f5f0a68b26e -> 
  custom:scripting/monoscript/fileName/int3.gen.cs: 9e9f576d507fb3936c89b523e378eb23 -> f3e7aece5ea81aaaacfae8f3b0dbf645
  custom:scripting/monoscript/fileName/UnityEnvironmentV1.cs: 1eea8ffdfb5010d89d3ba557b2d50eab -> 
  custom:scripting/monoscript/fileName/quaternion.cs: 7189ca19bff9611f6da0aa0a9c59bf0b -> 0762c6482396ed4f34408952c0956647
  custom:scripting/monoscript/fileName/ServiceCollection.Gen.cs: ee70a277f1bc1e6641d018ca44380804 -> 
  custom:scripting/monoscript/fileName/float4x4.gen.cs: cccf3207dd639016e8d0fc5b940ce646 -> a5bb36679a244217e37dd9fb5d3d2ed4
  custom:scripting/monoscript/fileName/double3x4.gen.cs: d966fefecbb21e1878e781b6e6eb9bc1 -> d3f6959e28d6480d7d5313a2c890e5a1
  custom:scripting/monoscript/fileName/GatewayTokens.cs: 53270745929a7034c3268a07c13af48c -> 
  custom:scripting/monoscript/fileName/BurstMenu.cs: 814d22383aeaf354b3d01e8753d80cd7 -> ba8f72dcdc01403dc080f70f4b855f19
  custom:scripting/monoscript/fileName/half4.gen.cs: 0f1fcad15aa401d00bc4590770c4f62b -> abea9356568c8480c38dd790db58969d
  custom:scripting/monoscript/fileName/UnsafeParallelMultiHashMap.cs: 0ecf0b5b4a9207402e80b603ad9a119c -> 
  custom:scripting/monoscript/fileName/NativeStream.cs: f901789de80a9ec3530751f3f60eb2f8 -> 
  custom:scripting/precompiled-assembly-types:Unity.Services.Core.Registration: 6ff2c253681b1c95fc4436f661813f21 -> 
  custom:scripting/monoscript/fileName/MethodNotFoundException.Gen.cs: 0dccde8d1181b58956dff819eeec312c -> 
  custom:scripting/monoscript/fileName/MaterialChanger.cs: b35a24e49591189d3950389006c7db39 -> 
  custom:scripting/monoscript/fileName/noise2D.cs: 910f0614e94a5348f941ea0d56b2c568 -> 2eb29bf877494e27d7b8d68303a33727
  custom:scripting/monoscript/fileName/BurstEditorOptions.cs: 49a29b1cc3aae7ee8ad61a5c191ad2a8 -> 9c5afa3a809e97579143a619b525af7f
  custom:scripting/monoscript/fileName/IProjectEditorDrawerFactory.cs: 18c5020e4a357b0471f706a6144cefa8 -> 
  custom:scripting/monoscript/fileName/bool2.gen.cs: 861fe78322050118fc595dc4284cae94 -> 26e96b66e2dc8fbd46eb4ce6284c510a
  custom:scripting/monoscript/fileName/CorePackageRegistry.cs: 3f8b8a1a754bcbf32e1631fc6067b47f -> 
  custom:scripting/monoscript/fileName/UnityOrganizationV1.cs: 202fa32fa70a6d9b0b74b5c00b1b741c -> 
  custom:scripting/monoscript/fileName/IQosResults.cs: b6881487c0f26ab46e2124c1d0e04307 -> 
  custom:scripting/monoscript/fileName/IAccessTokenObserver.cs: b63bda9cbc64f15f0d3427f52571574c -> 
  custom:scripting/monoscript/fileName/IExternalUserId.cs: e86cbc4ee2ec705a01d2d8184f1aa316 -> 
  custom:scripting/monoscript/fileName/NativeParallelHashMap.cs: 0ecf0b5b4a9207402e80b603ad9a119c -> 
  custom:scripting/monoscript/fileName/AssetUtils.cs: f2faf7ad4b4b5b06d49e576afa8ccb42 -> 
  custom:scripting/monoscript/fileName/ServicesInitializationEditor.cs: 9a8da73184df77ef11e2b6fd2f04d32d -> 
  custom:scripting/monoscript/fileName/int3x2.gen.cs: 3102a78c1d8b0f67c6797c0bf649d991 -> 3713def57441460b7d8181bf2ebb068b
  custom:scripting/monoscript/fileName/random.cs: 9095e89a9c9a9233dfc5faa4dc75c33b -> 773187f16d25a3763332e4d0e08067fb
  custom:scripting/monoscript/fileName/IEditorGameServiceAnalyticsSender.cs: 16523e3d16356ae30addab5eaf4685a1 -> 
  custom:scripting/monoscript/fileName/IEnvironmentId.cs: 26e3448d664cf5b5e38101bfbead1ab4 -> 
  custom:scripting/monoscript/fileName/IDiagnostics.cs: 57266d83136060880a8bc854151a2f08 -> 
  custom:scripting/monoscript/fileName/IUnityServices.cs: abc5b758eed1a2c05dfbb253b9cdf1d6 -> 
  custom:scripting/monoscript/fileName/float3x2.gen.cs: 545e8762f0e28e5bb1be1c472fa039dd -> c82cdc670988a624afef0b4a59da9960
  custom:scripting/monoscript/fileName/NativeParallelHashSet.cs: 5e2ab9cfe81e04de31d18dbafae66b8c -> 
  custom:scripting/monoscript/fileName/IScopedServiceProvider.Gen.cs: a3e3117c2208173e411da686f8072dfc -> 
  custom:scripting/monoscript/fileName/PackageRegistry.cs: 084618e5fb4441b39eee335cbd095e50 -> 
  custom:scripting/monoscript/fileName/XmlLinkedAssembly.cs: 997f803bab31374df714b0d6f004c82e -> 
  custom:scripting/monoscript/fileName/int4x2.gen.cs: 06de189ab87954f032d6395001af7bcc -> 03019ae5b6ae2c22f6bcc41f109a6f3f
  custom:scripting/monoscript/fileName/CoreMetrics.cs: ba96eafc8557f10e49a5a2dab28be8c2 -> 
  custom:scripting/monoscript/fileName/ServicesInitializationEvents.cs: 223f9edfffeabcf11135ebfb5e966647 -> 
  custom:scripting/monoscript/fileName/double3.gen.cs: 5154079fb312071cf35601a361004703 -> 377c7acd7948bf71aea5d8cf8236ee9b
  custom:scripting/monoscript/fileName/ServiceFlagRequest.cs: 81cbfe44ade2ec4f46d5579d02db90c8 -> 
  custom:scripting/monoscript/fileName/SkipLocalsInitAttribute.cs: 317e2a89b70357c20342615fd85d0395 -> e4f8d5a888902955673e1ed6a9dfb76a
  custom:scripting/monoscript/fileName/HttpRequest.cs: 32f191459fcac54e96d5c4ad496a3ed5 -> 
  custom:scripting/monoscript/fileName/ValidationResult.cs: 12d4a9b1790e80408d1518f479a1a01f -> 
  custom:scripting/monoscript/fileName/AssumeRangeAttribute.cs: a138805f6c483ab3d42e249817bdf161 -> d3abc900d6b7c73addcf3398d2779a03
  custom:scripting/monoscript/fileName/UnityProjectV1.cs: 33ee54c3546ae8cbce557ab2aca1756e -> 
  custom:scripting/monoscript/fileName/Fma.cs: 76b83bf8a5d0f959f2f96ac2bfe62268 -> 550ccd401d2d76d5e362c6ec284ceeaa
  custom:scripting/monoscript/fileName/ProjectState.cs: 5da9c4bc1768108d8af5cc6cbfdc9de1 -> 
  custom:scripting/monoscript/fileName/UnityServicesInternal.cs: 5ea85354f5b78172e34fac25411fe7cf -> 
  custom:scripting/monoscript/fileName/PreserveDependencyAttribute.cs: 7b33b3b969409f6a38fb0affb51f2db7 -> 
  custom:scripting/monoscript/fileName/IWire.cs: 30c1d87985bae6279501282a5e19ad84 -> 
  custom:scripting/monoscript/fileName/IJobParallelForDefer.cs: e07ef36294e1a6b9a754482355e9fda6 -> 
  custom:scripting/monoscript/fileName/UnityGetEnvironments200Response.cs: 337f99d16b0b96efb2206d69acad4db0 -> 
  custom:scripting/precompiled-assembly-types:Unity.Services.Core.Environments.Editor: af3b9d0f3823f38d1d2cc22aa83bd019 -> 
  custom:scripting/monoscript/fileName/OperatePackageVersionConfigProvider.cs: 67b4bf8d5d449d0353b963ad0e103a72 -> 
  custom:scripting/monoscript/fileName/float2x3.gen.cs: f18325e6146a706cc21256589a35acb7 -> dd8be2164b904b64628efafb474868f4
  custom:scripting/monoscript/fileName/IEnvironmentsApi.cs: 10309d62b29707db950e5d0457e82d84 -> 
  custom:video-encoder-webm-vp8: eb34c28f22e8b96e1ab97ce403110664 -> 
  custom:scripting/monoscript/fileName/Sse4_2.cs: 76b83bf8a5d0f959f2f96ac2bfe62268 -> 550ccd401d2d76d5e362c6ec284ceeaa
  custom:scripting/monoscript/fileName/UserRoleRequest.cs: 8307bdf9d05c66d6ad5318e52408710f -> 
  custom:scripting/monoscript/fileName/TokenExchange.cs: bbd1ed03e8e3970b0887123f043469e1 -> 
  custom:scripting/monoscript/fileName/HttpRequestExtensions.cs: 35b1178ed1fd55cb1029b0abb50d01fc -> 
  custom:scripting/monoscript/fileName/UserRoleClient.cs: 7cb9a24ca4555e83cb355dad138297b5 -> 
  custom:scripting/monoscript/fileName/EnvironmentIdentifier.cs: 39ee00a0ac13884055f18f6371bacd6d -> 
  custom:scripting/monoscript/fileName/EnvironmentsConstants.cs: 24e9760363ef695978ba684e5d610a82 -> 
  custom:scripting/monoscript/fileName/CircularDependencyException.cs: d18ff671dcc1259992ffc320a2699238 -> 
  custom:scripting/monoscript/fileName/IJobParallelForBatch.cs: adecca892a99db28fc24adbe7bd8588e -> 
  custom:scripting/monoscript/fileName/IReadOnlyObservable.Gen.cs: 90647cc400823b41df847a6cbfc29026 -> 
  custom:scripting/monoscript/fileName/ProjectBindRedirectPopupUI.cs: e3fb92bd3ee82c9407053c4d3860bb4f -> 
  custom:scripting/monoscript/fileName/Avx.cs: 869deae3083ccfe6b60b2585f9e67560 -> 790f25d56fba1e7a48c0a0766c0ad6a6
  custom:scripting/monoscript/fileName/ExternalUserId.cs: 838ec18be418bafff07b93f14174c00c -> 
  custom:scripting/monoscript/fileName/LinkFileGenerator.cs: 2f2c64524b5aa89c8b6b768e28de537b -> 2ed47bf5d52f4c1c29dec48f52ce1e5a
  custom:scripting/monoscript/fileName/EnvironmentAnalytics.cs: df86ce352df40dfa102b41458fb9f770 -> 
  custom:scripting/monoscript/fileName/ReadOnlyHttpResponse.cs: cb67b795f50400334c6da0e8ef76361d -> 
  custom:scripting/monoscript/fileName/Ssse3.cs: 869deae3083ccfe6b60b2585f9e67560 -> 790f25d56fba1e7a48c0a0766c0ad6a6
  custom:scripting/monoscript/fileName/ProductionTokenExchangeUrls.cs: d51f7b5f35d9e0171f3c69e63ce67736 -> 
  custom:scripting/monoscript/fileName/double2x4.gen.cs: a9aedae31eab942a01dd81f5ba23ebf4 -> 685c5fa921181be1c5c2624181389ad3
  custom:scripting/monoscript/fileName/IEditorGameServiceEnabler.cs: 9ba91e68464ed1031653bae083d9cbd8 -> 
  custom:scripting/monoscript/fileName/uint4.gen.cs: 51a7f5c759ac89d78a4704a138bbec45 -> 39973cd09553f87c6828ba478621c98d
  custom:scripting/monoscript/fileName/cellular2D.cs: 910f0614e94a5348f941ea0d56b2c568 -> 2eb29bf877494e27d7b8d68303a33727
  custom:scripting/monoscript/fileName/EnvironmentService.cs: 22bbc46856bf7062678eb8e6e54cf9a2 -> 
  custom:scripting/monoscript/fileName/DeserializationException.cs: 76d207fdb77fb9b4f630a482f86ccf1d -> 
  custom:scripting/monoscript/fileName/double2x3.gen.cs: ac0d6fc940b41f658b24853cf23739e5 -> 2fbeb18c538397a8260f5c41cab0741e
  custom:scripting/monoscript/fileName/JsonObject.cs: d338d25a2a0271e9ef24c000c3688ac4 -> b4314edf02dda425962de25e5c3df291
  custom:scripting/monoscript/fileName/HttpException.cs: f6827940c1f3397a3e9f5ed27d96f36c -> 
  custom:scripting/monoscript/fileName/IPackageRegistry.cs: 7ed9d4b5a0ae537ff629f057cfa10e76 -> 
  custom:scripting/precompiled-assembly-types:Mono.Cecil.Pdb: bc7bb29408e7956d980310bdeff8d6a2 -> 
  custom:scripting/monoscript/fileName/noise4D.cs: 910f0614e94a5348f941ea0d56b2c568 -> 2eb29bf877494e27d7b8d68303a33727
  custom:scripting/monoscript/fileName/FixedStringUtils.cs: 114eb023c5774372990da700f8c2456f -> 
  custom:scripting/monoscript/fileName/BurstILPostProcessor.cs: 2a5731aefd677289925bd5cd5c4ff889 -> caa97838ab13c1add4a98ae3f9820b7e
  custom:scripting/monoscript/fileName/IAnalyticsStandardEventComponent.cs: cf50b12809cbeb8dcfefaee612a9c090 -> 
  custom:scripting/monoscript/fileName/NativeBitArray.cs: 744f6e29d77560522710809b14557136 -> 
  custom:scripting/monoscript/fileName/ServiceProvider.Gen.cs: fb28411e62c1911933783faa92ae27e4 -> 
  custom:scripting/monoscript/fileName/EnvironmentServiceExtensions.cs: ac6a6c148393eb9a5f8fb75c98af0cdb -> 
  custom:scripting/monoscript/fileName/xxHash3.StreamingState.cs: 73af6f62e3ccfaecb2c43562b8c60a23 -> 
  custom:scripting/monoscript/fileName/IOrganizationHandler.cs: f8b346f72bb06934d5f47a4eb5bf2f52 -> 
  custom:scripting/monoscript/fileName/CollectionsExamples.cs: 5c3c7e50116fce8e4387bbf68d9603e4 -> 
  custom:scripting/monoscript/fileName/XmlLinkedField.cs: 58331cd1e1b9bc9099ae07f125c40794 -> 
  custom:scripting/monoscript/fileName/common.cs: 910f0614e94a5348f941ea0d56b2c568 -> 2eb29bf877494e27d7b8d68303a33727
  custom:scripting/monoscript/fileName/IRetryPolicy.cs: 39863b88ffafe612940e6739cfece6fc -> 
  custom:scripting/monoscript/fileName/InstallationId.cs: 5a83a3939f92e5bc55c8a90ccbe27d51 -> 
  custom:scripting/monoscript/fileName/uint2x2.gen.cs: 34db4f212de91eba69f70b6af2f41d23 -> ef58eafb69337704525106c30b2f9c86
  custom:scripting/monoscript/fileName/float3x3.gen.cs: 7de503ab17ef781383880adc785d106c -> 48f350102ac697de2455487383306e62
  custom:scripting/monoscript/fileName/BurstCompilerOptions.cs: 90c36f225bcaac40ff330fc8c75284d4 -> 462794c2cc7370a72a60909850bd4bd6
  custom:scripting/monoscript/fileName/float2.gen.cs: ccda4318c59b6be9ac0ec9d903bd32eb -> 6120954cdb3e1af6bb1e798ca56424e4
  custom:scripting/monoscript/fileName/bool3x3.gen.cs: 754b61059993a0b49e4b0f1336d4eca5 -> f3dd982fcc1d0b33ec635c43c306a1b8
  custom:scripting/monoscript/fileName/BurstDisassembler.Core.LLVMIR.info.cs: 924d9993bb4f5055a61b0166f627d3c3 -> b15d06942db1ac71042be253eef84e7f
  custom:scripting/monoscript/fileName/NEON_AArch64_dotprod.cs: 27dfd32aeb3aec362855d6a15ae66a4f -> 68ba95faf7f0f0403852fb6af2a2f956
  custom:scripting/monoscript/fileName/ServiceInstallationListener.cs: 4f550d886426ad05d9cb021f02f3b5c8 -> 
  custom:scripting/monoscript/fileName/NativeParallelHashSetExtensions.gen.cs: 63db070ab3fd6601a2653ee7ef6af335 -> 
  custom:scripting/monoscript/fileName/ConfigurationUtils.cs: e57894058b136700ef3ea680c0b15031 -> 
  custom:scripting/monoscript/fileName/BurstStringSearch.cs: 3c5d5bf3e7cd0a361303b76b832193e1 -> 69d0ecca394873c1593eee16bae2761c
  custom:scripting/monoscript/fileName/double4x2.gen.cs: 84122ae38bb713fba1bd132464694529 -> 530f8410a1ca9a96d8c16e723573cfae
  custom:scripting/monoscript/fileName/PackageConfig.cs: 6c65665380cc70d71f22e981e56d92cf -> 
  custom:scripting/monoscript/fileName/UnityOrganizationMemberV1.cs: 29203c4e087d3ba2203081bd2717405e -> 
  custom:scripting/monoscript/fileName/UnityServices.cs: 53288f4d4ff1211eb125ba005d646505 -> 
  custom:scripting/monoscript/fileName/ObjectController.cs: 044283c40ac33e17fa092d8d2e992738 -> 
  custom:scripting/monoscript/fileName/EditorGameServiceAnalyticsSender.cs: f578bf9cf78d5f56704a18cd36c88f9f -> 
  custom:scripting/monoscript/fileName/IAccessToken.cs: 359704d6f9862ce7f7142f3c9f3827a0 -> 
  custom:scripting/precompiled-assembly-types:Unity.Services.Core.Scheduler: c5a24b90c03f14c29ba6bebda52c3c14 -> 
  custom:scripting/monoscript/fileName/VisualElementHelper.cs: 0b84949c228ae121ca9bc47ce2ce3ccc -> 
  custom:scripting/monoscript/fileName/UnsafeText.cs: 252c4eef6eb1893b89e3a585d7b05a84 -> 
  custom:scripting/monoscript/fileName/IAnalyticsUserId.cs: c2cc7c28fd557b3f55cdf068b0502818 -> 
  custom:scripting/monoscript/fileName/UnityCreateEnvironmentRequest.cs: a9b0f13e8545f9920554463818374956 -> 
  custom:scripting/monoscript/fileName/PrimitiveVectorDrawer.cs: 29686ab5ff7580200bc34657b1e09832 -> 3e4cc385215599322653e09117c642ee
  custom:scripting/monoscript/fileName/ServiceFlagEndpoint.cs: 95ebbb4e72d70a377056cbf3d7a7020c -> 
  custom:scripting/monoscript/fileName/Sse4_1.cs: 869deae3083ccfe6b60b2585f9e67560 -> 790f25d56fba1e7a48c0a0766c0ad6a6
  custom:scripting/monoscript/fileName/EventBinding.Gen.cs: 90647cc400823b41df847a6cbfc29026 -> 
  custom:scripting/monoscript/fileName/CollectionHelper.cs: f2f5ea727aa85849eaae278bca48a36c -> 
  custom:scripting/monoscript/fileName/ICloudEnvironmentConfigurationProvider.cs: e191e2329b4561db479ad48b7fffb5d7 -> 
  custom:scripting/monoscript/fileName/ILPostProcessing.cs: 2c5fdb336ed93343a2a75af3484ca5a1 -> bf24e0d53d12752a069f04d5a4bfdf42
========================================================================
Received Import Request.
  Time since last request: 842.507001 seconds.
  path: Assets/CombatGirlsCharacterPack/School_Katana_Girl/Animations/Normal/Attack2.fbx
  artifactKey: Guid(31700544721f3674e93d606ad61dc1be) Importer(815301076,1909f56bfc062723c751e8b465ee728b)
Start importing Assets/CombatGirlsCharacterPack/School_Katana_Girl/Animations/Normal/Attack2.fbx using Guid(31700544721f3674e93d606ad61dc1be) Importer(815301076,1909f56bfc062723c751e8b465ee728b) [PhysX] Initialized MultithreadedTaskDispatcher with 12 workers.
 -> (artifact id: '6e8d761e6e73af3f274757e8919f5862') in 0.028246 seconds
Number of updated asset objects reloaded before import = 0
Number of asset objects unloaded after import = 139
========================================================================
Received Import Request.
  Time since last request: 21.876519 seconds.
  path: Assets/CombatGirlsCharacterPack/School_Katana_Girl/Animations/Normal/Run.fbx
  artifactKey: Guid(a09958e9c1b0b7747a0a6e8b24e31099) Importer(815301076,1909f56bfc062723c751e8b465ee728b)
Start importing Assets/CombatGirlsCharacterPack/School_Katana_Girl/Animations/Normal/Run.fbx using Guid(a09958e9c1b0b7747a0a6e8b24e31099) Importer(815301076,1909f56bfc062723c751e8b465ee728b) [PhysX] Initialized MultithreadedTaskDispatcher with 12 workers.
 -> (artifact id: 'ec6fc09c59fa8fdcf65bef83736be266') in 0.004588 seconds
Number of updated asset objects reloaded before import = 0
Number of asset objects unloaded after import = 139
========================================================================
Received Import Request.
  Time since last request: 10.077706 seconds.
  path: Assets/CombatGirlsCharacterPack/School_Katana_Girl/Animations/Normal/Take.fbx
  artifactKey: Guid(234c6583359144642922689cdcc39bb6) Importer(815301076,1909f56bfc062723c751e8b465ee728b)
Start importing Assets/CombatGirlsCharacterPack/School_Katana_Girl/Animations/Normal/Take.fbx using Guid(234c6583359144642922689cdcc39bb6) Importer(815301076,1909f56bfc062723c751e8b465ee728b) [PhysX] Initialized MultithreadedTaskDispatcher with 12 workers.
 -> (artifact id: '66ef714e474291bfce7af5e8dbb02ff5') in 0.005978 seconds
Number of updated asset objects reloaded before import = 0
Number of asset objects unloaded after import = 139
========================================================================
Received Import Request.
  Time since last request: 122.223658 seconds.
  path: Assets/CombatGirlsCharacterPack/School_Katana_Girl/Animations/Special/Sp_Skill2.fbx
  artifactKey: Guid(f69185797e0343a498bf1fd1b55904dd) Importer(815301076,1909f56bfc062723c751e8b465ee728b)
Start importing Assets/CombatGirlsCharacterPack/School_Katana_Girl/Animations/Special/Sp_Skill2.fbx using Guid(f69185797e0343a498bf1fd1b55904dd) Importer(815301076,1909f56bfc062723c751e8b465ee728b) [PhysX] Initialized MultithreadedTaskDispatcher with 12 workers.
 -> (artifact id: '852ed64edd6392a5e94003b287b0aa04') in 0.010292 seconds
Number of updated asset objects reloaded before import = 0
Number of asset objects unloaded after import = 139
========================================================================
Received Import Request.
  Time since last request: 0.000026 seconds.
  path: Assets/CombatGirlsCharacterPack/School_Katana_Girl/Animations/Special/Sp_Walk.fbx
  artifactKey: Guid(4f75482a2c914dc48985e9ce4142ffaa) Importer(815301076,1909f56bfc062723c751e8b465ee728b)
Start importing Assets/CombatGirlsCharacterPack/School_Katana_Girl/Animations/Special/Sp_Walk.fbx using Guid(4f75482a2c914dc48985e9ce4142ffaa) Importer(815301076,1909f56bfc062723c751e8b465ee728b) [PhysX] Initialized MultithreadedTaskDispatcher with 12 workers.
 -> (artifact id: '6ff491599d242cb00029ad46b2f902ee') in 0.006103 seconds
Number of updated asset objects reloaded before import = 0
Number of asset objects unloaded after import = 139
========================================================================
Received Import Request.
  Time since last request: 0.000021 seconds.
  path: Assets/CombatGirlsCharacterPack/School_Katana_Girl/Animations/Special/Sp_Skill3.fbx
  artifactKey: Guid(da539cbfcad3e8142b3d4f166a8d5dc6) Importer(815301076,1909f56bfc062723c751e8b465ee728b)
Start importing Assets/CombatGirlsCharacterPack/School_Katana_Girl/Animations/Special/Sp_Skill3.fbx using Guid(da539cbfcad3e8142b3d4f166a8d5dc6) Importer(815301076,1909f56bfc062723c751e8b465ee728b) [PhysX] Initialized MultithreadedTaskDispatcher with 12 workers.
 -> (artifact id: '643d68f762f6f9a2b2ee63448c948f87') in 0.005330 seconds
Number of updated asset objects reloaded before import = 0
Number of asset objects unloaded after import = 139
Editor requested this worker to shutdown with reason: Scaling down because of idle timeout
TcpMessagingSession - receive error: operation aborted. errorcode: 995, details: スレッドの終了またはアプリケーションの要求によって、I/O 処理は中止されました。
AssetImportWorker is now disconnected from the server
Process exiting
Exiting without the bug reporter. Application will terminate with return code 0